ISO-10303-21;
HEADER;
FILE_DESCRIPTION (( 'STEP AP203' ),
    '1' );
FILE_NAME ('2208Ö±Á÷ÎÞË¢µç»ú×°ÅäÌå.STEP',
    '2024-12-28T03:36:54',
    ( '' ),
    ( '' ),
    'SwSTEP 2.0',
    'SolidWorks 2024',
    '' );
FILE_SCHEMA (( 'CONFIG_CONTROL_DESIGN' ));
ENDSEC;

DATA;
#1 = ORIENTED_EDGE ( 'NONE', *, *, #6262, .F. ) ;
#2 = EDGE_LOOP ( 'NONE', ( #5827, #4139 ) ) ;
#3 = CIRCLE ( 'NONE', #3894, 11.00000000000000000 ) ;
#4 = CARTESIAN_POINT ( 'NONE',  ( 0.000000000000000000, 8.000000000000000000, 0.000000000000000000 ) ) ;
#5 = DIRECTION ( 'NONE',  ( 0.000000000000000000, -1.000000000000000000, 0.000000000000000000 ) ) ;
#6 = VECTOR ( 'NONE', #1288, 1000.000000000000114 ) ;
#7 = CARTESIAN_POINT ( 'NONE',  ( 0.000000000000000000, 8.000000000000000000, 0.000000000000000000 ) ) ;
#8 = ORIENTED_EDGE ( 'NONE', *, *, #620, .F. ) ;
#9 = ORIENTED_EDGE ( 'NONE', *, *, #6710, .F. ) ;
#10 = LINE ( 'NONE', #134, #329 ) ;
#11 = FACE_OUTER_BOUND ( 'NONE', #5745, .T. ) ;
#12 = CARTESIAN_POINT ( 'NONE',  ( 7.070663706551857608, 16.00000000000000000, 8.426488874308819987 ) ) ;
#13 = CIRCLE ( 'NONE', #4452, 13.79999999999999893 ) ;
#14 = CLOSED_SHELL ( 'NONE', ( #8213, #2856, #3293, #1142, #2951, #4478, #4769, #110 ) ) ;
#15 = EDGE_CURVE ( 'NONE', #1559, #4329, #2552, .T. ) ;
#16 = VERTEX_POINT ( 'NONE', #430 ) ;
#17 = CIRCLE ( 'NONE', #4857, 0.7999999999999933831 ) ;
#18 = DIRECTION ( 'NONE',  ( 0.7071067811865474617, 0.000000000000000000, -0.7071067811865476838 ) ) ;
#19 = FACE_OUTER_BOUND ( 'NONE', #8105, .T. ) ;
#20 = EDGE_CURVE ( 'NONE', #8062, #7540, #4168, .T. ) ;
#21 = EDGE_LOOP ( 'NONE', ( #1394, #52, #3899, #4393 ) ) ;
#22 = DIRECTION ( 'NONE',  ( -0.000000000000000000, 1.000000000000000000, -0.000000000000000000 ) ) ;
#23 = DIRECTION ( 'NONE',  ( -1.000000000000000000, 0.000000000000000000, 0.000000000000000000 ) ) ;
#24 = CARTESIAN_POINT ( 'NONE',  ( -11.65227581055637529, 5.930672549045240771, -2.869640288731233557 ) ) ;
#25 = EDGE_CURVE ( 'NONE', #7357, #7363, #3, .T. ) ;
#26 = CIRCLE ( 'NONE', #4862, 5.000000000000000000 ) ;
#27 = DIRECTION ( 'NONE',  ( 0.000000000000000000, 0.000000000000000000, 1.000000000000000000 ) ) ;
#28 = CARTESIAN_POINT ( 'NONE',  ( -12.37865191399589193, 4.223722372889497478, -12.37865191399588483 ) ) ;
#29 = ORIENTED_EDGE ( 'NONE', *, *, #7568, .T. ) ;
#30 = AXIS2_PLACEMENT_3D ( 'NONE', #2800, #4100, #1660 ) ;
#31 = ORIENTED_EDGE ( 'NONE', *, *, #5192, .T. ) ;
#32 = CARTESIAN_POINT ( 'NONE',  ( -12.93653194863400202, 6.000000000000000000, -4.804803964988765053 ) ) ;
#33 = LINE ( 'NONE', #3237, #132 ) ;
#34 = DIRECTION ( 'NONE',  ( -0.000000000000000000, -1.000000000000000000, -0.000000000000000000 ) ) ;
#35 = LINE ( 'NONE', #6466, #3048 ) ;
#36 = ADVANCED_FACE ( 'NONE', ( #1725 ), #302, .T. ) ;
#37 = EDGE_CURVE ( 'NONE', #712, #7026, #6308, .T. ) ;
#38 = VECTOR ( 'NONE', #168, 1000.000000000000000 ) ;
#39 = EDGE_LOOP ( 'NONE', ( #3343, #4630, #925, #3191 ) ) ;
#40 = FACE_OUTER_BOUND ( 'NONE', #3829, .T. ) ;
#41 = ORIENTED_EDGE ( 'NONE', *, *, #6196, .T. ) ;
#42 = FACE_OUTER_BOUND ( 'NONE', #2898, .T. ) ;
#43 = ORIENTED_EDGE ( 'NONE', *, *, #1487, .T. ) ;
#44 = ORIENTED_EDGE ( 'NONE', *, *, #20, .F. ) ;
#45 = AXIS2_PLACEMENT_3D ( 'NONE', #1122, #6245, #1798 ) ;
#46 = FACE_OUTER_BOUND ( 'NONE', #3576, .T. ) ;
#47 = DIRECTION ( 'NONE',  ( 0.000000000000000000, -1.000000000000000000, 0.000000000000000000 ) ) ;
#48 = EDGE_CURVE ( 'NONE', #5559, #7891, #8216, .T. ) ;
#49 = CIRCLE ( 'NONE', #1803, 2.199999999999997957 ) ;
#50 = DIRECTION ( 'NONE',  ( -0.9396926207859045421, 0.000000000000000000, -0.3420201433256794821 ) ) ;
#51 = EDGE_LOOP ( 'NONE', ( #8070, #2614, #5973, #6502, #7187 ) ) ;
#52 = ORIENTED_EDGE ( 'NONE', *, *, #5204, .F. ) ;
#53 = CARTESIAN_POINT ( 'NONE',  ( -8.480487417368530956, 2.000000000000000000, 4.281510617043302602 ) ) ;
#54 = CARTESIAN_POINT ( 'NONE',  ( 3.175740725761735828, 4.705463247500000890, -13.42961918032008661 ) ) ;
#55 = DIRECTION ( 'NONE',  ( -0.7071067811865475727, 0.000000000000000000, -0.7071067811865475727 ) ) ;
#56 = CIRCLE ( 'NONE', #1666, 1.249999999999987121 ) ;
#57 = EDGE_CURVE ( 'NONE', #2234, #7753, #2225, .T. ) ;
#58 = AXIS2_PLACEMENT_3D ( 'NONE', #6633, #4071, #204 ) ;
#59 = ORIENTED_EDGE ( 'NONE', *, *, #2668, .T. ) ;
#60 = CIRCLE ( 'NONE', #6909, 0.5999999999999983125 ) ;
#61 = DIRECTION ( 'NONE',  ( 0.000000000000000000, 0.000000000000000000, 1.000000000000000000 ) ) ;
#62 = CARTESIAN_POINT ( 'NONE',  ( 5.041970302557169603, 15.50000000000000000, -0.6587826417294638803 ) ) ;
#63 = ORIENTED_EDGE ( 'NONE', *, *, #6790, .T. ) ;
#64 = CARTESIAN_POINT ( 'NONE',  ( 11.51359854670573135, 3.000000000000000000, 3.381870563060588086 ) ) ;
#65 = FACE_OUTER_BOUND ( 'NONE', #5566, .T. ) ;
#66 = CARTESIAN_POINT ( 'NONE',  ( 0.000000000000000000, 16.50000000000000711, 0.000000000000000000 ) ) ;
#67 = EDGE_CURVE ( 'NONE', #4662, #1591, #4959, .T. ) ;
#68 = DIRECTION ( 'NONE',  ( 0.9396926207859034319, 0.000000000000000000, 0.3420201433256826462 ) ) ;
#69 = AXIS2_PLACEMENT_3D ( 'NONE', #648, #1239, #609 ) ;
#70 = ORIENTED_EDGE ( 'NONE', *, *, #8022, .T. ) ;
#71 =( LENGTH_UNIT ( ) NAMED_UNIT ( * ) SI_UNIT ( .MILLI., .METRE. ) );
#72 = ORIENTED_EDGE ( 'NONE', *, *, #2767, .F. ) ;
#73 = CARTESIAN_POINT ( 'NONE',  ( -1.634566560650552614, 4.601452196719948873, 11.88815344783905026 ) ) ;
#74 = CARTESIAN_POINT ( 'NONE',  ( 0.000000000000000000, 16.00000000000000000, 0.000000000000000000 ) ) ;
#75 = PLANE ( 'NONE',  #5529 ) ;
#76 = CARTESIAN_POINT ( 'NONE',  ( -12.95939174259949844, 5.866954954446399029, -12.95939174259949489 ) ) ;
#77 = AXIS2_PLACEMENT_3D ( 'NONE', #1564, #272, #7333 ) ;
#78 = ORIENTED_EDGE ( 'NONE', *, *, #8336, .F. ) ;
#79 = CARTESIAN_POINT ( 'NONE',  ( -4.804803964988719756, 6.000000000000000000, 12.93653194863401978 ) ) ;
#80 = ORIENTED_EDGE ( 'NONE', *, *, #4111, .T. ) ;
#81 = CARTESIAN_POINT ( 'NONE',  ( -10.33661882864501358, 16.00000000000000000, 3.762221576582292837 ) ) ;
#82 = VERTEX_POINT ( 'NONE', #2902 ) ;
#83 = EDGE_CURVE ( 'NONE', #5911, #2613, #7541, .T. ) ;
#84 = EDGE_LOOP ( 'NONE', ( #1272, #4256, #7865, #2768, #816 ) ) ;
#85 = DIRECTION ( 'NONE',  ( 0.000000000000000000, 1.000000000000000000, 0.000000000000000000 ) ) ;
#86 = CIRCLE ( 'NONE', #6667, 12.00000000000000178 ) ;
#87 = CYLINDRICAL_SURFACE ( 'NONE', #1555, 5.000000000000001776 ) ;
#88 = AXIS2_PLACEMENT_3D ( 'NONE', #3199, #2606, #710 ) ;
#89 = DIRECTION ( 'NONE',  ( 0.000000000000000000, 0.000000000000000000, -1.000000000000000000 ) ) ;
#90 = VERTEX_POINT ( 'NONE', #7742 ) ;
#91 = AXIS2_PLACEMENT_3D ( 'NONE', #1271, #1230, #3838 ) ;
#92 = ORIENTED_EDGE ( 'NONE', *, *, #1020, .F. ) ;
#93 = DIRECTION ( 'NONE',  ( 1.000000000000000000, 0.000000000000000000, -3.154042683594197586E-15 ) ) ;
#94 = CARTESIAN_POINT ( 'NONE',  ( 3.422448658948068267, 5.282928044613606211, -13.36904002184133589 ) ) ;
#95 = DIRECTION ( 'NONE',  ( 0.7071067811865474617, 0.000000000000000000, -0.7071067811865476838 ) ) ;
#96 = ORIENTED_EDGE ( 'NONE', *, *, #964, .T. ) ;
#97 = DIRECTION ( 'NONE',  ( -0.000000000000000000, -1.000000000000000000, -0.000000000000000000 ) ) ;
#98 = EDGE_CURVE ( 'NONE', #7830, #1551, #3861, .T. ) ;
#99 = EDGE_CURVE ( 'NONE', #625, #5972, #2556, .T. ) ;
#100 = CIRCLE ( 'NONE', #3735, 1.317565283458833170 ) ;
#101 = DIRECTION ( 'NONE',  ( 0.000000000000000000, 0.000000000000000000, 1.000000000000000000 ) ) ;
#102 = ORIENTED_EDGE ( 'NONE', *, *, #57, .T. ) ;
#103 = DIRECTION ( 'NONE',  ( 0.8660254037844432595, 0.000000000000000000, -0.4999999999999920064 ) ) ;
#104 = CARTESIAN_POINT ( 'NONE',  ( -10.56536461825805517, 16.50000000000000711, -8.799748319313506428 ) ) ;
#105 = CARTESIAN_POINT ( 'NONE',  ( 11.09555992249991441, 13.50000000000000178, 3.866658765163240918 ) ) ;
#106 = VECTOR ( 'NONE', #6795, 1000.000000000000000 ) ;
#107 = DIRECTION ( 'NONE',  ( 0.000000000000000000, 0.000000000000000000, 1.000000000000000000 ) ) ;
#108 = ORIENTED_EDGE ( 'NONE', *, *, #4030, .F. ) ;
#109 = SHAPE_DEFINITION_REPRESENTATION ( #6762, #6688 ) ;
#110 = ADVANCED_FACE ( 'NONE', ( #1336 ), #5124, .F. ) ;
#111 = ORIENTED_EDGE ( 'NONE', *, *, #5217, .T. ) ;
#112 = CARTESIAN_POINT ( 'NONE',  ( -3.381870563060467738, 5.999999999999998224, 11.51359854670576333 ) ) ;
#113 = AXIS2_PLACEMENT_3D ( 'NONE', #6512, #6346, #8317 ) ;
#114 = DIRECTION ( 'NONE',  ( -0.7071067811865470176, 0.000000000000000000, -0.7071067811865480168 ) ) ;
#115 = LINE ( 'NONE', #2771, #3252 ) ;
#116 = FACE_OUTER_BOUND ( 'NONE', #3952, .T. ) ;
#117 = SECURITY_CLASSIFICATION ( '', '', #1373 ) ;
#118 = EDGE_LOOP ( 'NONE', ( #474, #4520, #4245, #6509 ) ) ;
#119 = DIRECTION ( 'NONE',  ( 0.000000000000000000, 0.000000000000000000, 1.000000000000000000 ) ) ;
#120 = VERTEX_POINT ( 'NONE', #8264 ) ;
#121 = CARTESIAN_POINT ( 'NONE',  ( -9.017551395682435356, 4.435569463351222375, -8.169023258258571119 ) ) ;
#122 = ORIENTED_EDGE ( 'NONE', *, *, #7432, .T. ) ;
#123 = DIRECTION ( 'NONE',  ( -0.8660254037844397068, 0.000000000000000000, 0.4999999999999979461 ) ) ;
#124 = ORIENTED_EDGE ( 'NONE', *, *, #5614, .F. ) ;
#125 = EDGE_CURVE ( 'NONE', #2601, #7876, #1886, .T. ) ;
#126 = SHAPE_REPRESENTATION ( '2208\X2\76f46d4165e052377535673a\X0\-\X2\5b9a5b50\X0\', ( #7789 ), #268 ) ;
#127 = CARTESIAN_POINT ( 'NONE',  ( 11.75000000000000178, 15.50000000000000000, 0.000000000000000000 ) ) ;
#128 = CARTESIAN_POINT ( 'NONE',  ( 0.000000000000000000, 8.000000000000000000, 0.000000000000000000 ) ) ;
#129 = EDGE_CURVE ( 'NONE', #1647, #5141, #6177, .T. ) ;
#130 = CARTESIAN_POINT ( 'NONE',  ( 0.000000000000000000, 16.00100000000000122, 0.000000000000000000 ) ) ;
#131 = ORIENTED_EDGE ( 'NONE', *, *, #1351, .T. ) ;
#132 = VECTOR ( 'NONE', #2478, 1000.000000000000000 ) ;
#133 = ORIENTED_EDGE ( 'NONE', *, *, #7745, .F. ) ;
#134 = CARTESIAN_POINT ( 'NONE',  ( -1.710100716628297102, 16.00000000000000000, -4.698463103929558571 ) ) ;
#135 = DIRECTION ( 'NONE',  ( 0.000000000000000000, 1.000000000000000000, 0.000000000000000000 ) ) ;
#136 = CARTESIAN_POINT ( 'NONE',  ( 0.000000000000000000, 2.000000000000000000, 8.000000000000000000 ) ) ;
#137 = CIRCLE ( 'NONE', #4845, 1.500000000000000222 ) ;
#138 = ORIENTED_EDGE ( 'NONE', *, *, #8324, .F. ) ;
#139 = ADVANCED_FACE ( 'NONE', ( #3743 ), #6972, .T. ) ;
#140 = EDGE_CURVE ( 'NONE', #3628, #2734, #627, .T. ) ;
#141 = VERTEX_POINT ( 'NONE', #4537 ) ;
#142 = DIRECTION ( 'NONE',  ( 0.06906319355583273589, 0.000000000000000000, -0.9976122870613961524 ) ) ;
#143 = DIRECTION ( 'NONE',  ( 0.000000000000000000, -1.000000000000000000, 0.000000000000000000 ) ) ;
#144 = AXIS2_PLACEMENT_3D ( 'NONE', #4219, #6782, #6739 ) ;
#145 = CARTESIAN_POINT ( 'NONE',  ( -3.213938048432717132, 16.00000000000000000, 3.830222215594873081 ) ) ;
#146 = CLOSED_SHELL ( 'NONE', ( #7092, #4414, #3508, #1618, #996, #1384, #3477, #1155 ) ) ;
#147 = CARTESIAN_POINT ( 'NONE',  ( 4.924038765061045098, 16.00000000000000000, -0.8682408883346200978 ) ) ;
#148 = FACE_OUTER_BOUND ( 'NONE', #1016, .T. ) ;
#149 = EDGE_CURVE ( 'NONE', #3036, #7993, #33, .T. ) ;
#150 = VECTOR ( 'NONE', #1737, 1000.000000000000000 ) ;
#151 = DIRECTION ( 'NONE',  ( -0.3420201433256727652, 0.000000000000000000, 0.9396926207859068736 ) ) ;
#152 = ORIENTED_EDGE ( 'NONE', *, *, #1942, .F. ) ;
#153 = PERSON_AND_ORGANIZATION_ROLE ( 'design_owner' ) ;
#154 = PERSON ( 'NAUO-PER2', 'UNSPECIFIED', 'UNSPECIFIED', ('UNSPECIFIED'), ('UNSPECIFIED'), ('UNSPECIFIED') ) ;
#155 = ORIENTED_EDGE ( 'NONE', *, *, #3087, .T. ) ;
#156 = CARTESIAN_POINT ( 'NONE',  ( 9.734136008177348032, 5.999999999999998224, -17.86586399182264628 ) ) ;
#157 = FACE_OUTER_BOUND ( 'NONE', #6865, .T. ) ;
#158 = AXIS2_PLACEMENT_3D ( 'NONE', #3718, #7472, #2964 ) ;
#159 = DIRECTION ( 'NONE',  ( -0.4999999999999949485, 0.000000000000000000, -0.8660254037844415942 ) ) ;
#160 = DIRECTION ( 'NONE',  ( 0.8294259869447374589, -0.000000000000000000, -0.5586166236165444055 ) ) ;
#161 = EDGE_CURVE ( 'NONE', #3635, #3244, #1477, .T. ) ;
#162 = EDGE_LOOP ( 'NONE', ( #4021, #7710 ) ) ;
#163 = AXIS2_PLACEMENT_3D ( 'NONE', #4855, #7430, #7431 ) ;
#164 = FACE_OUTER_BOUND ( 'NONE', #7138, .T. ) ;
#165 = ORIENTED_EDGE ( 'NONE', *, *, #48, .T. ) ;
#166 = FACE_OUTER_BOUND ( 'NONE', #8260, .T. ) ;
#167 = ORIENTED_EDGE ( 'NONE', *, *, #229, .T. ) ;
#168 = DIRECTION ( 'NONE',  ( -0.7071067811865470176, 0.000000000000000000, -0.7071067811865480168 ) ) ;
#169 = ORIENTED_EDGE ( 'NONE', *, *, #5367, .T. ) ;
#170 = CARTESIAN_POINT ( 'NONE',  ( 5.273018338884864598, 2.000000000000000000, -10.44438976665385610 ) ) ;
#171 = DIRECTION ( 'NONE',  ( -0.5000000000000009992, 0.000000000000000000, 0.8660254037844380415 ) ) ;
#172 = AXIS2_PLACEMENT_3D ( 'NONE', #3820, #4458, #6380 ) ;
#173 = EDGE_CURVE ( 'NONE', #3244, #4259, #5789, .T. ) ;
#174 = ADVANCED_FACE ( 'NONE', ( #5001 ), #5165, .F. ) ;
#175 = CARTESIAN_POINT ( 'NONE',  ( 3.381870563060469070, 3.000000000000000000, -11.51359854670576510 ) ) ;
#176 = ORIENTED_EDGE ( 'NONE', *, *, #7683, .T. ) ;
#177 = AXIS2_PLACEMENT_3D ( 'NONE', #4688, #2078, #5275 ) ;
#178 = EDGE_CURVE ( 'NONE', #6306, #4823, #3091, .T. ) ;
#179 = VERTEX_POINT ( 'NONE', #7661 ) ;
#180 = DIRECTION ( 'NONE',  ( -0.9848077530122092416, 0.000000000000000000, 0.1736481776669237809 ) ) ;
#181 = FACE_BOUND ( 'NONE', #5029, .T. ) ;
#182 = CARTESIAN_POINT ( 'NONE',  ( -3.176412064022023696, 4.500000000000001776, -13.42946039122701762 ) ) ;
#183 = AXIS2_PLACEMENT_3D ( 'NONE', #6399, #3800, #1744 ) ;
#184 = VERTEX_POINT ( 'NONE', #3108 ) ;
#185 = DIRECTION ( 'NONE',  ( 0.8294259869447374589, 0.000000000000000000, -0.5586166236165445165 ) ) ;
#186 = EDGE_LOOP ( 'NONE', ( #2570, #1898, #6888, #551, #1042, #6276, #7747 ) ) ;
#187 = CARTESIAN_POINT ( 'NONE',  ( -2.268672570207777905, 17.50000000000000000, 12.54653835801679485 ) ) ;
#188 = DIRECTION ( 'NONE',  ( -0.000000000000000000, -1.000000000000000000, 0.000000000000000000 ) ) ;
#189 = AXIS2_PLACEMENT_3D ( 'NONE', #678, #7113, #3371 ) ;
#190 = DIRECTION ( 'NONE',  ( 0.000000000000000000, -1.000000000000000000, 0.000000000000000000 ) ) ;
#191 = EDGE_CURVE ( 'NONE', #2275, #2093, #8179, .T. ) ;
#192 = CARTESIAN_POINT ( 'NONE',  ( -5.273018338884787326, 0.000000000000000000, -10.44438976665389518 ) ) ;
#193 = DIRECTION ( 'NONE',  ( 0.000000000000000000, 0.000000000000000000, 1.000000000000000000 ) ) ;
#194 = AXIS2_PLACEMENT_3D ( 'NONE', #2855, #962, #5334 ) ;
#195 = VECTOR ( 'NONE', #240, 1000.000000000000000 ) ;
#196 = CARTESIAN_POINT ( 'NONE',  ( 3.213938048432689598, 16.00000000000000000, -3.830222215594895729 ) ) ;
#197 = ORIENTED_EDGE ( 'NONE', *, *, #7368, .F. ) ;
#198 = DATE_AND_TIME ( #7179, #1740 ) ;
#199 = VERTEX_POINT ( 'NONE', #1850 ) ;
#200 = CARTESIAN_POINT ( 'NONE',  ( -2.675146350482536128, 3.135758871753034693, 11.69845770551191855 ) ) ;
#201 = VECTOR ( 'NONE', #449, 1000.000000000000000 ) ;
#202 = CYLINDRICAL_SURFACE ( 'NONE', #5371, 1.499999999999999556 ) ;
#203 = CARTESIAN_POINT ( 'NONE',  ( 1.910129954336199143, 8.000000000000000000, -10.83288528313429389 ) ) ;
#204 = DIRECTION ( 'NONE',  ( -1.000000000000000000, -6.285229985423214289E-17, 0.000000000000000000 ) ) ;
#205 = B_SPLINE_CURVE_WITH_KNOTS ( 'NONE', 3,
 ( #104, #5945, #866, #5236 ),
 .UNSPECIFIED., .F., .F.,
 ( 4, 4 ),
 ( 2.835790007794667448E-07, 0.001418470318416954930 ),
 .UNSPECIFIED. ) ;
#206 = AXIS2_PLACEMENT_3D ( 'NONE', #6487, #2708, #730 ) ;
#207 = ORIENTED_EDGE ( 'NONE', *, *, #6166, .T. ) ;
#208 = CARTESIAN_POINT ( 'NONE',  ( 5.888972745734207592, 15.50000000000000000, 3.399999999999942624 ) ) ;
#209 = VERTEX_POINT ( 'NONE', #2521 ) ;
#210 = FACE_OUTER_BOUND ( 'NONE', #7242, .T. ) ;
#211 = EDGE_LOOP ( 'NONE', ( #4085, #2531, #415, #309, #4470 ) ) ;
#212 = ADVANCED_FACE ( 'NONE', ( #4420 ), #1892, .F. ) ;
#213 = CARTESIAN_POINT ( 'NONE',  ( -13.41749558849052448, 4.082774545347441553, 3.227990041861951820 ) ) ;
#214 = ADVANCED_FACE ( 'NONE', ( #3194 ), #6338, .F. ) ;
#215 = ORIENTED_EDGE ( 'NONE', *, *, #6134, .F. ) ;
#216 = CARTESIAN_POINT ( 'NONE',  ( -11.85632219941694032, 5.212579848605461308, 1.852147502320788730 ) ) ;
#217 = VECTOR ( 'NONE', #1904, 1000.000000000000114 ) ;
#218 = ADVANCED_FACE ( 'NONE', ( #791 ), #1210, .T. ) ;
#219 = CARTESIAN_POINT ( 'NONE',  ( -2.338123282305824446, 16.50000000000000711, 13.54974831931351886 ) ) ;
#220 = UNCERTAINTY_MEASURE_WITH_UNIT (LENGTH_MEASURE( 1.000000000000000082E-05 ), #71, 'distance_accuracy_value', 'NONE');
#221 = CARTESIAN_POINT ( 'NONE',  ( -0.8682408883346373063, 16.00000000000000000, -4.924038765061042433 ) ) ;
#222 = ORIENTED_EDGE ( 'NONE', *, *, #6062, .F. ) ;
#223 = ORIENTED_EDGE ( 'NONE', *, *, #6574, .T. ) ;
#224 = CIRCLE ( 'NONE', #2639, 2.199999999999997957 ) ;
#225 = ADVANCED_FACE ( 'NONE', ( #7183 ), #7268, .F. ) ;
#226 = CARTESIAN_POINT ( 'NONE',  ( -13.22718005141974906, 4.223722372889497478, -11.53012377657202947 ) ) ;
#227 = DIRECTION ( 'NONE',  ( 0.000000000000000000, -1.000000000000000000, 0.000000000000000000 ) ) ;
#228 = LINE ( 'NONE', #1358, #1684 ) ;
#229 = EDGE_CURVE ( 'NONE', #3669, #4447, #3440, .T. ) ;
#230 = AXIS2_PLACEMENT_3D ( 'NONE', #6973, #1219, #4960 ) ;
#231 = VERTEX_POINT ( 'NONE', #747 ) ;
#232 = AXIS2_PLACEMENT_3D ( 'NONE', #8010, #1475, #2869 ) ;
#233 = PLANE ( 'NONE',  #2233 ) ;
#234 = ORIENTED_EDGE ( 'NONE', *, *, #323, .T. ) ;
#235 = CARTESIAN_POINT ( 'NONE',  ( -1.777088338804396761, 17.50000000000000000, 5.445643595929330338 ) ) ;
#236 = CARTESIAN_POINT ( 'NONE',  ( -5.273018338884787326, 2.000000000000000000, -10.44438976665389518 ) ) ;
#237 = DIRECTION ( 'NONE',  ( 0.000000000000000000, -1.000000000000000000, 0.000000000000000000 ) ) ;
#238 = AXIS2_PLACEMENT_3D ( 'NONE', #5212, #1978, #5795 ) ;
#239 = LINE ( 'NONE', #4016, #8225 ) ;
#240 = DIRECTION ( 'NONE',  ( -0.000000000000000000, 1.000000000000000000, -0.000000000000000000 ) ) ;
#241 = VECTOR ( 'NONE', #3816, 1000.000000000000000 ) ;
#242 = EDGE_CURVE ( 'NONE', #4750, #4123, #4841, .T. ) ;
#243 = LINE ( 'NONE', #4736, #5482 ) ;
#244 = ORIENTED_EDGE ( 'NONE', *, *, #4325, .T. ) ;
#245 = MECHANICAL_CONTEXT ( 'NONE', #4357, 'mechanical' ) ;
#246 = ORIENTED_EDGE ( 'NONE', *, *, #5922, .F. ) ;
#247 = LINE ( 'NONE', #1415, #7977 ) ;
#248 = CARTESIAN_POINT ( 'NONE',  ( -9.034744585100792591, 7.242608629440185020, -10.73180085994851751 ) ) ;
#249 = FACE_OUTER_BOUND ( 'NONE', #809, .T. ) ;
#250 = AXIS2_PLACEMENT_3D ( 'NONE', #612, #18, #7000 ) ;
#251 = CARTESIAN_POINT ( 'NONE',  ( -3.827521524628622274, 17.50000000000000000, -4.261825444138377605 ) ) ;
#252 = ORIENTED_EDGE ( 'NONE', *, *, #5759, .F. ) ;
#253 = CARTESIAN_POINT ( 'NONE',  ( 0.000000000000000000, 8.000000000000000000, 0.000000000000000000 ) ) ;
#254 = EDGE_LOOP ( 'NONE', ( #1436, #4890 ) ) ;
#255 = AXIS2_PLACEMENT_3D ( 'NONE', #2138, #7875, #6639 ) ;
#256 = CARTESIAN_POINT ( 'NONE',  ( 0.000000000000000000, 16.50000000000000711, 0.000000000000000000 ) ) ;
#257 = VERTEX_POINT ( 'NONE', #2770 ) ;
#258 = CARTESIAN_POINT ( 'NONE',  ( 0.000000000000000000, 8.000000000000000000, 0.000000000000000000 ) ) ;
#259 = ORIENTED_EDGE ( 'NONE', *, *, #7503, .F. ) ;
#260 = CARTESIAN_POINT ( 'NONE',  ( -11.62823338160504960, 5.965069076469187159, 2.970797266811536996 ) ) ;
#261 = CARTESIAN_POINT ( 'NONE',  ( 1.649317299085332422, 4.286686888093948156, 11.88614899282778836 ) ) ;
#262 = APPROVAL_PERSON_ORGANIZATION ( #3939, #6073, #5868 ) ;
#263 = EDGE_CURVE ( 'NONE', #8001, #1948, #3318, .T. ) ;
#264 = EDGE_CURVE ( 'NONE', #6390, #7363, #7786, .T. ) ;
#265 = CARTESIAN_POINT ( 'NONE',  ( -9.883272722524649723, 7.242608629440185020, -9.883272722524660381 ) ) ;
#266 = ORIENTED_EDGE ( 'NONE', *, *, #1360, .F. ) ;
#267 = ORIENTED_EDGE ( 'NONE', *, *, #639, .T. ) ;
#268 =( GEOMETRIC_REPRESENTATION_CONTEXT ( 3 ) GLOBAL_UNCERTAINTY_ASSIGNED_CONTEXT ( ( #220 ) ) GLOBAL_UNIT_ASSIGNED_CONTEXT ( ( #71, #2517, #2640 ) ) REPRESENTATION_CONTEXT ( 'NONE', 'WORKASPACE' ) );
#269 = ORIENTED_EDGE ( 'NONE', *, *, #1132, .F. ) ;
#270 = DIRECTION ( 'NONE',  ( 0.000000000000000000, 1.000000000000000000, 0.000000000000000000 ) ) ;
#271 = DIRECTION ( 'NONE',  ( 0.000000000000000000, -1.000000000000000000, 0.000000000000000000 ) ) ;
#272 = DIRECTION ( 'NONE',  ( 0.000000000000000000, 1.000000000000000000, 0.000000000000000000 ) ) ;
#273 = ORIENTED_EDGE ( 'NONE', *, *, #7245, .F. ) ;
#274 = LOCAL_TIME ( 11, 36, 54.00000000000000000, #7688 ) ;
#275 = ADVANCED_FACE ( 'NONE', ( #1416 ), #5238, .T. ) ;
#276 = AXIS2_PLACEMENT_3D ( 'NONE', #546, #1176, #5709 ) ;
#277 = CARTESIAN_POINT ( 'NONE',  ( 0.000000000000000000, -8.899999999999998579, 0.000000000000000000 ) ) ;
#278 = VERTEX_POINT ( 'NONE', #6546 ) ;
#279 = CARTESIAN_POINT ( 'NONE',  ( 1.683889348827611048E-15, 1.224646799147353256E-15, 13.75000000000000178 ) ) ;
#280 = DIRECTION ( 'NONE',  ( -0.06906319355582569985, 0.000000000000000000, 0.9976122870613967075 ) ) ;
#281 = DIRECTION ( 'NONE',  ( 0.9976122870613959304, 0.000000000000000000, -0.06906319355583728781 ) ) ;
#282 = CARTESIAN_POINT ( 'NONE',  ( 0.000000000000000000, 8.000000000000000000, 0.000000000000000000 ) ) ;
#283 = CARTESIAN_POINT ( 'NONE',  ( -5.041970302557174044, 13.50000000000000178, 0.6587826417294287973 ) ) ;
#284 = AXIS2_PLACEMENT_3D ( 'NONE', #1583, #6718, #5581 ) ;
#285 = ADVANCED_FACE ( 'NONE', ( #7222 ), #5871, .T. ) ;
#286 = VECTOR ( 'NONE', #4776, 1000.000000000000000 ) ;
#287 = DIRECTION ( 'NONE',  ( 0.000000000000000000, 1.000000000000000000, 0.000000000000000000 ) ) ;
#288 = ORIENTED_EDGE ( 'NONE', *, *, #6781, .F. ) ;
#289 = EDGE_LOOP ( 'NONE', ( #3171, #5340 ) ) ;
#290 = CARTESIAN_POINT ( 'NONE',  ( 13.25101032785053512, 5.721338235320151178, 3.857094134006491259 ) ) ;
#291 = LINE ( 'NONE', #7350, #7674 ) ;
#292 = CARTESIAN_POINT ( 'NONE',  ( -12.90348790056393469, 16.50000000000000711, 4.750000000000031086 ) ) ;
#293 = DIRECTION ( 'NONE',  ( 0.8294259869447440092, -0.000000000000000000, 0.5586166236165348575 ) ) ;
#294 = AXIS2_PLACEMENT_3D ( 'NONE', #5167, #7743, #7505 ) ;
#295 = CLOSED_SHELL ( 'NONE', ( #6345, #1440, #174, #3369, #7686, #3890, #2173, #6239 ) ) ;
#296 = CARTESIAN_POINT ( 'NONE',  ( -10.30753679123658451, 4.435569463351222375, -9.459008653812727374 ) ) ;
#297 = EDGE_LOOP ( 'NONE', ( #717, #7769 ) ) ;
#298 = DIRECTION ( 'NONE',  ( -0.3420201433256596646, 0.000000000000000000, -0.9396926207859116476 ) ) ;
#299 = VECTOR ( 'NONE', #3187, 1000.000000000000227 ) ;
#300 = EDGE_LOOP ( 'NONE', ( #1, #5225 ) ) ;
#301 = CARTESIAN_POINT ( 'NONE',  ( -12.24009147621578464, 5.417892839593012155, -10.54303520136807037 ) ) ;
#302 = CYLINDRICAL_SURFACE ( 'NONE', #1609, 13.75000000000000178 ) ;
#303 = CARTESIAN_POINT ( 'NONE',  ( -11.72071612760135650, 5.821106666831882492, 2.575615946295803926 ) ) ;
#304 = EDGE_CURVE ( 'NONE', #4553, #8062, #4617, .T. ) ;
#305 = ADVANCED_FACE ( 'NONE', ( #157 ), #202, .F. ) ;
#306 = DIRECTION ( 'NONE',  ( -0.000000000000000000, -1.000000000000000000, 0.000000000000000000 ) ) ;
#307 = AXIS2_PLACEMENT_3D ( 'NONE', #930, #3450, #7278 ) ;
#308 = LINE ( 'NONE', #1601, #4401 ) ;
#309 = ORIENTED_EDGE ( 'NONE', *, *, #2260, .F. ) ;
#310 = ORIENTED_EDGE ( 'NONE', *, *, #7627, .T. ) ;
#311 = ORIENTED_EDGE ( 'NONE', *, *, #1749, .T. ) ;
#312 = CIRCLE ( 'NONE', #4476, 5.000000000000000000 ) ;
#313 = DIRECTION ( 'NONE',  ( -7.999791739217606182E-17, -1.000000000000000000, -7.999791739217603716E-17 ) ) ;
#314 = ADVANCED_FACE ( 'NONE', ( #4026 ), #1460, .F. ) ;
#315 = DIRECTION ( 'NONE',  ( 0.000000000000000000, 1.000000000000000000, 0.000000000000000000 ) ) ;
#316 = FACE_OUTER_BOUND ( 'NONE', #6797, .T. ) ;
#317 = ORIENTED_EDGE ( 'NONE', *, *, #2413, .T. ) ;
#318 = AXIS2_PLACEMENT_3D ( 'NONE', #7532, #1639, #510 ) ;
#319 = CARTESIAN_POINT ( 'NONE',  ( 0.000000000000000000, 16.00000000000000000, 0.000000000000000000 ) ) ;
#320 = VERTEX_POINT ( 'NONE', #5332 ) ;
#321 = FACE_OUTER_BOUND ( 'NONE', #7416, .T. ) ;
#322 = CARTESIAN_POINT ( 'NONE',  ( 1.777088338804358347, 17.50000000000000000, -5.445643595929342773 ) ) ;
#323 = EDGE_CURVE ( 'NONE', #6946, #3397, #1341, .T. ) ;
#324 = CYLINDRICAL_SURFACE ( 'NONE', #723, 13.79999999999999893 ) ;
#325 = EDGE_CURVE ( 'NONE', #7478, #3235, #875, .T. ) ;
#326 = PLANE ( 'NONE',  #4316 ) ;
#327 = CARTESIAN_POINT ( 'NONE',  ( -3.762221576582256422, 8.000000000000000000, -10.33661882864502601 ) ) ;
#328 = CIRCLE ( 'NONE', #6623, 11.69999999999999574 ) ;
#329 = VECTOR ( 'NONE', #1950, 1000.000000000000000 ) ;
#330 = CARTESIAN_POINT ( 'NONE',  ( 0.000000000000000000, 17.50000000000000000, -5.200000000000006395 ) ) ;
#331 = ORIENTED_EDGE ( 'NONE', *, *, #2036, .T. ) ;
#332 = MECHANICAL_CONTEXT ( 'NONE', #1726, 'mechanical' ) ;
#333 = EDGE_LOOP ( 'NONE', ( #6629, #1213, #8129, #7088 ) ) ;
#334 = CARTESIAN_POINT ( 'NONE',  ( 0.000000000000000000, 16.00000000000000000, 0.000000000000000000 ) ) ;
#335 = EDGE_CURVE ( 'NONE', #2516, #3338, #7118, .T. ) ;
#336 = LINE ( 'NONE', #3525, #6445 ) ;
#337 = EDGE_CURVE ( 'NONE', #4615, #1317, #5641, .T. ) ;
#338 = FACE_OUTER_BOUND ( 'NONE', #7538, .T. ) ;
#339 = DIRECTION ( 'NONE',  ( -0.7071067811865475727, 0.000000000000000000, -0.7071067811865475727 ) ) ;
#340 = VECTOR ( 'NONE', #2997, 1000.000000000000000 ) ;
#341 = FACE_OUTER_BOUND ( 'NONE', #496, .T. ) ;
#342 = ORIENTED_EDGE ( 'NONE', *, *, #4258, .T. ) ;
#343 = CARTESIAN_POINT ( 'NONE',  ( -4.414085591447325818, 5.955563930812989959, -13.07541463608769483 ) ) ;
#344 = EDGE_LOOP ( 'NONE', ( #6649, #1806, #7012, #3466, #215, #7322, #5304 ) ) ;
#345 = LINE ( 'NONE', #4836, #2044 ) ;
#346 = DIRECTION ( 'NONE',  ( 0.000000000000000000, 0.000000000000000000, -1.000000000000000000 ) ) ;
#347 = CARTESIAN_POINT ( 'NONE',  ( -3.290002895201621591, 2.000000000000000000, 6.516585068083203147 ) ) ;
#348 = CARTESIAN_POINT ( 'NONE',  ( 1.706446182049942806, 4.925145681147840904, 11.87808303364607454 ) ) ;
#349 = ORIENTED_EDGE ( 'NONE', *, *, #395, .F. ) ;
#350 = LINE ( 'NONE', #2276, #5861 ) ;
#351 = EDGE_LOOP ( 'NONE', ( #2851, #5272, #3457, #5437 ) ) ;
#352 = ADVANCED_FACE ( 'NONE', ( #707 ), #5830, .F. ) ;
#353 = EDGE_CURVE ( 'NONE', #1808, #7189, #808, .T. ) ;
#354 = VERTEX_POINT ( 'NONE', #3568 ) ;
#355 = CIRCLE ( 'NONE', #2218, 2.207039166088965221 ) ;
#356 = VERTEX_POINT ( 'NONE', #3017 ) ;
#357 = CARTESIAN_POINT ( 'NONE',  ( -13.22718005141974906, 4.223722372889497478, -11.53012377657202947 ) ) ;
#358 = DIRECTION ( 'NONE',  ( 0.000000000000000000, 0.000000000000000000, 1.000000000000000000 ) ) ;
#359 = CARTESIAN_POINT ( 'NONE',  ( 2.338123282305729411, 16.50000000000000711, -13.54974831931353485 ) ) ;
#360 = AXIS2_PLACEMENT_3D ( 'NONE', #7422, #3464, #6145 ) ;
#361 = LINE ( 'NONE', #2114, #1968 ) ;
#362 = ORIENTED_EDGE ( 'NONE', *, *, #4982, .F. ) ;
#363 = CARTESIAN_POINT ( 'NONE',  ( 11.09555992249984158, 0.000000000000000000, -3.866658765163446088 ) ) ;
#364 = DIRECTION ( 'NONE',  ( 0.000000000000000000, 0.000000000000000000, 1.000000000000000000 ) ) ;
#365 = DIRECTION ( 'NONE',  ( -1.000000000000000000, 0.000000000000000000, 1.025063872168114215E-14 ) ) ;
#366 = DIRECTION ( 'NONE',  ( 0.000000000000000000, 0.000000000000000000, -1.000000000000000000 ) ) ;
#367 = DIRECTION ( 'NONE',  ( 0.000000000000000000, -1.000000000000000000, 0.000000000000000000 ) ) ;
#368 = CARTESIAN_POINT ( 'NONE',  ( 3.827521524628621830, 13.50000000000000178, 4.261825444138377605 ) ) ;
#369 = CIRCLE ( 'NONE', #1560, 1.499999999999999556 ) ;
#370 = EDGE_CURVE ( 'NONE', #6558, #4032, #960, .T. ) ;
#371 = VECTOR ( 'NONE', #8223, 1000.000000000000000 ) ;
#372 = ADVANCED_FACE ( 'NONE', ( #4240 ), #2343, .F. ) ;
#373 = DIRECTION ( 'NONE',  ( -0.7071067811865475727, 0.000000000000000000, -0.7071067811865475727 ) ) ;
#374 = EDGE_LOOP ( 'NONE', ( #1243, #133, #3149, #5898 ) ) ;
#375 = VECTOR ( 'NONE', #1865, 1000.000000000000114 ) ;
#376 = APPROVAL_DATE_TIME ( #6121, #5712 ) ;
#377 = EDGE_LOOP ( 'NONE', ( #6723, #2705, #5454, #7295 ) ) ;
#378 = DIRECTION ( 'NONE',  ( -0.000000000000000000, -1.000000000000000000, -0.000000000000000000 ) ) ;
#379 = DIRECTION ( 'NONE',  ( 0.000000000000000000, 1.000000000000000000, 0.000000000000000000 ) ) ;
#380 = CARTESIAN_POINT ( 'NONE',  ( -9.734136008177292965, 4.500000000000001776, -17.86586399182268181 ) ) ;
#381 = VECTOR ( 'NONE', #7791, 1000.000000000000000 ) ;
#382 = CC_DESIGN_DATE_AND_TIME_ASSIGNMENT ( #7646, #7728, ( #4022 ) ) ;
#383 = DIRECTION ( 'NONE',  ( 0.4999999999999888423, 0.000000000000000000, 0.8660254037844449249 ) ) ;
#384 = ORIENTED_EDGE ( 'NONE', *, *, #5493, .T. ) ;
#385 = DIRECTION ( 'NONE',  ( 0.000000000000000000, -1.000000000000000000, 0.000000000000000000 ) ) ;
#386 = VERTEX_POINT ( 'NONE', #4787 ) ;
#387 = FACE_OUTER_BOUND ( 'NONE', #5818, .T. ) ;
#388 = AXIS2_PLACEMENT_3D ( 'NONE', #4328, #965, #383 ) ;
#389 = ORIENTED_EDGE ( 'NONE', *, *, #4681, .T. ) ;
#390 = CARTESIAN_POINT ( 'NONE',  ( 2.048199155407213201, 3.533822913635296104, 11.82513464775190393 ) ) ;
#391 = VECTOR ( 'NONE', #4644, 1000.000000000000000 ) ;
#392 = EDGE_LOOP ( 'NONE', ( #7462, #5525, #5675, #138 ) ) ;
#393 = CARTESIAN_POINT ( 'NONE',  ( 0.000000000000000000, 13.50000000000000178, 0.000000000000000000 ) ) ;
#394 = EDGE_LOOP ( 'NONE', ( #6453, #4149 ) ) ;
#395 = EDGE_CURVE ( 'NONE', #979, #6439, #7942, .T. ) ;
#396 = ORIENTED_EDGE ( 'NONE', *, *, #7225, .F. ) ;
#397 = VERTEX_POINT ( 'NONE', #458 ) ;
#398 = DIRECTION ( 'NONE',  ( -0.000000000000000000, -1.000000000000000000, -0.000000000000000000 ) ) ;
#399 = AXIS2_PLACEMENT_3D ( 'NONE', #2963, #2841, #2881 ) ;
#400 = CARTESIAN_POINT ( 'NONE',  ( -3.543698664771231854, 5.451597602133053222, 13.33823344220130735 ) ) ;
#401 = CARTESIAN_POINT ( 'NONE',  ( 0.000000000000000000, 0.000000000000000000, 0.000000000000000000 ) ) ;
#402 = EDGE_CURVE ( 'NONE', #5072, #2744, #2699, .T. ) ;
#403 = EDGE_CURVE ( 'NONE', #2137, #6122, #7806, .T. ) ;
#404 = CARTESIAN_POINT ( 'NONE',  ( 8.426488874308748933, 16.00000000000000000, 7.070663706551944649 ) ) ;
#405 = SECURITY_CLASSIFICATION ( '', '', #1625 ) ;
#406 = ORIENTED_EDGE ( 'NONE', *, *, #7151, .F. ) ;
#407 = CARTESIAN_POINT ( 'NONE',  ( -6.516585068083168508, 2.000000000000000000, -3.290002895201689537 ) ) ;
#408 = DIRECTION ( 'NONE',  ( -0.000000000000000000, -1.000000000000000000, -0.000000000000000000 ) ) ;
#409 = DIRECTION ( 'NONE',  ( -0.000000000000000000, -1.000000000000000000, -0.000000000000000000 ) ) ;
#410 = DIRECTION ( 'NONE',  ( 0.000000000000000000, 0.000000000000000000, -1.000000000000000000 ) ) ;
#411 = DIRECTION ( 'NONE',  ( -0.8660254037844363761, 0.000000000000000000, -0.5000000000000039968 ) ) ;
#412 = FACE_OUTER_BOUND ( 'NONE', #3488, .T. ) ;
#413 = EDGE_CURVE ( 'NONE', #3628, #4823, #4110, .T. ) ;
#414 = ADVANCED_FACE ( 'NONE', ( #4949 ), #2978, .F. ) ;
#415 = ORIENTED_EDGE ( 'NONE', *, *, #926, .T. ) ;
#416 = CARTESIAN_POINT ( 'NONE',  ( -11.51359854670576510, 6.000000000000000000, 3.381870563060469959 ) ) ;
#417 = APPROVAL_DATE_TIME ( #6160, #4741 ) ;
#418 = AXIS2_PLACEMENT_3D ( 'NONE', #248, #2048, #3278 ) ;
#419 = EDGE_LOOP ( 'NONE', ( #5161, #1117, #3446, #3082 ) ) ;
#420 = CARTESIAN_POINT ( 'NONE',  ( 5.604609863433054784, 13.50000000000000178, 1.183818151790891449 ) ) ;
#421 = DIRECTION ( 'NONE',  ( -0.7071067811865474617, -0.000000000000000000, 0.7071067811865476838 ) ) ;
#423 = EDGE_CURVE ( 'NONE', #6055, #2135, #4712, .T. ) ;
#422 = DIRECTION ( 'NONE',  ( 0.000000000000000000, 0.000000000000000000, -1.000000000000000000 ) ) ;
#424 = VECTOR ( 'NONE', #1628, 1000.000000000000000 ) ;
#425 = CARTESIAN_POINT ( 'NONE',  ( -3.290002895201631805, 2.000000000000000000, -6.516585068083228904 ) ) ;
#426 = ORIENTED_EDGE ( 'NONE', *, *, #4636, .F. ) ;
#427 = LINE ( 'NONE', #2982, #6963 ) ;
#428 = ORIENTED_EDGE ( 'NONE', *, *, #4998, .F. ) ;
#429 = CARTESIAN_POINT ( 'NONE',  ( 3.091507654588485199, 13.50000000000000178, 5.354648329735351098 ) ) ;
#430 = CARTESIAN_POINT ( 'NONE',  ( 1.710100716628329964, 16.00000000000000000, 4.698463103929547025 ) ) ;
#431 = ADVANCED_FACE ( 'NONE', ( #1715 ), #6760, .F. ) ;
#432 = DIRECTION ( 'NONE',  ( 0.000000000000000000, 1.000000000000000000, 0.000000000000000000 ) ) ;
#433 = ORIENTED_EDGE ( 'NONE', *, *, #2057, .F. ) ;
#434 = CIRCLE ( 'NONE', #4049, 5.000000000000000000 ) ;
#435 = LINE ( 'NONE', #4253, #1710 ) ;
#436 = ORIENTED_EDGE ( 'NONE', *, *, #1039, .F. ) ;
#437 = ORIENTED_EDGE ( 'NONE', *, *, #5648, .F. ) ;
#438 = VERTEX_POINT ( 'NONE', #4282 ) ;
#439 = CARTESIAN_POINT ( 'NONE',  ( 10.44438976665383834, 0.000000000000000000, 5.273018338884901013 ) ) ;
#440 = DIRECTION ( 'NONE',  ( 0.8660254037844398178, 0.000000000000000000, -0.4999999999999980571 ) ) ;
#441 = DIRECTION ( 'NONE',  ( 0.000000000000000000, -1.000000000000000000, 0.000000000000000000 ) ) ;
#442 = AXIS2_PLACEMENT_3D ( 'NONE', #2936, #4913, #4951 ) ;
#443 = CARTESIAN_POINT ( 'NONE',  ( 0.000000000000000000, 8.000000000000000000, 0.000000000000000000 ) ) ;
#444 = ORIENTED_EDGE ( 'NONE', *, *, #783, .T. ) ;
#445 = CARTESIAN_POINT ( 'NONE',  ( 7.070663706551914451, 8.000000000000000000, -8.426488874308772026 ) ) ;
#446 = DIRECTION ( 'NONE',  ( 0.000000000000000000, -1.000000000000000000, 0.000000000000000000 ) ) ;
#447 = FACE_OUTER_BOUND ( 'NONE', #7111, .T. ) ;
#448 = CARTESIAN_POINT ( 'NONE',  ( 4.804803964988720644, 2.999999999999985789, -12.93653194863402156 ) ) ;
#449 = DIRECTION ( 'NONE',  ( -0.000000000000000000, -1.000000000000000000, -0.000000000000000000 ) ) ;
#450 = CIRCLE ( 'NONE', #6341, 11.69999999999999574 ) ;
#451 = ORIENTED_EDGE ( 'NONE', *, *, #2191, .T. ) ;
#452 = DIRECTION ( 'NONE',  ( -0.000000000000000000, -1.000000000000000000, 0.000000000000000000 ) ) ;
#453 = EDGE_CURVE ( 'NONE', #5336, #6928, #920, .T. ) ;
#454 = COORDINATED_UNIVERSAL_TIME_OFFSET ( 8, 0, .AHEAD. ) ;
#455 = VECTOR ( 'NONE', #7298, 1000.000000000000114 ) ;
#456 = ORIENTED_EDGE ( 'NONE', *, *, #2577, .F. ) ;
#457 = CARTESIAN_POINT ( 'NONE',  ( -5.499999999999877431, 8.000000000000000000, -9.526279441628895839 ) ) ;
#458 = CARTESIAN_POINT ( 'NONE',  ( 1.836970198721029688E-16, 2.000000000000000000, 1.499999999999999778 ) ) ;
#459 = FACE_OUTER_BOUND ( 'NONE', #836, .T. ) ;
#460 = AXIS2_PLACEMENT_3D ( 'NONE', #4808, #270, #8109 ) ;
#461 = CARTESIAN_POINT ( 'NONE',  ( 4.503332099679115075, 17.50000000000000000, 2.599999999999964118 ) ) ;
#462 = VERTEX_POINT ( 'NONE', #6038 ) ;
#463 = B_SPLINE_CURVE_WITH_KNOTS ( 'NONE', 3,
 ( #2157, #4726, #1781, #2961, #4933, #561, #6230, #4852, #4265, #7508, #6312, #3714 ),
 .UNSPECIFIED., .F., .F.,
 ( 4, 2, 2, 2, 2, 4 ),
 ( 0.002552787195586811442, 0.002870525161026099212, 0.003188263126465386982, 0.003823739057343962522, 0.004459214988222538062, 0.005094690919101114469 ),
 .UNSPECIFIED. ) ;
#464 = CARTESIAN_POINT ( 'NONE',  ( -6.516585068083168508, 0.000000000000000000, -3.290002895201689537 ) ) ;
#465 = VERTEX_POINT ( 'NONE', #6204 ) ;
#466 = DIRECTION ( 'NONE',  ( -0.7071067811865477948, 0.000000000000000000, -0.7071067811865473507 ) ) ;
#467 = ORIENTED_EDGE ( 'NONE', *, *, #7153, .F. ) ;
#468 = VECTOR ( 'NONE', #6559, 1000.000000000000000 ) ;
#469 = CYLINDRICAL_SURFACE ( 'NONE', #2915, 0.7999999999999937161 ) ;
#470 = EDGE_LOOP ( 'NONE', ( #3077, #7957, #873, #7906 ) ) ;
#471 = VECTOR ( 'NONE', #2783, 1000.000000000000000 ) ;
#472 = EDGE_CURVE ( 'NONE', #1346, #2526, #5917, .T. ) ;
#473 = DIRECTION ( 'NONE',  ( 0.000000000000000000, -1.000000000000000000, -0.000000000000000000 ) ) ;
#474 = ORIENTED_EDGE ( 'NONE', *, *, #7683, .F. ) ;
#475 = EDGE_CURVE ( 'NONE', #5135, #6191, #291, .T. ) ;
#476 = ORIENTED_EDGE ( 'NONE', *, *, #7761, .F. ) ;
#477 = ORIENTED_EDGE ( 'NONE', *, *, #6801, .F. ) ;
#478 = FACE_OUTER_BOUND ( 'NONE', #937, .T. ) ;
#479 = CARTESIAN_POINT ( 'NONE',  ( 0.000000000000000000, 16.00000000000000000, 0.000000000000000000 ) ) ;
#480 = LINE ( 'NONE', #3713, #217 ) ;
#481 = DIRECTION ( 'NONE',  ( 0.000000000000000000, 0.000000000000000000, 1.000000000000000000 ) ) ;
#482 = AXIS2_PLACEMENT_3D ( 'NONE', #7122, #7205, #855 ) ;
#483 = EDGE_CURVE ( 'NONE', #988, #1511, #336, .T. ) ;
#484 = ORIENTED_EDGE ( 'NONE', *, *, #8289, .T. ) ;
#485 = EDGE_CURVE ( 'NONE', #5776, #1068, #5458, .T. ) ;
#486 = DIRECTION ( 'NONE',  ( -0.000000000000000000, -1.000000000000000000, -0.000000000000000000 ) ) ;
#487 = DIRECTION ( 'NONE',  ( -0.000000000000000000, -1.000000000000000000, 0.000000000000000000 ) ) ;
#488 = DIRECTION ( 'NONE',  ( 0.4596547580548490108, -0.7598914440859811936, 0.4596547580548479006 ) ) ;
#489 = CARTESIAN_POINT ( 'NONE',  ( -1.910129954336200697, 16.00000000000000000, -10.83288528313429389 ) ) ;
#490 = DIRECTION ( 'NONE',  ( 0.4596547580548490108, -0.7598914440859811936, 0.4596547580548479006 ) ) ;
#491 = AXIS2_PLACEMENT_3D ( 'NONE', #4671, #6478, #4040 ) ;
#492 = ORIENTED_EDGE ( 'NONE', *, *, #7042, .F. ) ;
#493 = CARTESIAN_POINT ( 'NONE',  ( 0.000000000000000000, 16.00000000000000000, 0.000000000000000000 ) ) ;
#494 = SECURITY_CLASSIFICATION_LEVEL ( 'unclassified' ) ;
#495 = ADVANCED_FACE ( 'NONE', ( #4828 ), #7398, .F. ) ;
#496 = EDGE_LOOP ( 'NONE', ( #7795, #5350, #3214, #4237 ) ) ;
#497 = FACE_OUTER_BOUND ( 'NONE', #1059, .T. ) ;
#498 = CIRCLE ( 'NONE', #7207, 11.75000000000000178 ) ;
#499 = LINE ( 'NONE', #5661, #6 ) ;
#500 = DIRECTION ( 'NONE',  ( 0.000000000000000000, 0.000000000000000000, 1.000000000000000000 ) ) ;
#501 = LINE ( 'NONE', #2387, #2582 ) ;
#502 = CIRCLE ( 'NONE', #6668, 7.300000000000000711 ) ;
#503 = ADVANCED_FACE ( 'NONE', ( #4408 ), #3185, .F. ) ;
#505 = DIRECTION ( 'NONE',  ( -0.4999999999999949485, 0.000000000000000000, -0.8660254037844415942 ) ) ;
#504 = AXIS2_PLACEMENT_3D ( 'NONE', #6603, #5971, #3376 ) ;
#506 = CARTESIAN_POINT ( 'NONE',  ( 0.000000000000000000, 3.000000000000000888, 0.000000000000000000 ) ) ;
#507 = ORIENTED_EDGE ( 'NONE', *, *, #522, .F. ) ;
#508 = DIRECTION ( 'NONE',  ( -0.000000000000000000, -1.000000000000000000, -0.000000000000000000 ) ) ;
#509 = ORIENTED_EDGE ( 'NONE', *, *, #1574, .F. ) ;
#510 = DIRECTION ( 'NONE',  ( 0.000000000000000000, 0.000000000000000000, -1.000000000000000000 ) ) ;
#511 = DIRECTION ( 'NONE',  ( 0.000000000000000000, 1.000000000000000000, 0.000000000000000000 ) ) ;
#512 = CIRCLE ( 'NONE', #5865, 11.00000000000000000 ) ;
#513 = CARTESIAN_POINT ( 'NONE',  ( 4.698463103929530149, 16.00000000000000000, 1.710100716628379480 ) ) ;
#514 = ORIENTED_EDGE ( 'NONE', *, *, #1759, .F. ) ;
#515 = DIRECTION ( 'NONE',  ( 0.000000000000000000, 0.000000000000000000, -1.000000000000000000 ) ) ;
#516 = ORIENTED_EDGE ( 'NONE', *, *, #4434, .T. ) ;
#517 = VECTOR ( 'NONE', #151, 1000.000000000000227 ) ;
#518 = ORIENTED_EDGE ( 'NONE', *, *, #1006, .F. ) ;
#519 = EDGE_LOOP ( 'NONE', ( #2148, #4332, #6825, #4697 ) ) ;
#520 = DIRECTION ( 'NONE',  ( 0.5000000000000069944, 0.000000000000000000, -0.8660254037844344888 ) ) ;
#521 = DIRECTION ( 'NONE',  ( 0.000000000000000000, -0.000000000000000000, 1.000000000000000000 ) ) ;
#522 = EDGE_CURVE ( 'NONE', #3444, #2141, #6920, .T. ) ;
#523 = ADVANCED_FACE ( 'NONE', ( #5620 ), #2550, .F. ) ;
#524 = AXIS2_PLACEMENT_3D ( 'NONE', #8207, #7601, #6324 ) ;
#525 = CARTESIAN_POINT ( 'NONE',  ( -10.73180085994851396, 4.435569463351222375, -9.034744585100797920 ) ) ;
#526 = ORIENTED_EDGE ( 'NONE', *, *, #1322, .T. ) ;
#527 = LINE ( 'NONE', #4815, #1106 ) ;
#528 = DIRECTION ( 'NONE',  ( -0.7071067811865475727, 0.000000000000000000, -0.7071067811865475727 ) ) ;
#529 = CYLINDRICAL_SURFACE ( 'NONE', #7847, 5.000000000000000000 ) ;
#530 = PLANE ( 'NONE',  #2295 ) ;
#531 = LINE ( 'NONE', #6361, #3433 ) ;
#532 = EDGE_CURVE ( 'NONE', #1559, #2384, #6247, .T. ) ;
#533 = VERTEX_POINT ( 'NONE', #7563 ) ;
#534 = CARTESIAN_POINT ( 'NONE',  ( 3.550604392508203588, 3.554889856062882991, 13.33557626713717958 ) ) ;
#535 = ORIENTED_EDGE ( 'NONE', *, *, #915, .F. ) ;
#536 = DIRECTION ( 'NONE',  ( -0.000000000000000000, -1.000000000000000000, -0.000000000000000000 ) ) ;
#537 = DIRECTION ( 'NONE',  ( 0.000000000000000000, 1.000000000000000000, 0.000000000000000000 ) ) ;
#538 = DIRECTION ( 'NONE',  ( 0.000000000000000000, 0.000000000000000000, -1.000000000000000000 ) ) ;
#539 = CARTESIAN_POINT ( 'NONE',  ( -4.503332099679075107, 15.50000000000000000, 2.600000000000024514 ) ) ;
#540 = EDGE_CURVE ( 'NONE', #386, #4514, #2828, .T. ) ;
#541 = DIRECTION ( 'NONE',  ( -0.000000000000000000, -1.000000000000000000, -0.000000000000000000 ) ) ;
#542 = LINE ( 'NONE', #622, #8331 ) ;
#543 = ORIENTED_EDGE ( 'NONE', *, *, #5409, .F. ) ;
#544 = VERTEX_POINT ( 'NONE', #2425 ) ;
#545 = CARTESIAN_POINT ( 'NONE',  ( -13.00950364264016912, 2.999999999999997335, -4.608333795188842785 ) ) ;
#546 = CARTESIAN_POINT ( 'NONE',  ( 0.000000000000000000, 8.000000000000000000, 0.000000000000000000 ) ) ;
#547 = DIRECTION ( 'NONE',  ( -7.999791739217630834E-17, 1.000000000000000000, 7.999791739217577832E-17 ) ) ;
#548 = AXIS2_PLACEMENT_3D ( 'NONE', #7813, #6539, #7901 ) ;
#549 = ORIENTED_EDGE ( 'NONE', *, *, #1597, .T. ) ;
#550 = CYLINDRICAL_SURFACE ( 'NONE', #238, 2.199999999999997957 ) ;
#551 = ORIENTED_EDGE ( 'NONE', *, *, #413, .T. ) ;
#552 = CARTESIAN_POINT ( 'NONE',  ( 11.82312299415566770, 3.541195592598612940, -2.053986595804204729 ) ) ;
#553 = CIRCLE ( 'NONE', #2836, 0.5999999999999983125 ) ;
#554 = EDGE_LOOP ( 'NONE', ( #8262, #165, #29, #3911 ) ) ;
#555 = ADVANCED_FACE ( 'NONE', ( #6370 ), #1799, .F. ) ;
#556 = ORIENTED_EDGE ( 'NONE', *, *, #5024, .T. ) ;
#557 = ADVANCED_FACE ( 'NONE', ( #5074 ), #4446, .T. ) ;
#558 = DIRECTION ( 'NONE',  ( 0.000000000000000000, 0.000000000000000000, -1.000000000000000000 ) ) ;
#559 = LINE ( 'NONE', #5763, #1156 ) ;
#560 = CIRCLE ( 'NONE', #1494, 5.000000000000000000 ) ;
#561 = CARTESIAN_POINT ( 'NONE',  ( -11.84864639863953251, 3.695356992776193561, 1.902823222425636507 ) ) ;
#562 = VERTEX_POINT ( 'NONE', #7048 ) ;
#563 = ORIENTED_EDGE ( 'NONE', *, *, #6316, .T. ) ;
#564 = EDGE_CURVE ( 'NONE', #2495, #82, #499, .T. ) ;
#565 = CARTESIAN_POINT ( 'NONE',  ( 0.000000000000000000, 16.00000000000000000, 0.000000000000000000 ) ) ;
#566 = CIRCLE ( 'NONE', #3113, 12.80000000000000426 ) ;
#567 = CARTESIAN_POINT ( 'NONE',  ( -8.426488874308844856, 8.000000000000000000, 7.070663706551828298 ) ) ;
#568 = DIRECTION ( 'NONE',  ( 0.000000000000000000, 0.000000000000000000, -1.000000000000000000 ) ) ;
#569 = DIRECTION ( 'NONE',  ( 0.7071067811865475727, 0.000000000000000000, -0.7071067811865475727 ) ) ;
#570 = AXIS2_PLACEMENT_3D ( 'NONE', #6748, #4229, #5363 ) ;
#571 = VERTEX_POINT ( 'NONE', #1123 ) ;
#572 = FACE_OUTER_BOUND ( 'NONE', #51, .T. ) ;
#573 = ADVANCED_FACE ( 'NONE', ( #7004 ), #3500, .T. ) ;
#574 = EDGE_CURVE ( 'NONE', #977, #1511, #7535, .T. ) ;
#575 = PERSON_AND_ORGANIZATION ( #154, #4559 ) ;
#576 = VERTEX_POINT ( 'NONE', #656 ) ;
#577 = FACE_OUTER_BOUND ( 'NONE', #3876, .T. ) ;
#578 = LINE ( 'NONE', #6960, #7262 ) ;
#579 = CARTESIAN_POINT ( 'NONE',  ( 17.86586399182264628, 6.000000000000000888, -9.734136008177353361 ) ) ;
#580 = CIRCLE ( 'NONE', #5271, 1.500000000000000000 ) ;
#581 = DIRECTION ( 'NONE',  ( -0.000000000000000000, -1.000000000000000000, -0.000000000000000000 ) ) ;
#582 = FACE_OUTER_BOUND ( 'NONE', #6431, .T. ) ;
#583 = AXIS2_PLACEMENT_3D ( 'NONE', #7386, #6707, #1615 ) ;
#584 = DIRECTION ( 'NONE',  ( 0.000000000000000000, 1.000000000000000000, 0.000000000000000000 ) ) ;
#585 = ORIENTED_EDGE ( 'NONE', *, *, #794, .F. ) ;
#586 = CC_DESIGN_PERSON_AND_ORGANIZATION_ASSIGNMENT ( #7480, #4151, ( #3969 ) ) ;
#587 = ORIENTED_EDGE ( 'NONE', *, *, #453, .F. ) ;
#588 = CARTESIAN_POINT ( 'NONE',  ( -13.37066080281942959, 3.704994573046192841, -3.416844856009598530 ) ) ;
#589 = CARTESIAN_POINT ( 'NONE',  ( 0.000000000000000000, 16.00000000000000000, 0.000000000000000000 ) ) ;
#590 = CYLINDRICAL_SURFACE ( 'NONE', #7757, 1.317565283458833392 ) ;
#591 = ORIENTED_EDGE ( 'NONE', *, *, #761, .T. ) ;
#592 = CARTESIAN_POINT ( 'NONE',  ( 0.000000000000000000, 8.000000000000000000, 0.000000000000000000 ) ) ;
#593 = EDGE_LOOP ( 'NONE', ( #2042, #3908, #3870, #1316, #1538, #6807, #1255 ) ) ;
#594 = CARTESIAN_POINT ( 'NONE',  ( -7.744759189546649658, 4.435569463351222375, -9.441815464394359481 ) ) ;
#595 = CIRCLE ( 'NONE', #5289, 2.199999999999997069 ) ;
#596 = ORIENTED_EDGE ( 'NONE', *, *, #6180, .T. ) ;
#597 = ORIENTED_EDGE ( 'NONE', *, *, #4078, .F. ) ;
#598 = FACE_OUTER_BOUND ( 'NONE', #6475, .T. ) ;
#599 = PLANE ( 'NONE',  #5845 ) ;
#600 = AXIS2_PLACEMENT_3D ( 'NONE', #3528, #4158, #2133 ) ;
#601 = CIRCLE ( 'NONE', #2072, 1.249999999999987121 ) ;
#602 = EDGE_CURVE ( 'NONE', #7583, #257, #2971, .T. ) ;
#603 = CARTESIAN_POINT ( 'NONE',  ( 0.000000000000000000, 8.000000000000000000, 0.000000000000000000 ) ) ;
#604 = VERTEX_POINT ( 'NONE', #3227 ) ;
#605 = EDGE_LOOP ( 'NONE', ( #7396, #7201, #7440, #7644, #5930, #7097, #2393, #2559, #3499, #5964, #4009, #4742, #885, #4038, #5226, #1090 ) ) ;
#606 = DIRECTION ( 'NONE',  ( 0.000000000000000000, 0.000000000000000000, -1.000000000000000000 ) ) ;
#607 = CARTESIAN_POINT ( 'NONE',  ( 2.048199155407250949, 5.466177086364697679, -11.82513464775189682 ) ) ;
#608 = DIRECTION ( 'NONE',  ( 0.000000000000000000, -1.000000000000000000, 0.000000000000000000 ) ) ;
#609 = DIRECTION ( 'NONE',  ( 0.000000000000000000, 0.000000000000000000, -1.000000000000000000 ) ) ;
#610 = AXIS2_PLACEMENT_3D ( 'NONE', #952, #2335, #7343 ) ;
#611 = ORIENTED_EDGE ( 'NONE', *, *, #98, .F. ) ;
#612 = CARTESIAN_POINT ( 'NONE',  ( -9.034744585100792591, 7.242608629440185020, -10.73180085994851751 ) ) ;
#613 = ORIENTED_EDGE ( 'NONE', *, *, #472, .F. ) ;
#614 = LINE ( 'NONE', #5736, #7160 ) ;
#615 = AXIS2_PLACEMENT_3D ( 'NONE', #128, #7238, #4549 ) ;
#616 = CARTESIAN_POINT ( 'NONE',  ( 0.000000000000000000, 16.50000000000000711, 0.000000000000000000 ) ) ;
#617 = DIRECTION ( 'NONE',  ( -0.7071067811865474617, -0.000000000000000000, 0.7071067811865476838 ) ) ;
#618 = LINE ( 'NONE', #4410, #3518 ) ;
#619 = EDGE_CURVE ( 'NONE', #4772, #1516, #578, .T. ) ;
#620 = EDGE_CURVE ( 'NONE', #1511, #4437, #5724, .T. ) ;
#621 = DIRECTION ( 'NONE',  ( 0.7071067811865475727, 0.000000000000000000, -0.7071067811865475727 ) ) ;
#622 = CARTESIAN_POINT ( 'NONE',  ( 0.1159493471538440429, 15.50000000000000000, 1.611207921342250549 ) ) ;
#623 = ORIENTED_EDGE ( 'NONE', *, *, #5875, .T. ) ;
#624 = AXIS2_PLACEMENT_3D ( 'NONE', #7051, #5782, #5665 ) ;
#625 = VERTEX_POINT ( 'NONE', #7525 ) ;
#626 = CARTESIAN_POINT ( 'NONE',  ( -13.07718764993901317, 3.035870599545685611, -4.412072388826959290 ) ) ;
#627 = LINE ( 'NONE', #5750, #4703 ) ;
#628 = FACE_OUTER_BOUND ( 'NONE', #1856, .T. ) ;
#629 = CARTESIAN_POINT ( 'NONE',  ( 0.000000000000000000, 6.000000000000000000, 0.000000000000000000 ) ) ;
#630 = AXIS2_PLACEMENT_3D ( 'NONE', #6190, #1694, #481 ) ;
#631 = ORIENTED_EDGE ( 'NONE', *, *, #325, .T. ) ;
#632 = CARTESIAN_POINT ( 'NONE',  ( -12.93653194863401801, 3.000000000000001776, 4.804803964988723308 ) ) ;
#633 = ORIENTED_EDGE ( 'NONE', *, *, #3604, .T. ) ;
#634 = DIRECTION ( 'NONE',  ( 0.000000000000000000, -1.000000000000000000, 0.000000000000000000 ) ) ;
#635 = ORIENTED_EDGE ( 'NONE', *, *, #3070, .F. ) ;
#636 = VECTOR ( 'NONE', #6551, 1000.000000000000000 ) ;
#637 = ORIENTED_EDGE ( 'NONE', *, *, #3452, .T. ) ;
#638 = CARTESIAN_POINT ( 'NONE',  ( 0.000000000000000000, 8.000000000000000000, 0.000000000000000000 ) ) ;
#639 = EDGE_CURVE ( 'NONE', #6108, #6990, #3767, .T. ) ;
#640 = FACE_OUTER_BOUND ( 'NONE', #4216, .T. ) ;
#641 = CIRCLE ( 'NONE', #4264, 0.5999999999999983125 ) ;
#642 = FACE_OUTER_BOUND ( 'NONE', #1553, .T. ) ;
#643 = VERTEX_POINT ( 'NONE', #5699 ) ;
#644 = VERTEX_POINT ( 'NONE', #8252 ) ;
#645 = DIRECTION ( 'NONE',  ( -0.000000000000000000, -1.000000000000000000, 0.000000000000000000 ) ) ;
#646 = TOROIDAL_SURFACE ( 'NONE', #6008, 2.807039166088962645, 0.5999999999999983125 ) ;
#647 = CARTESIAN_POINT ( 'NONE',  ( 3.365533109488828778, 5.193957212787938538, -13.38340197477532634 ) ) ;
#648 = CARTESIAN_POINT ( 'NONE',  ( 0.000000000000000000, 16.00100000000000122, 0.000000000000000000 ) ) ;
#649 = AXIS2_PLACEMENT_3D ( 'NONE', #5496, #5452, #4235 ) ;
#650 = ORIENTED_EDGE ( 'NONE', *, *, #5994, .T. ) ;
#651 = CARTESIAN_POINT ( 'NONE',  ( 3.227055088262964944, 4.085567397722599026, 13.41771819555242828 ) ) ;
#652 = CYLINDRICAL_SURFACE ( 'NONE', #7038, 1.317565283458833392 ) ;
#653 = ORIENTED_EDGE ( 'NONE', *, *, #3773, .F. ) ;
#654 = CARTESIAN_POINT ( 'NONE',  ( -12.93653194863401801, 6.000000000000001776, 4.804803964988723308 ) ) ;
#655 = EDGE_CURVE ( 'NONE', #5330, #727, #8298, .T. ) ;
#656 = CARTESIAN_POINT ( 'NONE',  ( 4.924038765061039769, 8.000000000000000000, 0.8682408883346546258 ) ) ;
#657 = ADVANCED_FACE ( 'NONE', ( #5198 ), #2079, .T. ) ;
#658 = CYLINDRICAL_SURFACE ( 'NONE', #6640, 5.000000000000000000 ) ;
#659 = AXIS2_PLACEMENT_3D ( 'NONE', #7358, #1550, #7831 ) ;
#660 = DIRECTION ( 'NONE',  ( 0.8660254037844433705, 0.000000000000000000, -0.4999999999999918954 ) ) ;
#661 = CARTESIAN_POINT ( 'NONE',  ( 11.69935947898722439, 5.862649616186645929, -2.671196313537366418 ) ) ;
#662 = VERTEX_POINT ( 'NONE', #5862 ) ;
#663 = ORGANIZATION ( 'æœª', 'æœª', '' ) ;
#664 = ORIENTED_EDGE ( 'NONE', *, *, #1883, .T. ) ;
#665 = DIRECTION ( 'NONE',  ( 0.000000000000000000, -1.000000000000000000, -0.000000000000000000 ) ) ;
#666 = ADVANCED_FACE ( 'NONE', ( #3891, #65 ), #5277, .T. ) ;
#667 = CARTESIAN_POINT ( 'NONE',  ( 0.000000000000000000, 16.00000000000000000, 0.000000000000000000 ) ) ;
#668 = CARTESIAN_POINT ( 'NONE',  ( -4.281510617043220002, 0.000000000000000000, 8.480487417368573588 ) ) ;
#669 = CARTESIAN_POINT ( 'NONE',  ( -9.500000000000000000, 2.000000000000000000, 0.000000000000000000 ) ) ;
#670 = AXIS2_PLACEMENT_3D ( 'NONE', #8222, #2435, #1257 ) ;
#671 = EDGE_LOOP ( 'NONE', ( #7054, #6524, #4457, #5327 ) ) ;
#672 = CARTESIAN_POINT ( 'NONE',  ( -1.910129954336200697, 8.000000000000000000, -10.83288528313429389 ) ) ;
#673 = ORIENTED_EDGE ( 'NONE', *, *, #4661, .T. ) ;
#674 = LINE ( 'NONE', #3246, #2129 ) ;
#675 = EDGE_LOOP ( 'NONE', ( #1766, #3213, #3501, #244 ) ) ;
#676 = EDGE_CURVE ( 'NONE', #4455, #1131, #3240, .T. ) ;
#677 = ORIENTED_EDGE ( 'NONE', *, *, #6091, .F. ) ;
#678 = CARTESIAN_POINT ( 'NONE',  ( 0.000000000000000000, 8.000000000000000000, 0.000000000000000000 ) ) ;
#679 = DIRECTION ( 'NONE',  ( -1.000000000000000000, 0.000000000000000000, 3.154042683594197586E-15 ) ) ;
#680 = AXIS2_PLACEMENT_3D ( 'NONE', #8287, #1914, #568 ) ;
#681 = CARTESIAN_POINT ( 'NONE',  ( 2.314977754764676376, 16.83340189783330842, -13.21541303192478267 ) ) ;
#682 = VERTEX_POINT ( 'NONE', #697 ) ;
#683 = VERTEX_POINT ( 'NONE', #7173 ) ;
#684 = EDGE_CURVE ( 'NONE', #1050, #4217, #6578, .T. ) ;
#685 = CARTESIAN_POINT ( 'NONE',  ( 17.86586399182264628, 4.500000000000001776, -9.734136008177353361 ) ) ;
#686 = LINE ( 'NONE', #2747, #7409 ) ;
#687 = CARTESIAN_POINT ( 'NONE',  ( -4.412233895501705305, 3.035834554049034129, -13.07713287269231905 ) ) ;
#688 = AXIS2_PLACEMENT_3D ( 'NONE', #1238, #3131, #7597 ) ;
#689 = CLOSED_SHELL ( 'NONE', ( #3736, #4201, #2152, #495, #2144, #769, #657, #5042 ) ) ;
#690 = ORIENTED_EDGE ( 'NONE', *, *, #4730, .T. ) ;
#691 = AXIS2_PLACEMENT_3D ( 'NONE', #3441, #4829, #1757 ) ;
#692 = DIRECTION ( 'NONE',  ( 0.4999999999999888423, 0.000000000000000000, 0.8660254037844449249 ) ) ;
#693 = CARTESIAN_POINT ( 'NONE',  ( -9.883272722524658604, 4.435569463351222375, -9.883272722524655052 ) ) ;
#694 = APPROVAL_DATE_TIME ( #5658, #7367 ) ;
#695 = EDGE_LOOP ( 'NONE', ( #5478, #587, #6054, #3967 ) ) ;
#696 = DIRECTION ( 'NONE',  ( -0.8660254037844434816, 0.000000000000000000, -0.4999999999999916733 ) ) ;
#697 = CARTESIAN_POINT ( 'NONE',  ( -6.516585068083194265, 0.000000000000000000, 3.290002895201699751 ) ) ;
#698 = DIRECTION ( 'NONE',  ( 0.000000000000000000, 0.000000000000000000, 1.000000000000000000 ) ) ;
#699 = CIRCLE ( 'NONE', #4990, 2.199999999999997957 ) ;
#700 = EDGE_CURVE ( 'NONE', #7363, #3362, #7131, .T. ) ;
#701 = DIRECTION ( 'NONE',  ( 0.000000000000000000, -1.000000000000000000, 0.000000000000000000 ) ) ;
#702 = ORIENTED_EDGE ( 'NONE', *, *, #2405, .T. ) ;
#703 = CARTESIAN_POINT ( 'NONE',  ( 0.000000000000000000, 7.500000000000000000, 0.000000000000000000 ) ) ;
#704 = AXIS2_PLACEMENT_3D ( 'NONE', #4310, #2414, #1869 ) ;
#705 = ORIENTED_EDGE ( 'NONE', *, *, #2903, .T. ) ;
#706 = DIRECTION ( 'NONE',  ( 0.9396926207859082059, 0.000000000000000000, -0.3420201433256696011 ) ) ;
#707 = FACE_OUTER_BOUND ( 'NONE', #377, .T. ) ;
#708 = AXIS2_PLACEMENT_3D ( 'NONE', #5193, #1958, #4523 ) ;
#709 = CARTESIAN_POINT ( 'NONE',  ( -5.196152422706618701, 15.50000000000000000, 3.000000000000024869 ) ) ;
#710 = DIRECTION ( 'NONE',  ( 0.8660254037844361541, 0.000000000000000000, -0.5000000000000041078 ) ) ;
#711 = VECTOR ( 'NONE', #4497, 999.9999999999998863 ) ;
#712 = VERTEX_POINT ( 'NONE', #192 ) ;
#713 = CARTESIAN_POINT ( 'NONE',  ( -5.196152422706618701, 17.50000000000000000, 3.000000000000024869 ) ) ;
#714 = ORIENTED_EDGE ( 'NONE', *, *, #8135, .F. ) ;
#715 = CARTESIAN_POINT ( 'NONE',  ( -2.055586284322842516, 5.460344350793155499, -11.82284333572328627 ) ) ;
#716 = ORIENTED_EDGE ( 'NONE', *, *, #7745, .T. ) ;
#717 = ORIENTED_EDGE ( 'NONE', *, *, #676, .T. ) ;
#718 = VECTOR ( 'NONE', #6798, 1000.000000000000227 ) ;
#719 = LINE ( 'NONE', #3290, #7723 ) ;
#720 = DIRECTION ( 'NONE',  ( 0.8660254037844362651, 0.000000000000000000, 0.5000000000000038858 ) ) ;
#721 = EDGE_CURVE ( 'NONE', #2981, #1551, #7775, .T. ) ;
#722 = EDGE_CURVE ( 'NONE', #3787, #802, #205, .T. ) ;
#723 = AXIS2_PLACEMENT_3D ( 'NONE', #6113, #3005, #410 ) ;
#724 = CYLINDRICAL_SURFACE ( 'NONE', #6268, 5.000000000000000000 ) ;
#725 = EDGE_LOOP ( 'NONE', ( #526, #5717, #3383, #2149 ) ) ;
#726 = EDGE_CURVE ( 'NONE', #4785, #6257, #5240, .T. ) ;
#727 = VERTEX_POINT ( 'NONE', #5986 ) ;
#728 = CARTESIAN_POINT ( 'NONE',  ( 5.000000000000000000, 8.000000000000000000, 1.745740669421566678E-14 ) ) ;
#729 = CARTESIAN_POINT ( 'NONE',  ( 4.804803964988718867, 5.999999999999998224, -12.93653194863401801 ) ) ;
#730 = DIRECTION ( 'NONE',  ( 0.000000000000000000, 0.000000000000000000, 1.000000000000000000 ) ) ;
#731 = AXIS2_PLACEMENT_3D ( 'NONE', #2445, #7543, #520 ) ;
#732 = CC_DESIGN_PERSON_AND_ORGANIZATION_ASSIGNMENT ( #829, #7219, ( #117 ) ) ;
#733 = VERTEX_POINT ( 'NONE', #2675 ) ;
#734 = AXIS2_PLACEMENT_3D ( 'NONE', #7260, #4690, #2718 ) ;
#735 = DIRECTION ( 'NONE',  ( 1.000000000000000000, 7.999791739217630834E-17, 0.000000000000000000 ) ) ;
#736 = FACE_OUTER_BOUND ( 'NONE', #3897, .T. ) ;
#737 = EDGE_LOOP ( 'NONE', ( #6022, #6016, #7348, #1671 ) ) ;
#738 = CARTESIAN_POINT ( 'NONE',  ( 8.480487417368529179, 0.000000000000000000, 4.281510617043308820 ) ) ;
#739 = DIRECTION ( 'NONE',  ( 0.000000000000000000, 1.000000000000000000, 0.000000000000000000 ) ) ;
#740 = DIRECTION ( 'NONE',  ( 0.000000000000000000, -1.000000000000000000, 0.000000000000000000 ) ) ;
#741 = EDGE_CURVE ( 'NONE', #4570, #4116, #239, .T. ) ;
#742 = DIRECTION ( 'NONE',  ( 0.7660444431189860071, 0.000000000000000000, -0.6427876096865297040 ) ) ;
#743 = ORIENTED_EDGE ( 'NONE', *, *, #4224, .T. ) ;
#744 = PERSON_AND_ORGANIZATION ( #3572, #663 ) ;
#745 = VERTEX_POINT ( 'NONE', #2635 ) ;
#746 = CARTESIAN_POINT ( 'NONE',  ( -2.577253620155883773, 3.178141963624200983, 11.72035498237520379 ) ) ;
#747 = CARTESIAN_POINT ( 'NONE',  ( 3.213938048432663397, 16.00000000000000000, 3.830222215594918378 ) ) ;
#748 = CARTESIAN_POINT ( 'NONE',  ( -17.86586399182261786, 4.499999999999998224, -9.734136008177408428 ) ) ;
#749 = ADVANCED_FACE ( 'NONE', ( #2000 ), #4565, .F. ) ;
#750 = LINE ( 'NONE', #6549, #1565 ) ;
#751 = AXIS2_PLACEMENT_3D ( 'NONE', #3039, #8192, #6271 ) ;
#752 = ORIENTED_EDGE ( 'NONE', *, *, #1983, .F. ) ;
#753 = CARTESIAN_POINT ( 'NONE',  ( -5.500000000000077272, 16.00000000000000000, 9.526279441628778599 ) ) ;
#754 = ORIENTED_EDGE ( 'NONE', *, *, #2678, .T. ) ;
#755 = DIRECTION ( 'NONE',  ( -0.000000000000000000, -1.000000000000000000, -0.000000000000000000 ) ) ;
#756 = EDGE_LOOP ( 'NONE', ( #7328, #4034, #7470, #1143, #2097 ) ) ;
#757 = CARTESIAN_POINT ( 'NONE',  ( -4.924038765061034439, 16.00000000000000000, -0.8682408883346889317 ) ) ;
#758 = ORIENTED_EDGE ( 'NONE', *, *, #1218, .F. ) ;
#759 = CYLINDRICAL_SURFACE ( 'NONE', #4359, 5.000000000000000000 ) ;
#760 = VECTOR ( 'NONE', #4453, 1000.000000000000114 ) ;
#761 = EDGE_CURVE ( 'NONE', #1131, #2280, #4568, .T. ) ;
#762 = CYLINDRICAL_SURFACE ( 'NONE', #7063, 5.000000000000001776 ) ;
#763 = CIRCLE ( 'NONE', #5321, 5.000000000000000000 ) ;
#764 = FACE_OUTER_BOUND ( 'NONE', #7955, .T. ) ;
#765 = ORIENTED_EDGE ( 'NONE', *, *, #7617, .T. ) ;
#766 = VECTOR ( 'NONE', #5303, 1000.000000000000000 ) ;
#767 = ORIENTED_EDGE ( 'NONE', *, *, #5657, .T. ) ;
#768 = DIRECTION ( 'NONE',  ( -1.000000000000000000, -6.285229985423214289E-17, 0.000000000000000000 ) ) ;
#769 = ADVANCED_FACE ( 'NONE', ( #6496 ), #5155, .F. ) ;
#770 = FACE_OUTER_BOUND ( 'NONE', #4637, .T. ) ;
#771 = CARTESIAN_POINT ( 'NONE',  ( -4.607711236664604471, 3.000000000000000000, -13.00973486934586809 ) ) ;
#772 = AXIS2_PLACEMENT_3D ( 'NONE', #3487, #5337, #924 ) ;
#773 = EDGE_LOOP ( 'NONE', ( #516, #207, #1182, #2751 ) ) ;
#774 = ORIENTED_EDGE ( 'NONE', *, *, #7043, .T. ) ;
#775 = CARTESIAN_POINT ( 'NONE',  ( 0.000000000000000000, 2.000000000000000000, 12.00000000000000178 ) ) ;
#776 = AXIS2_PLACEMENT_3D ( 'NONE', #2598, #4454, #5626 ) ;
#777 = DIRECTION ( 'NONE',  ( -0.000000000000000000, -1.000000000000000000, -0.000000000000000000 ) ) ;
#778 = CARTESIAN_POINT ( 'NONE',  ( 11.88811833761111458, 4.604429916845066195, 1.634821837571772463 ) ) ;
#779 = ADVANCED_FACE ( 'NONE', ( #4689 ), #822, .F. ) ;
#780 = CARTESIAN_POINT ( 'NONE',  ( 0.8682408883346373063, 8.000000000000000000, -4.924038765061042433 ) ) ;
#781 = CARTESIAN_POINT ( 'NONE',  ( -10.73180085994851396, 4.435569463351222375, -9.034744585100797920 ) ) ;
#782 = CC_DESIGN_PERSON_AND_ORGANIZATION_ASSIGNMENT ( #4867, #4824, ( #6024 ) ) ;
#783 = EDGE_CURVE ( 'NONE', #2234, #1750, #1753, .T. ) ;
#784 = CIRCLE ( 'NONE', #7918, 11.00000000000000000 ) ;
#785 = CARTESIAN_POINT ( 'NONE',  ( -4.503332099679079548, 17.50000000000000000, 2.600000000000027178 ) ) ;
#786 = VERTEX_POINT ( 'NONE', #5902 ) ;
#787 = COORDINATED_UNIVERSAL_TIME_OFFSET ( 8, 0, .AHEAD. ) ;
#788 = VERTEX_POINT ( 'NONE', #147 ) ;
#789 = CARTESIAN_POINT ( 'NONE',  ( -3.381870563060469070, 3.000000000000000000, 11.51359854670576510 ) ) ;
#790 = AXIS2_PLACEMENT_3D ( 'NONE', #8048, #4246, #6210 ) ;
#791 = FACE_OUTER_BOUND ( 'NONE', #1342, .T. ) ;
#792 = DIRECTION ( 'NONE',  ( 0.000000000000000000, -1.000000000000000000, 0.000000000000000000 ) ) ;
#793 = DIRECTION ( 'NONE',  ( 0.000000000000000000, -0.000000000000000000, 1.000000000000000000 ) ) ;
#794 = EDGE_CURVE ( 'NONE', #6809, #7583, #137, .T. ) ;
#795 = LOCAL_TIME ( 11, 36, 54.00000000000000000, #3608 ) ;
#796 = VERTEX_POINT ( 'NONE', #7434 ) ;
#797 = FACE_OUTER_BOUND ( 'NONE', #6744, .T. ) ;
#798 = VERTEX_POINT ( 'NONE', #5410 ) ;
#799 = DIRECTION ( 'NONE',  ( -5.329070518200751394E-15, 0.000000000000000000, 1.000000000000000000 ) ) ;
#800 = ORIENTED_EDGE ( 'NONE', *, *, #4161, .F. ) ;
#801 = CARTESIAN_POINT ( 'NONE',  ( -13.37156822838870163, 3.710643258845110815, 3.413249286393909010 ) ) ;
#802 = VERTEX_POINT ( 'NONE', #5491 ) ;
#803 = FACE_OUTER_BOUND ( 'NONE', #1266, .T. ) ;
#804 = DIRECTION ( 'NONE',  ( 0.000000000000000000, 0.7071067811865517916, 0.7071067811865431318 ) ) ;
#805 = CARTESIAN_POINT ( 'NONE',  ( -9.500000000000000000, -1.402220585023716934E-15, 0.000000000000000000 ) ) ;
#806 = ORIENTED_EDGE ( 'NONE', *, *, #3892, .F. ) ;
#807 = EDGE_CURVE ( 'NONE', #7624, #6231, #2886, .T. ) ;
#808 = CIRCLE ( 'NONE', #5907, 0.7999999999999879430 ) ;
#809 = EDGE_LOOP ( 'NONE', ( #7145, #5618, #2318, #1372 ) ) ;
#810 = DIRECTION ( 'NONE',  ( -0.7071067811865474617, -0.000000000000000000, 0.7071067811865476838 ) ) ;
#811 = CARTESIAN_POINT ( 'NONE',  ( 1.775737858763662163E-16, -8.999999999999998224, -1.400000000000000133 ) ) ;
#812 = CARTESIAN_POINT ( 'NONE',  ( -3.546749343158154932, 3.545292965962608456, -13.33741286140092086 ) ) ;
#813 = VECTOR ( 'NONE', #4859, 1000.000000000000000 ) ;
#814 = ORIENTED_EDGE ( 'NONE', *, *, #5848, .F. ) ;
#815 = CARTESIAN_POINT ( 'NONE',  ( 10.56536461825795037, 13.50000000000000178, -8.799748319313628997 ) ) ;
#816 = ORIENTED_EDGE ( 'NONE', *, *, #4326, .T. ) ;
#817 = FACE_OUTER_BOUND ( 'NONE', #3883, .T. ) ;
#818 = CARTESIAN_POINT ( 'NONE',  ( 10.56536461825795037, 16.50000000000001066, -8.799748319313628997 ) ) ;
#819 = VECTOR ( 'NONE', #7940, 1000.000000000000000 ) ;
#820 = CARTESIAN_POINT ( 'NONE',  ( 11.82496978992682379, 3.532657398895073797, 2.049224985440078584 ) ) ;
#821 = CLOSED_SHELL ( 'NONE', ( #3496, #214, #6482, #3654, #2750, #7963, #3020, #6423 ) ) ;
#822 = PLANE ( 'NONE',  #5378 ) ;
#823 = CARTESIAN_POINT ( 'NONE',  ( 0.000000000000000000, 19.00000000000000355, 0.000000000000000000 ) ) ;
#824 = AXIS2_PLACEMENT_3D ( 'NONE', #2196, #4765, #982 ) ;
#825 = ADVANCED_FACE ( 'NONE', ( #8120 ), #326, .T. ) ;
#826 = EDGE_CURVE ( 'NONE', #4349, #7689, #1490, .T. ) ;
#827 = DIRECTION ( 'NONE',  ( 0.000000000000000000, -1.000000000000000000, 0.000000000000000000 ) ) ;
#828 = EDGE_LOOP ( 'NONE', ( #1121, #3147, #3179, #3809 ) ) ;
#829 = PERSON_AND_ORGANIZATION ( #3572, #663 ) ;
#830 = ORIENTED_EDGE ( 'NONE', *, *, #2969, .T. ) ;
#831 = CARTESIAN_POINT ( 'NONE',  ( -3.830222215594929036, 8.000000000000000000, 3.213938048432649630 ) ) ;
#832 = DIRECTION ( 'NONE',  ( 0.000000000000000000, 0.000000000000000000, -1.000000000000000000 ) ) ;
#833 = CONICAL_SURFACE ( 'NONE', #2309, 13.75000000000000178, 0.7853981633974526089 ) ;
#834 = DIRECTION ( 'NONE',  ( -0.4999999999999949485, 0.000000000000000000, -0.8660254037844415942 ) ) ;
#835 = CARTESIAN_POINT ( 'NONE',  ( -10.83288528313427257, 16.00000000000000000, -1.910129954336312386 ) ) ;
#836 = EDGE_LOOP ( 'NONE', ( #3032, #5659, #1445, #1888, #4373 ) ) ;
#837 = CIRCLE ( 'NONE', #3261, 2.207039166088965221 ) ;
#838 = EDGE_CURVE ( 'NONE', #6336, #4919, #2206, .T. ) ;
#839 = PLANE ( 'NONE',  #3465 ) ;
#840 = ORIENTED_EDGE ( 'NONE', *, *, #3773, .T. ) ;
#841 = CYLINDRICAL_SURFACE ( 'NONE', #5886, 1.499999999999999556 ) ;
#842 = EDGE_CURVE ( 'NONE', #3288, #6036, #3101, .T. ) ;
#843 = ORIENTED_EDGE ( 'NONE', *, *, #1987, .T. ) ;
#844 = DIRECTION ( 'NONE',  ( 0.000000000000000000, 1.000000000000000000, 0.000000000000000000 ) ) ;
#845 = ORIENTED_EDGE ( 'NONE', *, *, #2577, .T. ) ;
#846 = CARTESIAN_POINT ( 'NONE',  ( -11.88808833175172985, 4.500000000000001776, 1.635040004546792991 ) ) ;
#847 = CARTESIAN_POINT ( 'NONE',  ( 9.734136008177348032, 4.499999999999998224, -17.86586399182264628 ) ) ;
#848 = AXIS2_PLACEMENT_3D ( 'NONE', #1911, #5965, #5882 ) ;
#849 = DIRECTION ( 'NONE',  ( -0.7071067811865474617, -0.000000000000000000, 0.7071067811865476838 ) ) ;
#850 = ORIENTED_EDGE ( 'NONE', *, *, #1146, .F. ) ;
#851 = CIRCLE ( 'NONE', #7027, 11.00000000000000000 ) ;
#852 = VERTEX_POINT ( 'NONE', #6708 ) ;
#853 = FACE_OUTER_BOUND ( 'NONE', #3777, .T. ) ;
#854 = CARTESIAN_POINT ( 'NONE',  ( -4.408854663308680699, 6.000000000000000000, 13.08359290609933367 ) ) ;
#855 = DIRECTION ( 'NONE',  ( 0.000000000000000000, 0.000000000000000000, -1.000000000000000000 ) ) ;
#856 = EDGE_CURVE ( 'NONE', #2608, #5840, #2620, .T. ) ;
#857 = EDGE_CURVE ( 'NONE', #5264, #5373, #6793, .T. ) ;
#858 = AXIS2_PLACEMENT_3D ( 'NONE', #5650, #2454, #4396 ) ;
#859 = ORIENTED_EDGE ( 'NONE', *, *, #5250, .T. ) ;
#860 = DIRECTION ( 'NONE',  ( 0.1736481776669306643, 0.000000000000000000, -0.9848077530122080203 ) ) ;
#861 = ORIENTED_EDGE ( 'NONE', *, *, #2102, .T. ) ;
#862 = DIRECTION ( 'NONE',  ( -0.000000000000000000, -1.000000000000000000, 0.000000000000000000 ) ) ;
#863 = CARTESIAN_POINT ( 'NONE',  ( 0.000000000000000000, 16.00000000000000000, 0.000000000000000000 ) ) ;
#864 = VECTOR ( 'NONE', #8152, 1000.000000000000114 ) ;
#865 = CARTESIAN_POINT ( 'NONE',  ( 5.196152422706659557, 17.50000000000000000, 2.999999999999952038 ) ) ;
#866 = CARTESIAN_POINT ( 'NONE',  ( -10.00937232694879420, 17.16674065569375074, -8.425288703366254239 ) ) ;
#867 = DIRECTION ( 'NONE',  ( -0.8660254037844361541, 0.000000000000000000, 0.5000000000000041078 ) ) ;
#868 = VECTOR ( 'NONE', #4500, 999.9999999999998863 ) ;
#869 = AXIS2_PLACEMENT_3D ( 'NONE', #5946, #7300, #2121 ) ;
#870 = DIRECTION ( 'NONE',  ( -0.6427876096865458022, 0.000000000000000000, 0.7660444431189725734 ) ) ;
#871 = ORIENTED_EDGE ( 'NONE', *, *, #726, .T. ) ;
#872 = CALENDAR_DATE ( 2024, 28, 12 ) ;
#873 = ORIENTED_EDGE ( 'NONE', *, *, #4161, .T. ) ;
#874 = CARTESIAN_POINT ( 'NONE',  ( 0.000000000000000000, 16.00000000000000000, 0.000000000000000000 ) ) ;
#875 = LINE ( 'NONE', #6463, #6035 ) ;
#876 = EDGE_CURVE ( 'NONE', #5456, #1559, #2973, .T. ) ;
#878 = EDGE_CURVE ( 'NONE', #2280, #6809, #4145, .T. ) ;
#877 = CARTESIAN_POINT ( 'NONE',  ( 1.950462647968635554, 17.50000000000000000, -4.695865688005957495 ) ) ;
#879 = DIRECTION ( 'NONE',  ( 0.7071067811865474617, 0.000000000000000000, -0.7071067811865476838 ) ) ;
#880 = TOROIDAL_SURFACE ( 'NONE', #4380, 4.399999999999999467, 0.1000000000000000056 ) ;
#881 = ORIENTED_EDGE ( 'NONE', *, *, #161, .T. ) ;
#882 = DIRECTION ( 'NONE',  ( 0.000000000000000000, -1.000000000000000000, 0.000000000000000000 ) ) ;
#883 = ORIENTED_EDGE ( 'NONE', *, *, #6975, .F. ) ;
#884 = CARTESIAN_POINT ( 'NONE',  ( 0.000000000000000000, 15.50000000000000000, -11.75000000000000178 ) ) ;
#885 = ORIENTED_EDGE ( 'NONE', *, *, #6134, .T. ) ;
#886 = CARTESIAN_POINT ( 'NONE',  ( -4.330127018922216742, 8.000000000000000000, 2.499999999999959588 ) ) ;
#887 = ORIENTED_EDGE ( 'NONE', *, *, #6318, .F. ) ;
#888 = CARTESIAN_POINT ( 'NONE',  ( -11.80895375196557495, 5.533976829258164365, 2.134444861880247402 ) ) ;
#889 = DIRECTION ( 'NONE',  ( 0.000000000000000000, -1.000000000000000000, -0.000000000000000000 ) ) ;
#890 = CC_DESIGN_PERSON_AND_ORGANIZATION_ASSIGNMENT ( #8166, #6077, ( #405 ) ) ;
#891 = DIRECTION ( 'NONE',  ( 0.000000000000000000, -1.000000000000000000, 0.000000000000000000 ) ) ;
#892 = VECTOR ( 'NONE', #6773, 1000.000000000000000 ) ;
#893 = ORIENTED_EDGE ( 'NONE', *, *, #5522, .F. ) ;
#894 = ORIENTED_EDGE ( 'NONE', *, *, #1812, .T. ) ;
#895 = VECTOR ( 'NONE', #2553, 1000.000000000000000 ) ;
#896 = VERTEX_POINT ( 'NONE', #6197 ) ;
#897 = CYLINDRICAL_SURFACE ( 'NONE', #7715, 11.00000000000000000 ) ;
#898 = CARTESIAN_POINT ( 'NONE',  ( -3.416796999495570919, 3.705211000014177802, 13.37067142557641652 ) ) ;
#899 = CARTESIAN_POINT ( 'NONE',  ( -2.499999999999944489, 16.00000000000000000, -4.330127018922225623 ) ) ;
#900 = CIRCLE ( 'NONE', #8033, 7.300000000000000711 ) ;
#901 = EDGE_CURVE ( 'NONE', #179, #7807, #5780, .T. ) ;
#902 = ORIENTED_EDGE ( 'NONE', *, *, #4612, .T. ) ;
#903 = TOROIDAL_SURFACE ( 'NONE', #504, 4.399999999999999467, 0.1000000000000000056 ) ;
#904 = CARTESIAN_POINT ( 'NONE',  ( 4.924038765061039769, 16.00000000000000000, 0.8682408883346546258 ) ) ;
#905 = ORIENTED_EDGE ( 'NONE', *, *, #2231, .F. ) ;
#906 = PLANE ( 'NONE',  #7777 ) ;
#907 = DIRECTION ( 'NONE',  ( 0.06906319355583728781, -0.000000000000000000, 0.9976122870613959304 ) ) ;
#908 = CARTESIAN_POINT ( 'NONE',  ( 1.903896576515194727, 3.694188479803972136, -11.84847299175273427 ) ) ;
#909 = CIRCLE ( 'NONE', #3854, 12.75000000000000000 ) ;
#910 = CARTESIAN_POINT ( 'NONE',  ( -2.383621651256585761, 3.271183911623103846, -11.76212437659633103 ) ) ;
#911 = DIRECTION ( 'NONE',  ( 0.8660254037844397068, 0.000000000000000000, -0.4999999999999980016 ) ) ;
#912 = CIRCLE ( 'NONE', #6823, 11.75000000000000533 ) ;
#913 = DIRECTION ( 'NONE',  ( -0.000000000000000000, -1.000000000000000000, -0.000000000000000000 ) ) ;
#914 = EDGE_LOOP ( 'NONE', ( #1540, #1264, #4358, #3418 ) ) ;
#915 = EDGE_CURVE ( 'NONE', #4176, #712, #6590, .T. ) ;
#916 = CALENDAR_DATE ( 2024, 28, 12 ) ;
#917 = EDGE_CURVE ( 'NONE', #199, #141, #4180, .T. ) ;
#918 = VERTEX_POINT ( 'NONE', #3559 ) ;
#919 = CARTESIAN_POINT ( 'NONE',  ( 0.000000000000000000, 16.50000000000000711, 0.000000000000000000 ) ) ;
#920 = LINE ( 'NONE', #6842, #6042 ) ;
#921 = DIRECTION ( 'NONE',  ( 0.000000000000000000, -1.000000000000000000, 0.000000000000000000 ) ) ;
#922 = AXIS2_PLACEMENT_3D ( 'NONE', #493, #2502, #1833 ) ;
#923 = FACE_OUTER_BOUND ( 'NONE', #6767, .T. ) ;
#924 = DIRECTION ( 'NONE',  ( -0.8660254037844398178, 0.000000000000000000, -0.4999999999999980016 ) ) ;
#925 = ORIENTED_EDGE ( 'NONE', *, *, #8078, .T. ) ;
#926 = EDGE_CURVE ( 'NONE', #5687, #1141, #5118, .T. ) ;
#927 = VECTOR ( 'NONE', #634, 1000.000000000000000 ) ;
#928 = CYLINDRICAL_SURFACE ( 'NONE', #4952, 11.00000000000000000 ) ;
#929 = ORIENTED_EDGE ( 'NONE', *, *, #7115, .T. ) ;
#930 = CARTESIAN_POINT ( 'NONE',  ( -12.95939174259949844, 5.866954954446399029, -12.95939174259949489 ) ) ;
#931 = ORIENTED_EDGE ( 'NONE', *, *, #6882, .F. ) ;
#932 = CARTESIAN_POINT ( 'NONE',  ( -11.88606847319430670, 4.283109048990279000, -1.649906475216037283 ) ) ;
#933 = LINE ( 'NONE', #6730, #2503 ) ;
#934 = LOCAL_TIME ( 11, 36, 54.00000000000000000, #2383 ) ;
#935 = ADVANCED_FACE ( 'NONE', ( #6664 ), #3473, .F. ) ;
#936 = CARTESIAN_POINT ( 'NONE',  ( 17.86586399182264628, 3.000000000000001332, -9.734136008177353361 ) ) ;
#937 = EDGE_LOOP ( 'NONE', ( #2827, #3424, #7406, #3459, #4182, #3645 ) ) ;
#938 = ADVANCED_FACE ( 'NONE', ( #7640 ), #3722, .F. ) ;
#939 = VERTEX_POINT ( 'NONE', #2456 ) ;
#940 = ORIENTED_EDGE ( 'NONE', *, *, #98, .T. ) ;
#941 = FACE_OUTER_BOUND ( 'NONE', #7206, .T. ) ;
#942 = DIRECTION ( 'NONE',  ( 0.7071067811865475727, 0.000000000000000000, -0.7071067811865475727 ) ) ;
#943 = CARTESIAN_POINT ( 'NONE',  ( -9.526279441628874523, 16.00000000000000000, 5.499999999999911182 ) ) ;
#944 = ORIENTED_EDGE ( 'NONE', *, *, #2510, .T. ) ;
#945 = VECTOR ( 'NONE', #6930, 1000.000000000000000 ) ;
#946 = CARTESIAN_POINT ( 'NONE',  ( 4.924038765061039769, 16.00000000000000000, 0.8682408883346546258 ) ) ;
#947 = ORIENTED_EDGE ( 'NONE', *, *, #6835, .F. ) ;
#948 = DIRECTION ( 'NONE',  ( 0.000000000000000000, 0.000000000000000000, -1.000000000000000000 ) ) ;
#949 = CARTESIAN_POINT ( 'NONE',  ( 0.000000000000000000, 18.90000000000000213, 0.000000000000000000 ) ) ;
#950 = DIRECTION ( 'NONE',  ( -0.000000000000000000, -1.000000000000000000, 0.000000000000000000 ) ) ;
#951 = CARTESIAN_POINT ( 'NONE',  ( -1.850262400595365397, 3.790485074450194336, -11.85661272182308146 ) ) ;
#952 = CARTESIAN_POINT ( 'NONE',  ( -10.73180085994850685, 7.242608629440185020, -9.034744585100801473 ) ) ;
#953 = VECTOR ( 'NONE', #2258, 1000.000000000000000 ) ;
#954 = CIRCLE ( 'NONE', #4314, 1.317565283458833392 ) ;
#955 = DIRECTION ( 'NONE',  ( -0.06906319355583279140, 0.000000000000000000, 0.9976122870613962634 ) ) ;
#956 = VERTEX_POINT ( 'NONE', #1745 ) ;
#957 = PERSON_AND_ORGANIZATION ( #3572, #663 ) ;
#958 = ORIENTED_EDGE ( 'NONE', *, *, #4747, .T. ) ;
#959 = DIRECTION ( 'NONE',  ( 0.000000000000000000, 0.000000000000000000, -1.000000000000000000 ) ) ;
#960 = LINE ( 'NONE', #1673, #424 ) ;
#961 = DIRECTION ( 'NONE',  ( 0.000000000000000000, 0.000000000000000000, 1.000000000000000000 ) ) ;
#962 = DIRECTION ( 'NONE',  ( -0.000000000000000000, -1.000000000000000000, -0.000000000000000000 ) ) ;
#963 = VECTOR ( 'NONE', #3632, 1000.000000000000000 ) ;
#964 = EDGE_CURVE ( 'NONE', #82, #3460, #4041, .T. ) ;
#965 = DIRECTION ( 'NONE',  ( -0.000000000000000000, 1.000000000000000000, 0.000000000000000000 ) ) ;
#966 = ORIENTED_EDGE ( 'NONE', *, *, #4386, .T. ) ;
#967 = CARTESIAN_POINT ( 'NONE',  ( 0.000000000000000000, 16.00000000000000000, 0.000000000000000000 ) ) ;
#968 = AXIS2_PLACEMENT_3D ( 'NONE', #1083, #5459, #8041 ) ;
#969 = ORIENTED_EDGE ( 'NONE', *, *, #4200, .T. ) ;
#970 = CARTESIAN_POINT ( 'NONE',  ( -3.827521524628603178, 13.50000000000000178, 4.261825444138396257 ) ) ;
#971 = CARTESIAN_POINT ( 'NONE',  ( -4.281510617043213784, 0.000000000000000000, -8.480487417368575365 ) ) ;
#972 = CARTESIAN_POINT ( 'NONE',  ( 0.000000000000000000, 0.000000000000000000, 0.000000000000000000 ) ) ;
#973 = DIRECTION ( 'NONE',  ( 0.000000000000000000, -1.000000000000000000, 0.000000000000000000 ) ) ;
#974 = AXIS2_PLACEMENT_3D ( 'NONE', #991, #2965, #7983 ) ;
#975 = EDGE_LOOP ( 'NONE', ( #1733, #4704, #4484, #1508, #6732, #5255, #6856, #3368, #8150, #1466, #5094, #7119, #7498, #7373, #6244, #1386 ) ) ;
#976 = CARTESIAN_POINT ( 'NONE',  ( -3.827521524628622274, 13.50000000000000178, -4.261825444138377605 ) ) ;
#977 = VERTEX_POINT ( 'NONE', #1871 ) ;
#978 = ORIENTED_EDGE ( 'NONE', *, *, #6873, .T. ) ;
#979 = VERTEX_POINT ( 'NONE', #4354 ) ;
#980 = VECTOR ( 'NONE', #3236, 1000.000000000000000 ) ;
#981 = CARTESIAN_POINT ( 'NONE',  ( 9.500000000000000000, -1.402220585023716934E-15, -0.000000000000000000 ) ) ;
#982 = DIRECTION ( 'NONE',  ( 0.000000000000000000, 0.000000000000000000, -1.000000000000000000 ) ) ;
#983 = DIRECTION ( 'NONE',  ( 0.000000000000000000, -1.000000000000000000, 0.000000000000000000 ) ) ;
#984 = EDGE_CURVE ( 'NONE', #7083, #4533, #5104, .T. ) ;
#985 = EDGE_CURVE ( 'NONE', #5270, #939, #2499, .T. ) ;
#986 = EDGE_CURVE ( 'NONE', #3307, #5725, #2541, .T. ) ;
#987 = CARTESIAN_POINT ( 'NONE',  ( 0.000000000000000000, 8.000000000000000000, 0.000000000000000000 ) ) ;
#988 = VERTEX_POINT ( 'NONE', #6319 ) ;
#989 = FACE_OUTER_BOUND ( 'NONE', #1267, .T. ) ;
#990 = DIRECTION ( 'NONE',  ( 0.8660254037844328234, 0.000000000000000000, -0.5000000000000101030 ) ) ;
#991 = CARTESIAN_POINT ( 'NONE',  ( -9.500000000000000000, 0.000000000000000000, 0.000000000000000000 ) ) ;
#992 = CARTESIAN_POINT ( 'NONE',  ( -7.070663706551798100, 8.000000000000000000, -8.426488874308869725 ) ) ;
#993 = DIRECTION ( 'NONE',  ( 0.000000000000000000, 0.000000000000000000, -1.000000000000000000 ) ) ;
#994 = LINE ( 'NONE', #8121, #6116 ) ;
#995 = AXIS2_PLACEMENT_3D ( 'NONE', #1437, #4004, #7120 ) ;
#996 = ADVANCED_FACE ( 'NONE', ( #6993 ), #530, .F. ) ;
#997 = LINE ( 'NONE', #1751, #5879 ) ;
#998 = ORIENTED_EDGE ( 'NONE', *, *, #7025, .F. ) ;
#999 = CALENDAR_DATE ( 2024, 28, 12 ) ;
#1000 = ORIENTED_EDGE ( 'NONE', *, *, #6223, .T. ) ;
#1001 = CARTESIAN_POINT ( 'NONE',  ( 13.42937856328869728, 4.390906040717227121, 3.176758021206964600 ) ) ;
#1002 = CARTESIAN_POINT ( 'NONE',  ( 8.480487417368529179, 2.000000000000000000, 4.281510617043308820 ) ) ;
#1003 = AXIS2_PLACEMENT_3D ( 'NONE', #1934, #879, #339 ) ;
#1004 = CARTESIAN_POINT ( 'NONE',  ( -10.44438976665383834, 2.000000000000000000, -5.273018338884901013 ) ) ;
#1005 = CIRCLE ( 'NONE', #2749, 1.500000000000000000 ) ;
#1006 = EDGE_CURVE ( 'NONE', #7045, #5667, #4851, .T. ) ;
#1007 = DIRECTION ( 'NONE',  ( 0.000000000000000000, 0.000000000000000000, -1.000000000000000000 ) ) ;
#1008 = AXIS2_PLACEMENT_3D ( 'NONE', #1705, #7986, #8079 ) ;
#1009 = ORIENTED_EDGE ( 'NONE', *, *, #4030, .T. ) ;
#1010 = LINE ( 'NONE', #2432, #8064 ) ;
#1011 = VERTEX_POINT ( 'NONE', #3761 ) ;
#1012 = CARTESIAN_POINT ( 'NONE',  ( -8.593287326970505902, 4.435569463351222375, -8.593287326970502349 ) ) ;
#1013 = EDGE_CURVE ( 'NONE', #465, #6231, #2569, .T. ) ;
#1014 = CARTESIAN_POINT ( 'NONE',  ( 0.000000000000000000, 6.000000000000000000, 0.000000000000000000 ) ) ;
#1015 = CARTESIAN_POINT ( 'NONE',  ( 10.83288528313428678, 8.000000000000000000, 1.910129954336236668 ) ) ;
#1016 = EDGE_LOOP ( 'NONE', ( #8231, #4718, #5181, #1227 ) ) ;
#1017 = DIRECTION ( 'NONE',  ( 0.000000000000000000, -1.000000000000000000, 0.000000000000000000 ) ) ;
#1018 = ORIENTED_EDGE ( 'NONE', *, *, #229, .F. ) ;
#1019 = ORIENTED_EDGE ( 'NONE', *, *, #1535, .T. ) ;
#1020 = EDGE_CURVE ( 'NONE', #1011, #3511, #3801, .T. ) ;
#1021 = ORIENTED_EDGE ( 'NONE', *, *, #6772, .F. ) ;
#1022 = EDGE_CURVE ( 'NONE', #6531, #8267, #1830, .T. ) ;
#1023 = DIRECTION ( 'NONE',  ( -0.8660254037844362651, 0.000000000000000000, -0.5000000000000038858 ) ) ;
#1024 = LINE ( 'NONE', #7290, #2167 ) ;
#1025 = DIRECTION ( 'NONE',  ( 0.000000000000000000, 1.000000000000000000, 0.000000000000000000 ) ) ;
#1026 = AXIS2_PLACEMENT_3D ( 'NONE', #5097, #3674, #3793 ) ;
#1027 = DIRECTION ( 'NONE',  ( -0.000000000000000000, -1.000000000000000000, -0.000000000000000000 ) ) ;
#1028 = ORIENTED_EDGE ( 'NONE', *, *, #4152, .T. ) ;
#1029 = DIRECTION ( 'NONE',  ( -0.8660254037844397068, 0.000000000000000000, 0.4999999999999980016 ) ) ;
#1030 = DIRECTION ( 'NONE',  ( 0.000000000000000000, 0.000000000000000000, -1.000000000000000000 ) ) ;
#1031 = EDGE_CURVE ( 'NONE', #4488, #4153, #6321, .T. ) ;
#1032 = LINE ( 'NONE', #322, #7565 ) ;
#1033 = CARTESIAN_POINT ( 'NONE',  ( -2.338123282305887063, 13.50000000000000178, -13.54974831931350465 ) ) ;
#1034 = CARTESIAN_POINT ( 'NONE',  ( -1.746826977830591598, 3.977485896365378970, -11.87229260487952764 ) ) ;
#1035 = DIRECTION ( 'NONE',  ( 0.000000000000000000, 1.000000000000000000, 0.000000000000000000 ) ) ;
#1036 = AXIS2_PLACEMENT_3D ( 'NONE', #3000, #5645, #2286 ) ;
#1037 = ORIENTED_EDGE ( 'NONE', *, *, #6273, .T. ) ;
#1038 = CARTESIAN_POINT ( 'NONE',  ( 0.000000000000000000, 8.000000000000000000, 0.000000000000000000 ) ) ;
#1039 = EDGE_CURVE ( 'NONE', #1282, #918, #13, .T. ) ;
#1040 = CIRCLE ( 'NONE', #4126, 10.99999999999999822 ) ;
#1041 = APPROVAL_ROLE ( '' ) ;
#1042 = ORIENTED_EDGE ( 'NONE', *, *, #6355, .T. ) ;
#1043 = FACE_OUTER_BOUND ( 'NONE', #4967, .T. ) ;
#1044 = CARTESIAN_POINT ( 'NONE',  ( 3.091507654588485199, 15.50000000000000000, 5.354648329735351098 ) ) ;
#1045 = DIRECTION ( 'NONE',  ( 0.000000000000000000, 1.000000000000000000, 0.000000000000000000 ) ) ;
#1046 = AXIS2_PLACEMENT_3D ( 'NONE', #4622, #4749, #2817 ) ;
#1047 = CARTESIAN_POINT ( 'NONE',  ( 8.426488874308748933, 8.000000000000000000, 7.070663706551944649 ) ) ;
#1048 = ORIENTED_EDGE ( 'NONE', *, *, #3790, .T. ) ;
#1049 = DIRECTION ( 'NONE',  ( 0.1736481776669272226, 0.000000000000000000, -0.9848077530122086864 ) ) ;
#1050 = VERTEX_POINT ( 'NONE', #8332 ) ;
#1051 = DIRECTION ( 'NONE',  ( -0.4389956634448528017, 0.000000000000000000, 0.8984891805005854604 ) ) ;
#1052 = AXIS2_PLACEMENT_3D ( 'NONE', #5252, #882, #7829 ) ;
#1053 = DIRECTION ( 'NONE',  ( -0.000000000000000000, -1.000000000000000000, -0.000000000000000000 ) ) ;
#1054 = LINE ( 'NONE', #2227, #3451 ) ;
#1055 = CIRCLE ( 'NONE', #7507, 1.500000000000000000 ) ;
#1056 = VERTEX_POINT ( 'NONE', #1278 ) ;
#1057 = CYLINDRICAL_SURFACE ( 'NONE', #6944, 11.00000000000000000 ) ;
#1058 = ORIENTED_EDGE ( 'NONE', *, *, #3301, .F. ) ;
#1059 = EDGE_LOOP ( 'NONE', ( #4783, #7895, #6765, #311 ) ) ;
#1060 = VERTEX_POINT ( 'NONE', #3680 ) ;
#1061 = FACE_BOUND ( 'NONE', #4685, .T. ) ;
#1062 = AXIS2_PLACEMENT_3D ( 'NONE', #6109, #2243, #6026 ) ;
#1063 = DIRECTION ( 'NONE',  ( 0.000000000000000000, -1.000000000000000000, -0.000000000000000000 ) ) ;
#1064 = LINE ( 'NONE', #943, #5584 ) ;
#1065 = EDGE_CURVE ( 'NONE', #5545, #7635, #4398, .T. ) ;
#1066 = CYLINDRICAL_SURFACE ( 'NONE', #2092, 13.75000000000000178 ) ;
#1067 =( GEOMETRIC_REPRESENTATION_CONTEXT ( 3 ) GLOBAL_UNCERTAINTY_ASSIGNED_CONTEXT ( ( #6520 ) ) GLOBAL_UNIT_ASSIGNED_CONTEXT ( ( #5162, #3778, #3234 ) ) REPRESENTATION_CONTEXT ( 'NONE', 'WORKASPACE' ) );
#1068 = VERTEX_POINT ( 'NONE', #6236 ) ;
#1069 = CARTESIAN_POINT ( 'NONE',  ( 11.72297855206927508, 3.171347316030436403, -2.571713973934631525 ) ) ;
#1070 = DIRECTION ( 'NONE',  ( 0.8660254037844398178, 0.000000000000000000, 0.4999999999999980571 ) ) ;
#1071 = LINE ( 'NONE', #1195, #2179 ) ;
#1072 = DIRECTION ( 'NONE',  ( 0.7071067811865474617, -0.000000000000000000, -0.7071067811865476838 ) ) ;
#1073 = DIRECTION ( 'NONE',  ( 0.000000000000000000, 0.000000000000000000, -1.000000000000000000 ) ) ;
#1074 = LINE ( 'NONE', #2293, #2074 ) ;
#1075 = VERTEX_POINT ( 'NONE', #3843 ) ;
#1076 = CARTESIAN_POINT ( 'NONE',  ( 0.000000000000000000, 13.50000000000000178, 0.000000000000000000 ) ) ;
#1077 = DATE_TIME_ROLE ( 'classification_date' ) ;
#1078 = B_SPLINE_CURVE_WITH_KNOTS ( 'NONE', 3,
 ( #4121, #2098, #213, #801, #6047, #2058, #4629, #7192 ),
 .UNSPECIFIED., .F., .F.,
 ( 4, 2, 2, 4 ),
 ( 0.002499602352484312211, 0.003121894888748287696, 0.003744187425012264047, 0.004988772497540217184 ),
 .UNSPECIFIED. ) ;
#1079 = AXIS2_PLACEMENT_3D ( 'NONE', #5083, #7618, #3152 ) ;
#1080 = ORIENTED_EDGE ( 'NONE', *, *, #741, .T. ) ;
#1081 = DIRECTION ( 'NONE',  ( 0.000000000000000000, 1.000000000000000000, 0.000000000000000000 ) ) ;
#1082 = DIRECTION ( 'NONE',  ( 0.000000000000000000, -1.000000000000000000, 0.000000000000000000 ) ) ;
#1083 = CARTESIAN_POINT ( 'NONE',  ( -9.034744585100801473, 4.435569463351222375, -10.73180085994851218 ) ) ;
#1084 = EDGE_CURVE ( 'NONE', #4172, #2112, #5224, .T. ) ;
#1085 = EDGE_CURVE ( 'NONE', #3436, #6302, #1900, .T. ) ;
#1086 = AXIS2_PLACEMENT_3D ( 'NONE', #6288, #6879, #4490 ) ;
#1087 = DIRECTION ( 'NONE',  ( 0.7071067811865474617, 0.000000000000000000, -0.7071067811865476838 ) ) ;
#1088 = ORIENTED_EDGE ( 'NONE', *, *, #3157, .F. ) ;
#1089 = CARTESIAN_POINT ( 'NONE',  ( -3.624573615155689765, 5.521454676030945308, -13.31573918763706921 ) ) ;
#1090 = ORIENTED_EDGE ( 'NONE', *, *, #4612, .F. ) ;
#1091 = FACE_OUTER_BOUND ( 'NONE', #2183, .T. ) ;
#1092 = ORIENTED_EDGE ( 'NONE', *, *, #3913, .F. ) ;
#1093 = AXIS2_PLACEMENT_3D ( 'NONE', #5184, #7765, #3380 ) ;
#1094 = DIRECTION ( 'NONE',  ( -1.000000000000000000, 0.000000000000000000, 3.491481338843133355E-15 ) ) ;
#1095 = EDGE_CURVE ( 'NONE', #683, #7849, #686, .T. ) ;
#1096 = ORIENTED_EDGE ( 'NONE', *, *, #149, .F. ) ;
#1097 = AXIS2_PLACEMENT_3D ( 'NONE', #748, #3984, #2176 ) ;
#1098 = ADVANCED_FACE ( 'NONE', ( #3217 ), #2584, .F. ) ;
#1099 = DIRECTION ( 'NONE',  ( 0.000000000000000000, -1.000000000000000000, -0.000000000000000000 ) ) ;
#1100 = ORIENTED_EDGE ( 'NONE', *, *, #2985, .F. ) ;
#1101 = ORIENTED_EDGE ( 'NONE', *, *, #3346, .T. ) ;
#1102 = ORIENTED_EDGE ( 'NONE', *, *, #7864, .T. ) ;
#1103 = CARTESIAN_POINT ( 'NONE',  ( 0.000000000000000000, 16.00000000000000000, 0.000000000000000000 ) ) ;
#1104 = FACE_OUTER_BOUND ( 'NONE', #2006, .T. ) ;
#1105 = CARTESIAN_POINT ( 'NONE',  ( -10.56536461825801432, 13.50000000000000178, 8.799748319313556166 ) ) ;
#1106 = VECTOR ( 'NONE', #7384, 1000.000000000000000 ) ;
#1107 = CARTESIAN_POINT ( 'NONE',  ( -1.710100716628297102, 16.00000000000000000, -4.698463103929558571 ) ) ;
#1108 = ORIENTED_EDGE ( 'NONE', *, *, #4643, .F. ) ;
#1109 = AXIS2_PLACEMENT_3D ( 'NONE', #7551, #6829, #1233 ) ;
#1110 = DIRECTION ( 'NONE',  ( -1.000000000000000000, 0.000000000000000000, -1.047444401652940007E-14 ) ) ;
#1111 = CYLINDRICAL_SURFACE ( 'NONE', #1240, 5.000000000000000888 ) ;
#1112 = CARTESIAN_POINT ( 'NONE',  ( 3.279137510637837760, 6.000000000000025757, -11.54377415899866044 ) ) ;
#1113 = ADVANCED_FACE ( 'NONE', ( #3880, #5810, #1438, #5769, #4678, #181, #2666, #2109, #7803, #11 ), #7080, .T. ) ;
#1114 = CARTESIAN_POINT ( 'NONE',  ( 3.547054873789419638, 3.544796663261065017, -13.33734161647683614 ) ) ;
#1115 = CARTESIAN_POINT ( 'NONE',  ( -2.268672570207835637, 17.50000000000000000, -12.54653835801678419 ) ) ;
#1116 = AXIS2_PLACEMENT_3D ( 'NONE', #1809, #1214, #6418 ) ;
#1117 = ORIENTED_EDGE ( 'NONE', *, *, #8273, .F. ) ;
#1118 = CARTESIAN_POINT ( 'NONE',  ( 4.804803964988678899, 6.000000000000000000, 12.93653194863403399 ) ) ;
#1119 = PERSON_AND_ORGANIZATION ( #3572, #663 ) ;
#1120 = VECTOR ( 'NONE', #950, 1000.000000000000000 ) ;
#1121 = ORIENTED_EDGE ( 'NONE', *, *, #7768, .F. ) ;
#1122 = CARTESIAN_POINT ( 'NONE',  ( 0.000000000000000000, 16.00000000000000000, 0.000000000000000000 ) ) ;
#1123 = CARTESIAN_POINT ( 'NONE',  ( -5.000000000000000000, 8.000000000000000000, -5.237222008264700033E-14 ) ) ;
#1124 = FACE_OUTER_BOUND ( 'NONE', #4983, .T. ) ;
#1125 = CYLINDRICAL_SURFACE ( 'NONE', #442, 11.00000000000000000 ) ;
#1126 = VECTOR ( 'NONE', #3598, 1000.000000000000114 ) ;
#1127 = CARTESIAN_POINT ( 'NONE',  ( 0.000000000000000000, 13.50000000000000178, 0.000000000000000000 ) ) ;
#1128 = PLANE ( 'NONE',  #6951 ) ;
#1129 = VERTEX_POINT ( 'NONE', #7246 ) ;
#1130 = CARTESIAN_POINT ( 'NONE',  ( -4.608862866305207362, 5.991020296211561735, -13.00803607751116964 ) ) ;
#1131 = VERTEX_POINT ( 'NONE', #811 ) ;
#1132 = EDGE_CURVE ( 'NONE', #3849, #852, #954, .T. ) ;
#1133 = CARTESIAN_POINT ( 'NONE',  ( 3.830222215594906832, 16.00000000000000000, -3.213938048432676720 ) ) ;
#1134 = ADVANCED_FACE ( 'NONE', ( #770 ), #5145, .F. ) ;
#1135 = CARTESIAN_POINT ( 'NONE',  ( 13.00803607751115365, 5.991020296211559959, -4.608862866305252659 ) ) ;
#1136 = CARTESIAN_POINT ( 'NONE',  ( 0.000000000000000000, 0.000000000000000000, 0.000000000000000000 ) ) ;
#1137 = ORIENTED_EDGE ( 'NONE', *, *, #4269, .F. ) ;
#1138 = CIRCLE ( 'NONE', #6775, 1.317565283458833614 ) ;
#1139 = DIRECTION ( 'NONE',  ( -0.5000000000000071054, 0.000000000000000000, 0.8660254037844345998 ) ) ;
#1140 = VERTEX_POINT ( 'NONE', #2707 ) ;
#1141 = VERTEX_POINT ( 'NONE', #4639 ) ;
#1142 = ADVANCED_FACE ( 'NONE', ( #7204 ), #6567, .F. ) ;
#1143 = ORIENTED_EDGE ( 'NONE', *, *, #3958, .F. ) ;
#1144 = DIRECTION ( 'NONE',  ( -0.4389956634448693995, 0.000000000000000000, -0.8984891805005773557 ) ) ;
#1145 = CARTESIAN_POINT ( 'NONE',  ( 0.000000000000000000, 3.000000000000000888, 0.000000000000000000 ) ) ;
#1146 = EDGE_CURVE ( 'NONE', #988, #1505, #6443, .T. ) ;
#1147 = DIRECTION ( 'NONE',  ( 0.000000000000000000, -1.000000000000000000, 0.000000000000000000 ) ) ;
#1148 = AXIS2_PLACEMENT_3D ( 'NONE', #5146, #7036, #6281 ) ;
#1149 = ORIENTED_EDGE ( 'NONE', *, *, #2023, .F. ) ;
#1150 = DIRECTION ( 'NONE',  ( 0.000000000000000000, -1.000000000000000000, 0.000000000000000000 ) ) ;
#1151 = CARTESIAN_POINT ( 'NONE',  ( 4.330127018922182103, 16.00000000000000000, 2.500000000000019984 ) ) ;
#1152 = DIRECTION ( 'NONE',  ( 0.8660254037844361541, 0.000000000000000000, -0.5000000000000042188 ) ) ;
#1153 = DIRECTION ( 'NONE',  ( -0.7660444431189725734, 0.000000000000000000, -0.6427876096865458022 ) ) ;
#1154 = DIRECTION ( 'NONE',  ( 0.000000000000000000, 0.000000000000000000, 1.000000000000000000 ) ) ;
#1155 = ADVANCED_FACE ( 'NONE', ( #3259 ), #1622, .T. ) ;
#1156 = VECTOR ( 'NONE', #1863, 1000.000000000000114 ) ;
#1157 = ORIENTED_EDGE ( 'NONE', *, *, #4413, .F. ) ;
#1158 = DIRECTION ( 'NONE',  ( -1.000000000000000000, 0.000000000000000000, 1.025063872168114215E-14 ) ) ;
#1159 = SHAPE_DEFINITION_REPRESENTATION ( #8202, #126 ) ;
#1160 = ORIENTED_EDGE ( 'NONE', *, *, #1039, .T. ) ;
#1161 = CARTESIAN_POINT ( 'NONE',  ( 12.97294548883685117, 5.999999999999998224, 4.706763560087857456 ) ) ;
#1162 = CIRCLE ( 'NONE', #7887, 13.75000000000000178 ) ;
#1163 = DIRECTION ( 'NONE',  ( 0.000000000000000000, 0.000000000000000000, 1.000000000000000000 ) ) ;
#1164 = CARTESIAN_POINT ( 'NONE',  ( -11.57237879619130005, 5.991245621477951033, -3.176669536594660226 ) ) ;
#1165 = DIRECTION ( 'NONE',  ( -0.7071067811865470176, 0.000000000000000000, -0.7071067811865480168 ) ) ;
#1166 = CIRCLE ( 'NONE', #1702, 1.317565283458833392 ) ;
#1168 = DIRECTION ( 'NONE',  ( 0.000000000000000000, 0.000000000000000000, 1.000000000000000000 ) ) ;
#1167 = AXIS2_PLACEMENT_3D ( 'NONE', #3295, #1393, #2535 ) ;
#1169 = EDGE_CURVE ( 'NONE', #6572, #7583, #7121, .T. ) ;
#1170 = EDGE_CURVE ( 'NONE', #2045, #2547, #8065, .T. ) ;
#1171 = FACE_OUTER_BOUND ( 'NONE', #333, .T. ) ;
#1172 = ORIENTED_EDGE ( 'NONE', *, *, #6801, .T. ) ;
#1173 = DIRECTION ( 'NONE',  ( 0.000000000000000000, 0.000000000000000000, 1.000000000000000000 ) ) ;
#1174 = ORIENTED_EDGE ( 'NONE', *, *, #1470, .T. ) ;
#1175 = FACE_OUTER_BOUND ( 'NONE', #2797, .T. ) ;
#1176 = DIRECTION ( 'NONE',  ( 0.000000000000000000, -1.000000000000000000, -0.000000000000000000 ) ) ;
#1177 = AXIS2_PLACEMENT_3D ( 'NONE', #6680, #6002, #4705 ) ;
#1178 = FACE_OUTER_BOUND ( 'NONE', #828, .T. ) ;
#1179 = EDGE_CURVE ( 'NONE', #4923, #7993, #553, .T. ) ;
#1180 = EDGE_LOOP ( 'NONE', ( #7581, #5171, #5534, #969 ) ) ;
#1181 = CARTESIAN_POINT ( 'NONE',  ( 0.000000000000000000, 17.50000000000000000, 0.000000000000000000 ) ) ;
#1182 = ORIENTED_EDGE ( 'NONE', *, *, #4113, .T. ) ;
#1183 = VECTOR ( 'NONE', #4285, 1000.000000000000000 ) ;
#1184 = ORIENTED_EDGE ( 'NONE', *, *, #4835, .T. ) ;
#1185 = EDGE_LOOP ( 'NONE', ( #7698, #4036, #2013, #5555 ) ) ;
#1186 = LINE ( 'NONE', #8190, #864 ) ;
#1187 = FACE_OUTER_BOUND ( 'NONE', #2736, .T. ) ;
#1188 = CIRCLE ( 'NONE', #2665, 5.000000000000000000 ) ;
#1189 = ADVANCED_FACE ( 'NONE', ( #6104 ), #2153, .F. ) ;
#1190 = ADVANCED_FACE ( 'NONE', ( #4849 ), #6863, .T. ) ;
#1191 = CARTESIAN_POINT ( 'NONE',  ( 10.83288528313430099, 8.000000000000000000, -1.910129954336162950 ) ) ;
#1192 = ORIENTED_EDGE ( 'NONE', *, *, #4802, .F. ) ;
#1193 = ORIENTED_EDGE ( 'NONE', *, *, #1791, .F. ) ;
#1194 = CIRCLE ( 'NONE', #3617, 1.249999999999987121 ) ;
#1195 = CARTESIAN_POINT ( 'NONE',  ( 2.081510617043281108, 16.00100000000000122, -8.480487417368538061 ) ) ;
#1196 = DIRECTION ( 'NONE',  ( -0.000000000000000000, -1.000000000000000000, 0.000000000000000000 ) ) ;
#1197 = CARTESIAN_POINT ( 'NONE',  ( 0.000000000000000000, 0.000000000000000000, -8.000000000000000000 ) ) ;
#1198 = EDGE_CURVE ( 'NONE', #2137, #3460, #8110, .T. ) ;
#1199 = AXIS2_PLACEMENT_3D ( 'NONE', #3532, #7450, #2352 ) ;
#1200 = EDGE_CURVE ( 'NONE', #562, #3024, #1352, .T. ) ;
#1201 = ORIENTED_EDGE ( 'NONE', *, *, #6180, .F. ) ;
#1202 = CARTESIAN_POINT ( 'NONE',  ( 0.000000000000000000, 2.000000000000000000, 0.000000000000000000 ) ) ;
#1203 = CALENDAR_DATE ( 2024, 28, 12 ) ;
#1204 = ORIENTED_EDGE ( 'NONE', *, *, #3090, .T. ) ;
#1205 = DIRECTION ( 'NONE',  ( -0.000000000000000000, -1.000000000000000000, -0.000000000000000000 ) ) ;
#1206 = CARTESIAN_POINT ( 'NONE',  ( -12.30120021480761672, 17.16674065569375074, 4.455726359391517732 ) ) ;
#1207 = DIRECTION ( 'NONE',  ( -0.000000000000000000, -1.000000000000000000, -0.000000000000000000 ) ) ;
#1208 = CARTESIAN_POINT ( 'NONE',  ( 2.499999999999974687, 16.00000000000000000, 4.330127018922207860 ) ) ;
#1209 = LINE ( 'NONE', #3775, #4115 ) ;
#1210 = CONICAL_SURFACE ( 'NONE', #5106, 12.80000000000000426, 0.7853981633974421728 ) ;
#1211 = DIRECTION ( 'NONE',  ( 0.3420201433256662149, 0.000000000000000000, 0.9396926207859093161 ) ) ;
#1212 = ORIENTED_EDGE ( 'NONE', *, *, #783, .F. ) ;
#1213 = ORIENTED_EDGE ( 'NONE', *, *, #2251, .T. ) ;
#1214 = DIRECTION ( 'NONE',  ( 0.000000000000000000, 1.000000000000000000, 0.000000000000000000 ) ) ;
#1215 = CARTESIAN_POINT ( 'NONE',  ( 10.33661882864496562, 16.00000000000000000, 3.762221576582435834 ) ) ;
#1216 = EDGE_CURVE ( 'NONE', #354, #2945, #1024, .T. ) ;
#1217 = EDGE_CURVE ( 'NONE', #5215, #6946, #2021, .T. ) ;
#1218 = EDGE_CURVE ( 'NONE', #576, #5182, #6058, .T. ) ;
#1219 = DIRECTION ( 'NONE',  ( 0.000000000000000000, 1.000000000000000000, 0.000000000000000000 ) ) ;
#1220 = VECTOR ( 'NONE', #3350, 1000.000000000000000 ) ;
#1221 = ORIENTED_EDGE ( 'NONE', *, *, #7132, .T. ) ;
#1222 = CYLINDRICAL_SURFACE ( 'NONE', #6678, 1.317565283458833392 ) ;
#1223 = EDGE_LOOP ( 'NONE', ( #2690, #467, #6593, #7861 ) ) ;
#1224 = DIRECTION ( 'NONE',  ( -0.7660444431189815662, 0.000000000000000000, 0.6427876096865351441 ) ) ;
#1225 = AXIS2_PLACEMENT_3D ( 'NONE', #1788, #6280, #5651 ) ;
#1226 = VERTEX_POINT ( 'NONE', #1607 ) ;
#1227 = ORIENTED_EDGE ( 'NONE', *, *, #4529, .F. ) ;
#1228 = DIRECTION ( 'NONE',  ( 0.5000000000000009992, 0.000000000000000000, -0.8660254037844381525 ) ) ;
#1229 = DIRECTION ( 'NONE',  ( -0.7071067811865470176, 0.000000000000000000, -0.7071067811865480168 ) ) ;
#1230 = DIRECTION ( 'NONE',  ( 0.000000000000000000, 1.000000000000000000, 0.000000000000000000 ) ) ;
#1231 = ORIENTED_EDGE ( 'NONE', *, *, #1031, .F. ) ;
#1232 = ORIENTED_EDGE ( 'NONE', *, *, #7132, .F. ) ;
#1233 = DIRECTION ( 'NONE',  ( 0.000000000000000000, 0.000000000000000000, -1.000000000000000000 ) ) ;
#1234 = AXIS2_PLACEMENT_3D ( 'NONE', #4199, #1629, #961 ) ;
#1235 = EDGE_CURVE ( 'NONE', #3479, #576, #3382, .T. ) ;
#1236 = DIRECTION ( 'NONE',  ( 1.000000000000000000, 0.000000000000000000, 1.047444401652940007E-14 ) ) ;
#1237 = ADVANCED_FACE ( 'NONE', ( #2792 ), #5355, .F. ) ;
#1238 = CARTESIAN_POINT ( 'NONE',  ( 0.000000000000000000, 16.00000000000000000, 0.000000000000000000 ) ) ;
#1239 = DIRECTION ( 'NONE',  ( -0.000000000000000000, -1.000000000000000000, -0.000000000000000000 ) ) ;
#1240 = AXIS2_PLACEMENT_3D ( 'NONE', #565, #3046, #4270 ) ;
#1241 = ORIENTED_EDGE ( 'NONE', *, *, #2625, .T. ) ;
#1242 = FACE_OUTER_BOUND ( 'NONE', #4079, .T. ) ;
#1243 = ORIENTED_EDGE ( 'NONE', *, *, #4152, .F. ) ;
#1244 = CARTESIAN_POINT ( 'NONE',  ( 0.000000000000000000, 8.000000000000000000, 0.000000000000000000 ) ) ;
#1245 = DIRECTION ( 'NONE',  ( -0.1736481776669375476, 0.000000000000000000, 0.9848077530122067991 ) ) ;
#1246 = LINE ( 'NONE', #5032, #7859 ) ;
#1247 = CIRCLE ( 'NONE', #7571, 0.5999999999999977573 ) ;
#1248 = CC_DESIGN_PERSON_AND_ORGANIZATION_ASSIGNMENT ( #5455, #3055, ( #3006 ) ) ;
#1249 = DIRECTION ( 'NONE',  ( 0.000000000000000000, -1.000000000000000000, 0.000000000000000000 ) ) ;
#1250 = DIRECTION ( 'NONE',  ( -0.000000000000000000, -1.000000000000000000, -0.000000000000000000 ) ) ;
#1251 = VECTOR ( 'NONE', #7257, 1000.000000000000114 ) ;
#1252 = CARTESIAN_POINT ( 'NONE',  ( 11.85638892384873699, 5.211737141051898448, -1.851703639773173871 ) ) ;
#1253 = EDGE_LOOP ( 'NONE', ( #8318, #7558, #7068, #8083 ) ) ;
#1254 = SHAPE_REPRESENTATION_RELATIONSHIP ( 'NONE' , 'NONE' ,  #126, #5372 ) ;
#1255 = ORIENTED_EDGE ( 'NONE', *, *, #7501, .F. ) ;
#1256 = CARTESIAN_POINT ( 'NONE',  ( -3.091507654588485199, 15.50000000000000000, -5.354648329735351098 ) ) ;
#1257 = DIRECTION ( 'NONE',  ( 0.4999999999999949485, 0.000000000000000000, 0.8660254037844415942 ) ) ;
#1258 = CARTESIAN_POINT ( 'NONE',  ( 3.213938048432689598, 8.000000000000000000, -3.830222215594895729 ) ) ;
#1259 = CARTESIAN_POINT ( 'NONE',  ( 0.000000000000000000, 2.000000000000000000, 0.000000000000000000 ) ) ;
#1260 = AXIS2_PLACEMENT_3D ( 'NONE', #8242, #4479, #3130 ) ;
#1261 = ADVANCED_FACE ( 'NONE', ( #4178 ), #7974, .T. ) ;
#1262 = ORIENTED_EDGE ( 'NONE', *, *, #4200, .F. ) ;
#1263 = DIRECTION ( 'NONE',  ( -0.8984891805005772447, 0.000000000000000000, 0.4389956634448693995 ) ) ;
#1264 = ORIENTED_EDGE ( 'NONE', *, *, #423, .F. ) ;
#1265 = DIRECTION ( 'NONE',  ( -0.000000000000000000, -1.000000000000000000, -0.000000000000000000 ) ) ;
#1266 = EDGE_LOOP ( 'NONE', ( #1262, #887, #2441, #5754, #8354, #814 ) ) ;
#1267 = EDGE_LOOP ( 'NONE', ( #4585, #8024, #5244, #6429 ) ) ;
#1268 = DIRECTION ( 'NONE',  ( 1.000000000000000000, 0.000000000000000000, -5.519574696289845775E-15 ) ) ;
#1269 = FACE_OUTER_BOUND ( 'NONE', #3871, .T. ) ;
#1270 = CIRCLE ( 'NONE', #5570, 13.75000000000000355 ) ;
#1271 = CARTESIAN_POINT ( 'NONE',  ( -3.091507654588460774, 17.50000000000000000, 5.354648329735367085 ) ) ;
#1272 = ORIENTED_EDGE ( 'NONE', *, *, #6041, .F. ) ;
#1273 = EDGE_CURVE ( 'NONE', #2993, #3748, #2709, .T. ) ;
#1274 = EDGE_CURVE ( 'NONE', #6638, #7208, #7413, .T. ) ;
#1275 = VERTEX_POINT ( 'NONE', #7544 ) ;
#1276 = CIRCLE ( 'NONE', #5970, 12.75000000000000000 ) ;
#1277 = LINE ( 'NONE', #1829, #5280 ) ;
#1278 = CARTESIAN_POINT ( 'NONE',  ( 10.33661882864498871, 16.00000000000000000, -3.762221576582364779 ) ) ;
#1279 = DIRECTION ( 'NONE',  ( -0.7071067811865470176, 0.000000000000000000, -0.7071067811865480168 ) ) ;
#1280 = VECTOR ( 'NONE', #8017, 1000.000000000000000 ) ;
#1281 = ADVANCED_FACE ( 'NONE', ( #628 ), #3238, .T. ) ;
#1282 = VERTEX_POINT ( 'NONE', #4930 ) ;
#1283 = CARTESIAN_POINT ( 'NONE',  ( 3.239409476306085001, 4.916036314966903298, 13.41442773151993961 ) ) ;
#1284 = APPROVAL_DATE_TIME ( #2590, #2113 ) ;
#1285 = ORIENTED_EDGE ( 'NONE', *, *, #6507, .T. ) ;
#1286 = FACE_OUTER_BOUND ( 'NONE', #3666, .T. ) ;
#1287 = AXIS2_PLACEMENT_3D ( 'NONE', #5178, #3334, #171 ) ;
#1288 = DIRECTION ( 'NONE',  ( -0.8294259869447440092, 0.000000000000000000, -0.5586166236165348575 ) ) ;
#1289 = CARTESIAN_POINT ( 'NONE',  ( 0.000000000000000000, -1.402220585023716934E-15, -6.750000000000013323 ) ) ;
#1290 = AXIS2_PLACEMENT_3D ( 'NONE', #3455, #889, #6810 ) ;
#1291 = APPLICATION_CONTEXT ( 'configuration controlled 3d designs of mechanical parts and assemblies' ) ;
#1292 = EDGE_CURVE ( 'NONE', #1782, #6758, #7134, .T. ) ;
#1293 = DIRECTION ( 'NONE',  ( 0.000000000000000000, 1.000000000000000000, 0.000000000000000000 ) ) ;
#1294 = FACE_OUTER_BOUND ( 'NONE', #3468, .T. ) ;
#1295 = ORIENTED_EDGE ( 'NONE', *, *, #5767, .T. ) ;
#1296 = CIRCLE ( 'NONE', #5592, 13.75000000000000178 ) ;
#1297 = ORIENTED_EDGE ( 'NONE', *, *, #3430, .T. ) ;
#1298 = DIRECTION ( 'NONE',  ( 0.8294259869447413447, 0.000000000000000000, -0.5586166236165386323 ) ) ;
#1299 = CARTESIAN_POINT ( 'NONE',  ( 13.42946039122701229, 4.605821537865891102, -3.176412064022073434 ) ) ;
#1300 = AXIS2_PLACEMENT_3D ( 'NONE', #1136, #3702, #5003 ) ;
#1301 = DIRECTION ( 'NONE',  ( 0.5000000000000071054, 0.000000000000000000, -0.8660254037844345998 ) ) ;
#1302 = DIRECTION ( 'NONE',  ( -0.9396926207859104263, 0.000000000000000000, 0.3420201433256629953 ) ) ;
#1303 = CIRCLE ( 'NONE', #8036, 1.249999999999987121 ) ;
#1304 = ORIENTED_EDGE ( 'NONE', *, *, #8009, .T. ) ;
#1305 = DIRECTION ( 'NONE',  ( 0.8984891805005772447, 0.000000000000000000, -0.4389956634448693995 ) ) ;
#1306 = ORIENTED_EDGE ( 'NONE', *, *, #1488, .T. ) ;
#1307 = CARTESIAN_POINT ( 'NONE',  ( 0.000000000000000000, 3.000000000000000888, 0.000000000000000000 ) ) ;
#1308 = ORIENTED_EDGE ( 'NONE', *, *, #304, .F. ) ;
#1309 = CIRCLE ( 'NONE', #2522, 10.99999999999999822 ) ;
#1310 = ORIENTED_EDGE ( 'NONE', *, *, #7779, .T. ) ;
#1311 = DIRECTION ( 'NONE',  ( 0.000000000000000000, 0.000000000000000000, -1.000000000000000000 ) ) ;
#1312 = CIRCLE ( 'NONE', #1714, 1.400000000000000133 ) ;
#1313 = DIRECTION ( 'NONE',  ( -0.4999999999999949485, 0.000000000000000000, -0.8660254037844415942 ) ) ;
#1314 = VECTOR ( 'NONE', #3896, 1000.000000000000000 ) ;
#1315 = CARTESIAN_POINT ( 'NONE',  ( 10.28739452976824964, 16.83340189783331198, -8.612536060784702130 ) ) ;
#1316 = ORIENTED_EDGE ( 'NONE', *, *, #5023, .T. ) ;
#1317 = VERTEX_POINT ( 'NONE', #8153 ) ;
#1318 = LINE ( 'NONE', #6608, #7030 ) ;
#1319 = AXIS2_PLACEMENT_3D ( 'NONE', #2798, #7209, #2116 ) ;
#1320 = DIRECTION ( 'NONE',  ( 0.8984891805005853493, -0.000000000000000000, 0.4389956634448527462 ) ) ;
#1321 = CARTESIAN_POINT ( 'NONE',  ( 5.196152422706659557, 15.50000000000000000, 2.999999999999952038 ) ) ;
#1322 = EDGE_CURVE ( 'NONE', #7338, #4652, #3279, .T. ) ;
#1323 = ORIENTED_EDGE ( 'NONE', *, *, #7351, .F. ) ;
#1324 = CYLINDRICAL_SURFACE ( 'NONE', #6692, 4.500000000000000000 ) ;
#1325 = DIRECTION ( 'NONE',  ( 0.000000000000000000, 1.000000000000000000, 0.000000000000000000 ) ) ;
#1326 = CALENDAR_DATE ( 2024, 28, 12 ) ;
#1327 = ORIENTED_EDGE ( 'NONE', *, *, #2498, .F. ) ;
#1328 = CARTESIAN_POINT ( 'NONE',  ( 11.87831552823947767, 4.920502793703484201, 1.704818361101281488 ) ) ;
#1329 = DIRECTION ( 'NONE',  ( 0.000000000000000000, -0.000000000000000000, 1.000000000000000000 ) ) ;
#1330 = LINE ( 'NONE', #3893, #7319 ) ;
#1331 =( GEOMETRIC_REPRESENTATION_CONTEXT ( 3 ) GLOBAL_UNCERTAINTY_ASSIGNED_CONTEXT ( ( #3335 ) ) GLOBAL_UNIT_ASSIGNED_CONTEXT ( ( #3148, #2475, #7614 ) ) REPRESENTATION_CONTEXT ( 'NONE', 'WORKASPACE' ) );
#1332 = DIRECTION ( 'NONE',  ( 1.000000000000000000, 0.000000000000000000, 3.491481338843133355E-15 ) ) ;
#1333 = ORIENTED_EDGE ( 'NONE', *, *, #4863, .F. ) ;
#1334 = ORIENTED_EDGE ( 'NONE', *, *, #2143, .F. ) ;
#1335 = CARTESIAN_POINT ( 'NONE',  ( -13.33557626713715294, 5.445110143937114344, -3.550604392508288853 ) ) ;
#1336 = FACE_OUTER_BOUND ( 'NONE', #2683, .T. ) ;
#1337 = EDGE_CURVE ( 'NONE', #5552, #5135, #4303, .T. ) ;
#1339 = EDGE_CURVE ( 'NONE', #6336, #1770, #5654, .T. ) ;
#1338 = CARTESIAN_POINT ( 'NONE',  ( 0.000000000000000000, 0.000000000000000000, -6.750000000000007105 ) ) ;
#1340 = CARTESIAN_POINT ( 'NONE',  ( -12.11086360517564131, 5.866954954446399029, -13.80791988002335202 ) ) ;
#1341 = CIRCLE ( 'NONE', #5904, 13.79999999999999893 ) ;
#1342 = EDGE_LOOP ( 'NONE', ( #7107, #2433, #2494, #3283 ) ) ;
#1343 = LINE ( 'NONE', #6343, #7633 ) ;
#1344 = ORIENTED_EDGE ( 'NONE', *, *, #20, .T. ) ;
#1345 = CARTESIAN_POINT ( 'NONE',  ( 9.500000000000000000, -1.402220585023716934E-15, -0.000000000000000000 ) ) ;
#1346 = VERTEX_POINT ( 'NONE', #2562 ) ;
#1347 = EDGE_LOOP ( 'NONE', ( #6847, #6119 ) ) ;
#1348 = AXIS2_PLACEMENT_3D ( 'NONE', #6164, #1082, #3484 ) ;
#1349 = DIRECTION ( 'NONE',  ( 0.000000000000000000, 0.000000000000000000, -1.000000000000000000 ) ) ;
#1350 = CARTESIAN_POINT ( 'NONE',  ( -8.169023258258578224, 4.435569463351222375, -9.017551395682430027 ) ) ;
#1351 = EDGE_CURVE ( 'NONE', #4846, #4217, #7959, .T. ) ;
#1352 = CIRCLE ( 'NONE', #144, 12.00000000000000178 ) ;
#1353 = PLANE ( 'NONE',  #1706 ) ;
#1354 = VERTEX_POINT ( 'NONE', #4970 ) ;
#1355 = VERTEX_POINT ( 'NONE', #6861 ) ;
#1356 = CARTESIAN_POINT ( 'NONE',  ( -4.330127018922164339, 8.000000000000000000, -2.500000000000050182 ) ) ;
#1357 = CARTESIAN_POINT ( 'NONE',  ( -6.183015309176970398, 17.50000000000000000, 1.474514954580286030E-14 ) ) ;
#1358 = CARTESIAN_POINT ( 'NONE',  ( -11.09555992249987000, 0.000000000000000000, 3.866658765163369704 ) ) ;
#1359 = CLOSED_SHELL ( 'NONE', ( #8201, #3774, #4027, #3302, #3242, #3602, #7162, #7762 ) ) ;
#1360 = EDGE_CURVE ( 'NONE', #1948, #386, #560, .T. ) ;
#1361 = VERTEX_POINT ( 'NONE', #1258 ) ;
#1362 = VECTOR ( 'NONE', #4350, 1000.000000000000000 ) ;
#1363 = DIRECTION ( 'NONE',  ( -0.000000000000000000, 1.000000000000000000, -0.000000000000000000 ) ) ;
#1364 = ADVANCED_FACE ( 'NONE', ( #4538 ), #5126, .F. ) ;
#1365 = CARTESIAN_POINT ( 'NONE',  ( 0.000000000000000000, 0.000000000000000000, 8.000000000000000000 ) ) ;
#1366 = ORIENTED_EDGE ( 'NONE', *, *, #2864, .T. ) ;
#1367 = DIRECTION ( 'NONE',  ( -0.7071067811865474617, -0.000000000000000000, 0.7071067811865476838 ) ) ;
#1368 = CARTESIAN_POINT ( 'NONE',  ( 9.526279441628837219, 16.00000000000000000, -5.499999999999977796 ) ) ;
#1369 = CARTESIAN_POINT ( 'NONE',  ( 1.710100716628329964, 16.00000000000000000, 4.698463103929547025 ) ) ;
#1370 = CIRCLE ( 'NONE', #3526, 12.75000000000000000 ) ;
#1371 = DIRECTION ( 'NONE',  ( -0.9848077530122092416, 0.000000000000000000, 0.1736481776669237809 ) ) ;
#1372 = ORIENTED_EDGE ( 'NONE', *, *, #5190, .F. ) ;
#1373 = SECURITY_CLASSIFICATION_LEVEL ( 'unclassified' ) ;
#1374 = VECTOR ( 'NONE', #6545, 1000.000000000000000 ) ;
#1375 = ORIENTED_EDGE ( 'NONE', *, *, #7567, .F. ) ;
#1376 = FACE_OUTER_BOUND ( 'NONE', #5858, .T. ) ;
#1377 = DIRECTION ( 'NONE',  ( 0.6427876096865351441, 0.000000000000000000, 0.7660444431189816772 ) ) ;
#1378 = DIRECTION ( 'NONE',  ( -0.8660254037844328234, 0.000000000000000000, -0.5000000000000099920 ) ) ;
#1379 = CARTESIAN_POINT ( 'NONE',  ( 12.90348790056390094, 16.50000000000000711, -4.750000000000121680 ) ) ;
#1380 = AXIS2_PLACEMENT_3D ( 'NONE', #1244, #6409, #7604 ) ;
#1381 = ORIENTED_EDGE ( 'NONE', *, *, #3373, .F. ) ;
#1382 = DIRECTION ( 'NONE',  ( 0.06906319355583728781, -0.000000000000000000, 0.9976122870613959304 ) ) ;
#1383 = ORIENTED_EDGE ( 'NONE', *, *, #4965, .T. ) ;
#1384 = ADVANCED_FACE ( 'NONE', ( #1104 ), #75, .T. ) ;
#1385 = DIRECTION ( 'NONE',  ( 0.06906319355583277753, 0.000000000000000000, -0.9976122870613961524 ) ) ;
#1386 = ORIENTED_EDGE ( 'NONE', *, *, #6238, .F. ) ;
#1387 = DIRECTION ( 'NONE',  ( 0.000000000000000000, 0.000000000000000000, -1.000000000000000000 ) ) ;
#1388 = VERTEX_POINT ( 'NONE', #4262 ) ;
#1389 = AXIS2_PLACEMENT_3D ( 'NONE', #3610, #6203, #7397 ) ;
#1390 = FACE_OUTER_BOUND ( 'NONE', #6199, .T. ) ;
#1391 = DIRECTION ( 'NONE',  ( 0.000000000000000000, 0.000000000000000000, -1.000000000000000000 ) ) ;
#1392 = AXIS2_PLACEMENT_3D ( 'NONE', #5228, #3879, #7163 ) ;
#1393 = DIRECTION ( 'NONE',  ( -0.000000000000000000, -1.000000000000000000, -0.000000000000000000 ) ) ;
#1394 = ORIENTED_EDGE ( 'NONE', *, *, #4770, .F. ) ;
#1395 = EDGE_CURVE ( 'NONE', #7891, #5559, #17, .T. ) ;
#1396 = ORIENTED_EDGE ( 'NONE', *, *, #5833, .T. ) ;
#1397 = LINE ( 'NONE', #5183, #6763 ) ;
#1398 = DIRECTION ( 'NONE',  ( 0.000000000000000000, -0.000000000000000000, 1.000000000000000000 ) ) ;
#1399 = CARTESIAN_POINT ( 'NONE',  ( -3.176412064022024584, 4.394237712663405127, -13.42946039122701940 ) ) ;
#1400 = CIRCLE ( 'NONE', #189, 11.00000000000000000 ) ;
#1401 = EDGE_LOOP ( 'NONE', ( #2380, #1820, #6701, #1960 ) ) ;
#1402 = AXIS2_PLACEMENT_3D ( 'NONE', #6040, #7998, #7354 ) ;
#1403 = EDGE_LOOP ( 'NONE', ( #1221, #2787, #861, #2321, #7933, #2221, #3076 ) ) ;
#1404 = CARTESIAN_POINT ( 'NONE',  ( 0.000000000000000000, 8.000000000000000000, 0.000000000000000000 ) ) ;
#1405 = CARTESIAN_POINT ( 'NONE',  ( -7.070663706551798100, 16.00000000000000000, -8.426488874308869725 ) ) ;
#1406 = EDGE_CURVE ( 'NONE', #5067, #4050, #2645, .T. ) ;
#1407 = CARTESIAN_POINT ( 'NONE',  ( 11.57237879619127874, 5.991245621477951921, 3.176669536594741050 ) ) ;
#1408 = DIRECTION ( 'NONE',  ( 0.9848077530122092416, 0.000000000000000000, -0.1736481776669237809 ) ) ;
#1409 = FACE_OUTER_BOUND ( 'NONE', #470, .T. ) ;
#1410 = CARTESIAN_POINT ( 'NONE',  ( -10.33661882864493542, 8.000000000000000000, -3.762221576582507776 ) ) ;
#1411 = AXIS2_PLACEMENT_3D ( 'NONE', #401, #2237, #5481 ) ;
#1412 = VERTEX_POINT ( 'NONE', #3824 ) ;
#1413 = APPROVAL_DATE_TIME ( #7306, #6073 ) ;
#1414 = ORIENTED_EDGE ( 'NONE', *, *, #3301, .T. ) ;
#1415 = CARTESIAN_POINT ( 'NONE',  ( 10.33661882864496562, 16.00000000000000000, 3.762221576582435834 ) ) ;
#1416 = FACE_OUTER_BOUND ( 'NONE', #2264, .T. ) ;
#1417 = DIRECTION ( 'NONE',  ( -0.000000000000000000, -1.000000000000000000, 0.000000000000000000 ) ) ;
#1418 = DIRECTION ( 'NONE',  ( -0.000000000000000000, -1.000000000000000000, -0.000000000000000000 ) ) ;
#1419 = AXIS2_PLACEMENT_3D ( 'NONE', #8111, #6783, #4893 ) ;
#1420 = EDGE_CURVE ( 'NONE', #4514, #1938, #3903, .T. ) ;
#1421 = EDGE_CURVE ( 'NONE', #7586, #7128, #6187, .T. ) ;
#1422 = ORIENTED_EDGE ( 'NONE', *, *, #7237, .F. ) ;
#1423 = CARTESIAN_POINT ( 'NONE',  ( -3.830222215594861535, 16.00000000000000000, -3.213938048432730454 ) ) ;
#1424 = EDGE_LOOP ( 'NONE', ( #1649, #1866, #310, #1193 ) ) ;
#1425 = FACE_OUTER_BOUND ( 'NONE', #6704, .T. ) ;
#1426 = ORIENTED_EDGE ( 'NONE', *, *, #7654, .F. ) ;
#1427 = DIRECTION ( 'NONE',  ( 0.000000000000000000, 1.000000000000000000, 0.000000000000000000 ) ) ;
#1428 = ORIENTED_EDGE ( 'NONE', *, *, #4731, .F. ) ;
#1429 = DIRECTION ( 'NONE',  ( 0.000000000000000000, 1.000000000000000000, 0.000000000000000000 ) ) ;
#1430 = AXIS2_PLACEMENT_3D ( 'NONE', #5036, #1250, #27 ) ;
#1431 = CARTESIAN_POINT ( 'NONE',  ( 2.969776669781008849, 5.964986595364966782, 11.62851540572746778 ) ) ;
#1432 = EDGE_CURVE ( 'NONE', #4067, #4503, #1906, .T. ) ;
#1433 = LINE ( 'NONE', #221, #766 ) ;
#1434 = ORIENTED_EDGE ( 'NONE', *, *, #125, .F. ) ;
#1435 = AXIS2_PLACEMENT_3D ( 'NONE', #5928, #2104, #6053 ) ;
#1436 = ORIENTED_EDGE ( 'NONE', *, *, #1512, .F. ) ;
#1437 = CARTESIAN_POINT ( 'NONE',  ( -3.091507654588485199, 17.50000000000000000, -5.354648329735351098 ) ) ;
#1438 = FACE_BOUND ( 'NONE', #6636, .T. ) ;
#1439 = CARTESIAN_POINT ( 'NONE',  ( -3.274824628160161399, 3.988508490570996212, -13.40588680599814886 ) ) ;
#1440 = ADVANCED_FACE ( 'NONE', ( #7061 ), #4658, .F. ) ;
#1441 = EDGE_CURVE ( 'NONE', #6255, #7218, #1503, .T. ) ;
#1442 = AXIS2_PLACEMENT_3D ( 'NONE', #393, #3541, #6855 ) ;
#1443 = ORIENTED_EDGE ( 'NONE', *, *, #3116, .F. ) ;
#1444 = CARTESIAN_POINT ( 'NONE',  ( -7.320495120834721980, 4.435569463351222375, -9.866079533106287158 ) ) ;
#1445 = ORIENTED_EDGE ( 'NONE', *, *, #6212, .T. ) ;
#1446 = CYLINDRICAL_SURFACE ( 'NONE', #4943, 1.249999999999993339 ) ;
#1447 = AXIS2_PLACEMENT_3D ( 'NONE', #8046, #4244, #3062 ) ;
#1448 = CARTESIAN_POINT ( 'NONE',  ( -11.09555992249988776, 0.000000000000000000, -3.866658765163317302 ) ) ;
#1449 = CARTESIAN_POINT ( 'NONE',  ( -8.896404679647130109, 15.50000000000000000, 7.675707379515762874 ) ) ;
#1450 = DIRECTION ( 'NONE',  ( -0.5586166236165349686, 0.000000000000000000, 0.8294259869447440092 ) ) ;
#1451 = CARTESIAN_POINT ( 'NONE',  ( -10.56536461825801432, 13.50000000000000178, 8.799748319313556166 ) ) ;
#1452 = EDGE_CURVE ( 'NONE', #6263, #5785, #434, .T. ) ;
#1453 = AXIS2_PLACEMENT_3D ( 'NONE', #4729, #4184, #948 ) ;
#1454 = CARTESIAN_POINT ( 'NONE',  ( 13.37143201716097884, 3.709952428572458327, -3.413783152486533190 ) ) ;
#1455 = VERTEX_POINT ( 'NONE', #5247 ) ;
#1456 = APPROVAL_DATE_TIME ( #198, #5813 ) ;
#1457 = ORIENTED_EDGE ( 'NONE', *, *, #4692, .T. ) ;
#1458 = LINE ( 'NONE', #3439, #5939 ) ;
#1459 = CIRCLE ( 'NONE', #2265, 13.75000000000000178 ) ;
#1460 = CYLINDRICAL_SURFACE ( 'NONE', #1747, 1.499999999999999778 ) ;
#1461 = DIRECTION ( 'NONE',  ( 0.000000000000000000, -1.000000000000000000, 0.000000000000000000 ) ) ;
#1462 = CARTESIAN_POINT ( 'NONE',  ( -3.091507654588485199, 13.50000000000000178, -4.037083046276517706 ) ) ;
#1463 = CC_DESIGN_APPROVAL ( #2012, ( #405 ) ) ;
#1464 = ORIENTED_EDGE ( 'NONE', *, *, #8224, .T. ) ;
#1465 = CARTESIAN_POINT ( 'NONE',  ( -8.426488874308697419, 16.00000000000000000, -7.070663706552003269 ) ) ;
#1466 = ORIENTED_EDGE ( 'NONE', *, *, #5702, .F. ) ;
#1467 = DIRECTION ( 'NONE',  ( 0.000000000000000000, 1.000000000000000000, 0.000000000000000000 ) ) ;
#1468 = VERTEX_POINT ( 'NONE', #4618 ) ;
#1469 = DIRECTION ( 'NONE',  ( -0.000000000000000000, -1.000000000000000000, -0.000000000000000000 ) ) ;
#1470 = EDGE_CURVE ( 'NONE', #6386, #90, #7223, .T. ) ;
#1471 = ORIENTED_EDGE ( 'NONE', *, *, #1339, .T. ) ;
#1472 = ADVANCED_FACE ( 'NONE', ( #249 ), #1543, .F. ) ;
#1473 = CARTESIAN_POINT ( 'NONE',  ( -11.82292693020367125, 5.459908161774555957, 2.055112681349677839 ) ) ;
#1474 = CYLINDRICAL_SURFACE ( 'NONE', #491, 1.317565283458833836 ) ;
#1475 = DIRECTION ( 'NONE',  ( 0.000000000000000000, 1.000000000000000000, 0.000000000000000000 ) ) ;
#1476 = ORIENTED_EDGE ( 'NONE', *, *, #3449, .T. ) ;
#1477 = CIRCLE ( 'NONE', #2285, 5.000000000000000888 ) ;
#1478 = ORIENTED_EDGE ( 'NONE', *, *, #3111, .F. ) ;
#1479 = CARTESIAN_POINT ( 'NONE',  ( -12.93653194863401801, 6.000000000000001776, 4.804803964988723308 ) ) ;
#1480 = CARTESIAN_POINT ( 'NONE',  ( 4.607089630164623806, 5.990793779393237095, -13.00866269416818000 ) ) ;
#1481 = CARTESIAN_POINT ( 'NONE',  ( -3.779808207197982828, 3.345336280929024131, -13.27251118294737076 ) ) ;
#1482 = AXIS2_PLACEMENT_3D ( 'NONE', #7691, #4322, #1840 ) ;
#1483 = ORIENTED_EDGE ( 'NONE', *, *, #4614, .F. ) ;
#1484 = CARTESIAN_POINT ( 'NONE',  ( 0.000000000000000000, 2.000000000000000000, 0.000000000000000000 ) ) ;
#1485 = ORIENTED_EDGE ( 'NONE', *, *, #8311, .F. ) ;
#1486 = DIRECTION ( 'NONE',  ( 0.000000000000000000, 0.000000000000000000, -1.000000000000000000 ) ) ;
#1487 = EDGE_CURVE ( 'NONE', #4193, #643, #6039, .T. ) ;
#1488 = EDGE_CURVE ( 'NONE', #1775, #1129, #5376, .T. ) ;
#1489 = CARTESIAN_POINT ( 'NONE',  ( -1.453321664238037103, 15.50000000000000000, -0.7051888804836617952 ) ) ;
#1490 = CIRCLE ( 'NONE', #7127, 12.00000000000000178 ) ;
#1491 = CARTESIAN_POINT ( 'NONE',  ( 11.72308315111102139, 3.171566151326166150, 2.571238114557565790 ) ) ;
#1492 = CARTESIAN_POINT ( 'NONE',  ( 0.000000000000000000, 16.00000000000000000, 0.000000000000000000 ) ) ;
#1493 = CARTESIAN_POINT ( 'NONE',  ( 0.8682408883346373063, 16.00000000000000000, -4.924038765061042433 ) ) ;
#1494 = AXIS2_PLACEMENT_3D ( 'NONE', #3673, #4460, #1301 ) ;
#1495 = CARTESIAN_POINT ( 'NONE',  ( 10.83288528313430099, 8.000000000000000000, -1.910129954336162950 ) ) ;
#1496 = ORIENTED_EDGE ( 'NONE', *, *, #3347, .T. ) ;
#1497 = PERSON_AND_ORGANIZATION ( #3572, #663 ) ;
#1498 = CC_DESIGN_PERSON_AND_ORGANIZATION_ASSIGNMENT ( #2975, #6243, ( #6969 ) ) ;
#1499 = EDGE_LOOP ( 'NONE', ( #1909, #3920 ) ) ;
#1500 = CARTESIAN_POINT ( 'NONE',  ( -7.070663706551798100, 8.000000000000000000, -8.426488874308869725 ) ) ;
#1501 = CARTESIAN_POINT ( 'NONE',  ( 8.426488874308796895, 16.00000000000000000, -7.070663706551887806 ) ) ;
#1502 = ADVANCED_FACE ( 'NONE', ( #2812 ), #7787, .F. ) ;
#1503 = LINE ( 'NONE', #3320, #1767 ) ;
#1504 = CARTESIAN_POINT ( 'NONE',  ( -2.199155242852715908, 15.50000000000000000, -11.54236614467906463 ) ) ;
#1505 = VERTEX_POINT ( 'NONE', #6505 ) ;
#1506 = AXIS2_PLACEMENT_3D ( 'NONE', #2160, #4732, #7385 ) ;
#1507 = CARTESIAN_POINT ( 'NONE',  ( -3.290002895201631805, 0.000000000000000000, -6.516585068083228904 ) ) ;
#1508 = ORIENTED_EDGE ( 'NONE', *, *, #6711, .F. ) ;
#1509 = LINE ( 'NONE', #6682, #3476 ) ;
#1510 = EDGE_LOOP ( 'NONE', ( #1174, #5837, #3819, #4088 ) ) ;
#1511 = VERTEX_POINT ( 'NONE', #292 ) ;
#1512 = EDGE_CURVE ( 'NONE', #4535, #6948, #8235, .T. ) ;
#1513 = CARTESIAN_POINT ( 'NONE',  ( -11.75993914216209468, 5.721632636804156569, 2.390149664617597036 ) ) ;
#1514 = CARTESIAN_POINT ( 'NONE',  ( 1.634821837571607483, 4.395570083154928476, 11.88811833761113412 ) ) ;
#1515 = AXIS2_PLACEMENT_3D ( 'NONE', #1012, #1593, #6131 ) ;
#1516 = VERTEX_POINT ( 'NONE', #2090 ) ;
#1517 = DIRECTION ( 'NONE',  ( -0.000000000000000000, -1.000000000000000000, -0.000000000000000000 ) ) ;
#1518 = VERTEX_POINT ( 'NONE', #4574 ) ;
#1519 = AXIS2_PLACEMENT_3D ( 'NONE', #334, #5539, #2257 ) ;
#1520 = EDGE_LOOP ( 'NONE', ( #5634, #4406, #705, #3128, #1867, #5379 ) ) ;
#1521 = ORIENTED_EDGE ( 'NONE', *, *, #1179, .T. ) ;
#1522 = DIRECTION ( 'NONE',  ( 0.000000000000000000, 0.000000000000000000, -1.000000000000000000 ) ) ;
#1523 = CARTESIAN_POINT ( 'NONE',  ( -3.546986586602371094, 3.544787044914610163, 13.33736467031575934 ) ) ;
#1524 = VERTEX_POINT ( 'NONE', #7184 ) ;
#1525 = ADVANCED_FACE ( 'NONE', ( #4701 ), #7143, .F. ) ;
#1526 = EDGE_CURVE ( 'NONE', #1775, #16, #4724, .T. ) ;
#1527 = DIRECTION ( 'NONE',  ( 0.000000000000000000, 0.000000000000000000, -1.000000000000000000 ) ) ;
#1528 = VERTEX_POINT ( 'NONE', #7269 ) ;
#1529 = CARTESIAN_POINT ( 'NONE',  ( -9.459008653812727374, 4.435569463351222375, -10.30753679123658451 ) ) ;
#1530 = LINE ( 'NONE', #2923, #7014 ) ;
#1531 = DIRECTION ( 'NONE',  ( -0.8660254037844363761, 0.000000000000000000, -0.5000000000000039968 ) ) ;
#1532 = CARTESIAN_POINT ( 'NONE',  ( -1.635040004546753245, 4.391400646573069722, -11.88808833175173696 ) ) ;
#1533 = DIRECTION ( 'NONE',  ( 0.000000000000000000, -1.000000000000000000, -0.000000000000000000 ) ) ;
#1534 = AXIS2_PLACEMENT_3D ( 'NONE', #669, #7704, #3864 ) ;
#1535 = EDGE_CURVE ( 'NONE', #1129, #6416, #5790, .T. ) ;
#1536 = CIRCLE ( 'NONE', #3294, 1.317565283458833836 ) ;
#1537 = PLANE ( 'NONE',  #3203 ) ;
#1538 = ORIENTED_EDGE ( 'NONE', *, *, #5398, .T. ) ;
#1539 = DATE_AND_TIME ( #916, #4431 ) ;
#1540 = ORIENTED_EDGE ( 'NONE', *, *, #4884, .F. ) ;
#1541 = CARTESIAN_POINT ( 'NONE',  ( -2.057390147715731477, 3.537842378498148310, 11.82253099170552879 ) ) ;
#1542 = DIRECTION ( 'NONE',  ( 0.3420201433256630508, 0.000000000000000000, 0.9396926207859105373 ) ) ;
#1543 = CYLINDRICAL_SURFACE ( 'NONE', #3515, 5.000000000000000000 ) ;
#1544 = CARTESIAN_POINT ( 'NONE',  ( -10.73180085994850863, 3.835569463351224062, -9.034744585100805025 ) ) ;
#1545 = EDGE_CURVE ( 'NONE', #2516, #7178, #6868, .T. ) ;
#1546 = VECTOR ( 'NONE', #4313, 1000.000000000000000 ) ;
#1547 = VERTEX_POINT ( 'NONE', #3402 ) ;
#1548 = CARTESIAN_POINT ( 'NONE',  ( 10.56536461825795037, 13.50000000000000178, -8.799748319313628997 ) ) ;
#1549 = VERTEX_POINT ( 'NONE', #5954 ) ;
#1550 = DIRECTION ( 'NONE',  ( 7.999791739217606182E-17, 1.000000000000000000, 7.999791739217603716E-17 ) ) ;
#1551 = VERTEX_POINT ( 'NONE', #203 ) ;
#1552 = CARTESIAN_POINT ( 'NONE',  ( 9.731284662494420701, 17.50000000000000000, -8.237997257677426077 ) ) ;
#1553 = EDGE_LOOP ( 'NONE', ( #4280, #8320, #259, #2256 ) ) ;
#1554 = CARTESIAN_POINT ( 'NONE',  ( -11.84847299175272184, 3.694188479803970804, -1.903896576515231809 ) ) ;
#1555 = AXIS2_PLACEMENT_3D ( 'NONE', #5219, #47, #720 ) ;
#1556 = FACE_BOUND ( 'NONE', #3001, .T. ) ;
#1557 = CARTESIAN_POINT ( 'NONE',  ( -6.516585068083168508, 16.00100000000000122, -3.290002895201689537 ) ) ;
#1558 = ORIENTED_EDGE ( 'NONE', *, *, #4614, .T. ) ;
#1559 = VERTEX_POINT ( 'NONE', #6676 ) ;
#1560 = AXIS2_PLACEMENT_3D ( 'NONE', #6883, #541, #6414 ) ;
#1561 = ORIENTED_EDGE ( 'NONE', *, *, #5702, .T. ) ;
#1562 = DIRECTION ( 'NONE',  ( 0.7660444431189883385, 0.000000000000000000, -0.6427876096865271505 ) ) ;
#1563 = CARTESIAN_POINT ( 'NONE',  ( -4.607117177311904399, 2.999999999999997335, 13.00995551107153148 ) ) ;
#1564 = CARTESIAN_POINT ( 'NONE',  ( 0.000000000000000000, 8.000000000000000000, 0.000000000000000000 ) ) ;
#1565 = VECTOR ( 'NONE', #3945, 1000.000000000000000 ) ;
#1566 = EDGE_LOOP ( 'NONE', ( #2693, #3542 ) ) ;
#1567 = AXIS2_PLACEMENT_3D ( 'NONE', #5473, #8059, #4339 ) ;
#1568 = DIRECTION ( 'NONE',  ( -0.8660254037844432595, 0.000000000000000000, -0.4999999999999919509 ) ) ;
#1569 = ORIENTED_EDGE ( 'NONE', *, *, #6686, .F. ) ;
#1570 = CARTESIAN_POINT ( 'NONE',  ( 11.80946780480335612, 3.468472156458219935, -2.131613396943331740 ) ) ;
#1571 = CARTESIAN_POINT ( 'NONE',  ( -1.710100716628395912, 8.000000000000000000, 4.698463103929523044 ) ) ;
#1572 = CARTESIAN_POINT ( 'NONE',  ( 1.634821837571646563, 4.604429916845064419, -11.88811833761112524 ) ) ;
#1573 = VECTOR ( 'NONE', #5755, 1000.000000000000000 ) ;
#1574 = EDGE_CURVE ( 'NONE', #1647, #852, #115, .T. ) ;
#1575 = CARTESIAN_POINT ( 'NONE',  ( 0.000000000000000000, 16.00000000000000000, 0.000000000000000000 ) ) ;
#1576 = CARTESIAN_POINT ( 'NONE',  ( -1.337372317084188689, 15.50000000000000000, 0.9060190408585719890 ) ) ;
#1577 = AXIS2_PLACEMENT_3D ( 'NONE', #5281, #4569, #2762 ) ;
#1578 = DIRECTION ( 'NONE',  ( 0.000000000000000000, 1.000000000000000000, 0.000000000000000000 ) ) ;
#1579 = EDGE_LOOP ( 'NONE', ( #5578, #2399, #5231, #7180 ) ) ;
#1580 = PERSON_AND_ORGANIZATION ( #3572, #663 ) ;
#1581 = ORIENTED_EDGE ( 'NONE', *, *, #986, .F. ) ;
#1582 = DIRECTION ( 'NONE',  ( 0.000000000000000000, 1.000000000000000000, 0.000000000000000000 ) ) ;
#1583 = CARTESIAN_POINT ( 'NONE',  ( 0.000000000000000000, 16.00000000000000000, 0.000000000000000000 ) ) ;
#1584 = DIRECTION ( 'NONE',  ( -0.8660254037844431485, 0.000000000000000000, -0.4999999999999920064 ) ) ;
#1585 = CIRCLE ( 'NONE', #1453, 4.500000000000000000 ) ;
#1586 = LINE ( 'NONE', #4830, #5693 ) ;
#1587 = LINE ( 'NONE', #7448, #1724 ) ;
#1588 = VERTEX_POINT ( 'NONE', #2132 ) ;
#1589 = AXIS2_PLACEMENT_3D ( 'NONE', #3204, #755, #7709 ) ;
#1590 = FACE_OUTER_BOUND ( 'NONE', #5253, .T. ) ;
#1591 = VERTEX_POINT ( 'NONE', #877 ) ;
#1592 = EDGE_CURVE ( 'NONE', #7830, #5923, #4324, .T. ) ;
#1593 = DIRECTION ( 'NONE',  ( 0.7071067811865475727, 0.000000000000000000, 0.7071067811865475727 ) ) ;
#1594 = EDGE_CURVE ( 'NONE', #7069, #4928, #5401, .T. ) ;
#1595 = DIRECTION ( 'NONE',  ( 0.000000000000000000, -1.000000000000000000, 0.000000000000000000 ) ) ;
#1596 = CARTESIAN_POINT ( 'NONE',  ( -10.00937232694875334, 17.16674065569375429, 8.425288703366298648 ) ) ;
#1597 = EDGE_CURVE ( 'NONE', #4193, #1773, #7443, .T. ) ;
#1598 = CARTESIAN_POINT ( 'NONE',  ( 1.746063517759653738, 3.979017324323900873, 11.87240625633547886 ) ) ;
#1599 = APPROVAL_PERSON_ORGANIZATION ( #4739, #5813, #2212 ) ;
#1600 = ORIENTED_EDGE ( 'NONE', *, *, #2003, .F. ) ;
#1601 = CARTESIAN_POINT ( 'NONE',  ( 0.000000000000000000, 16.50000000000000711, -13.75000000000000178 ) ) ;
#1602 = ORIENTED_EDGE ( 'NONE', *, *, #3195, .F. ) ;
#1603 = ORIENTED_EDGE ( 'NONE', *, *, #6015, .T. ) ;
#1604 = EDGE_LOOP ( 'NONE', ( #585, #2459, #3366, #8295 ) ) ;
#1605 = ADVANCED_FACE ( 'NONE', ( #2304 ), #6802, .F. ) ;
#1606 = CARTESIAN_POINT ( 'NONE',  ( -10.56536461825801432, 13.50000000000000178, 8.799748319313556166 ) ) ;
#1607 = CARTESIAN_POINT ( 'NONE',  ( -8.480487417368529179, 2.000000000000000000, -2.081510617043310418 ) ) ;
#1608 = DIRECTION ( 'NONE',  ( 0.000000000000000000, 0.000000000000000000, 1.000000000000000000 ) ) ;
#1609 = AXIS2_PLACEMENT_3D ( 'NONE', #5428, #1053, #8005 ) ;
#1610 = DIRECTION ( 'NONE',  ( -0.000000000000000000, 1.000000000000000000, -0.000000000000000000 ) ) ;
#1611 = ORIENTED_EDGE ( 'NONE', *, *, #5361, .T. ) ;
#1612 = CARTESIAN_POINT ( 'NONE',  ( 0.000000000000000000, 16.00000000000000000, 0.000000000000000000 ) ) ;
#1613 = FACE_OUTER_BOUND ( 'NONE', #5087, .T. ) ;
#1614 = CARTESIAN_POINT ( 'NONE',  ( 6.183015309176969510, 15.50000000000000000, -5.767955557622883589E-14 ) ) ;
#1615 = DIRECTION ( 'NONE',  ( -1.000000000000000000, -6.285229985423214289E-17, 0.000000000000000000 ) ) ;
#1616 = CARTESIAN_POINT ( 'NONE',  ( 0.000000000000000000, 8.000000000000000000, 0.000000000000000000 ) ) ;
#1617 = DIRECTION ( 'NONE',  ( 0.000000000000000000, 0.000000000000000000, 1.000000000000000000 ) ) ;
#1618 = ADVANCED_FACE ( 'NONE', ( #338 ), #1674, .T. ) ;
#1619 = AXIS2_PLACEMENT_3D ( 'NONE', #8211, #1245, #1880 ) ;
#1620 = EDGE_CURVE ( 'NONE', #5538, #745, #2436, .T. ) ;
#1621 = ADVANCED_FACE ( 'NONE', ( #7352 ), #4323, .F. ) ;
#1622 = TOROIDAL_SURFACE ( 'NONE', #6451, 1.400000000000000133, 0.1000000000000000056 ) ;
#1623 = DIRECTION ( 'NONE',  ( 0.7071067811865474617, -0.000000000000000000, -0.7071067811865476838 ) ) ;
#1624 = EDGE_LOOP ( 'NONE', ( #6543, #7684, #3313, #6158 ) ) ;
#1625 = SECURITY_CLASSIFICATION_LEVEL ( 'unclassified' ) ;
#1626 = ORIENTED_EDGE ( 'NONE', *, *, #6731, .F. ) ;
#1627 = CYLINDRICAL_SURFACE ( 'NONE', #2326, 5.000000000000000000 ) ;
#1628 = DIRECTION ( 'NONE',  ( 0.000000000000000000, -1.000000000000000000, -0.000000000000000000 ) ) ;
#1629 = DIRECTION ( 'NONE',  ( 0.000000000000000000, 1.000000000000000000, 0.000000000000000000 ) ) ;
#1630 = LINE ( 'NONE', #7226, #3151 ) ;
#1631 = AXIS2_PLACEMENT_3D ( 'NONE', #4070, #7310, #159 ) ;
#1632 = ADVANCED_FACE ( 'NONE', ( #459 ), #3693, .T. ) ;
#1633 = ADVANCED_FACE ( 'NONE', ( #4788 ), #1125, .T. ) ;
#1634 = DIRECTION ( 'NONE',  ( 0.5586166236165349686, 0.000000000000000000, -0.8294259869447440092 ) ) ;
#1635 = ORIENTED_EDGE ( 'NONE', *, *, #3806, .F. ) ;
#1636 = CARTESIAN_POINT ( 'NONE',  ( -3.863719948811831006, 5.714130997070779650, -13.24839561660947496 ) ) ;
#1637 = VECTOR ( 'NONE', #5663, 1000.000000000000000 ) ;
#1638 = ORIENTED_EDGE ( 'NONE', *, *, #4258, .F. ) ;
#1639 = DIRECTION ( 'NONE',  ( 0.000000000000000000, -1.000000000000000000, 0.000000000000000000 ) ) ;
#1640 = CARTESIAN_POINT ( 'NONE',  ( 13.36836546731310094, 5.286725255746506313, -3.425084766211824672 ) ) ;
#1641 = CARTESIAN_POINT ( 'NONE',  ( 0.000000000000000000, 16.00000000000000000, 0.000000000000000000 ) ) ;
#1642 = FACE_BOUND ( 'NONE', #6377, .T. ) ;
#1643 = AXIS2_PLACEMENT_3D ( 'NONE', #258, #6514, #7961 ) ;
#1644 = EDGE_CURVE ( 'NONE', #3635, #5972, #501, .T. ) ;
#1645 = VERTEX_POINT ( 'NONE', #5420 ) ;
#1646 = DIRECTION ( 'NONE',  ( 0.7071067811865474617, 0.000000000000000000, -0.7071067811865474617 ) ) ;
#1647 = VERTEX_POINT ( 'NONE', #6125 ) ;
#1648 = ORIENTED_EDGE ( 'NONE', *, *, #6974, .F. ) ;
#1649 = ORIENTED_EDGE ( 'NONE', *, *, #2389, .F. ) ;
#1650 = CIRCLE ( 'NONE', #172, 1.317565283458833392 ) ;
#1651 = PLANE ( 'NONE',  #7454 ) ;
#1652 = DIRECTION ( 'NONE',  ( 0.000000000000000000, 1.000000000000000000, 0.000000000000000000 ) ) ;
#1653 = LINE ( 'NONE', #4766, #3710 ) ;
#1654 = ADVANCED_FACE ( 'NONE', ( #5582 ), #7526, .T. ) ;
#1655 = AXIS2_PLACEMENT_3D ( 'NONE', #3139, #22, #8210 ) ;
#1656 = CARTESIAN_POINT ( 'NONE',  ( 0.000000000000000000, 8.000000000000000000, 0.000000000000000000 ) ) ;
#1657 = VERTEX_POINT ( 'NONE', #5542 ) ;
#1658 = FACE_OUTER_BOUND ( 'NONE', #7274, .T. ) ;
#1659 = LINE ( 'NONE', #4268, #8241 ) ;
#1660 = DIRECTION ( 'NONE',  ( 0.4999999999999888978, 0.000000000000000000, 0.8660254037844451469 ) ) ;
#1661 = LINE ( 'NONE', #7474, #1126 ) ;
#1662 = CARTESIAN_POINT ( 'NONE',  ( -2.970224493703129465, 3.034915884355526838, -11.62840080806526011 ) ) ;
#1663 = DIRECTION ( 'NONE',  ( 0.000000000000000000, 1.000000000000000000, 0.000000000000000000 ) ) ;
#1664 = AXIS2_PLACEMENT_3D ( 'NONE', #6749, #3516, #3472 ) ;
#1665 = EDGE_CURVE ( 'NONE', #4877, #3043, #7997, .T. ) ;
#1666 = AXIS2_PLACEMENT_3D ( 'NONE', #981, #4132, #6698 ) ;
#1667 = EDGE_CURVE ( 'NONE', #320, #1874, #566, .T. ) ;
#1668 = FACE_OUTER_BOUND ( 'NONE', #8019, .T. ) ;
#1669 = VERTEX_POINT ( 'NONE', #5502 ) ;
#1670 = DATE_AND_TIME ( #8084, #3079 ) ;
#1671 = ORIENTED_EDGE ( 'NONE', *, *, #3255, .T. ) ;
#1672 = LINE ( 'NONE', #2342, #5812 ) ;
#1673 = CARTESIAN_POINT ( 'NONE',  ( 5.500000000000010658, 16.00000000000000000, -9.526279441628817679 ) ) ;
#1674 = CYLINDRICAL_SURFACE ( 'NONE', #3257, 1.500000000000000222 ) ;
#1675 = VECTOR ( 'NONE', #617, 1000.000000000000000 ) ;
#1676 = DIRECTION ( 'NONE',  ( 0.000000000000000000, -1.000000000000000000, 0.000000000000000000 ) ) ;
#1677 = ORIENTED_EDGE ( 'NONE', *, *, #8199, .T. ) ;
#1678 = DIRECTION ( 'NONE',  ( -0.7071067811865402453, -0.000000000000000000, -0.7071067811865549002 ) ) ;
#1679 = EDGE_LOOP ( 'NONE', ( #7148, #2158, #492, #806, #4675, #2808 ) ) ;
#1680 = DIRECTION ( 'NONE',  ( -0.7660444431189815662, 0.000000000000000000, 0.6427876096865351441 ) ) ;
#1681 = CARTESIAN_POINT ( 'NONE',  ( 13.41447436959846229, 4.915813211523510695, -3.239218090929271820 ) ) ;
#1682 = ADVANCED_FACE ( 'NONE', ( #6082 ), #7822, .T. ) ;
#1683 = CARTESIAN_POINT ( 'NONE',  ( 1.649906475215958901, 4.716890951009714783, 11.88606847319432447 ) ) ;
#1684 = VECTOR ( 'NONE', #2793, 1000.000000000000000 ) ;
#1685 = VERTEX_POINT ( 'NONE', #1004 ) ;
#1686 = CARTESIAN_POINT ( 'NONE',  ( -4.924038765061034439, 8.000000000000000000, -0.8682408883346889317 ) ) ;
#1687 = ORIENTED_EDGE ( 'NONE', *, *, #485, .F. ) ;
#1688 = ORIENTED_EDGE ( 'NONE', *, *, #3143, .F. ) ;
#1689 = CIRCLE ( 'NONE', #5312, 2.199999999999997957 ) ;
#1690 = EDGE_LOOP ( 'NONE', ( #5746, #591, #3670, #1108 ) ) ;
#1691 = DIRECTION ( 'NONE',  ( 0.000000000000000000, -0.000000000000000000, 1.000000000000000000 ) ) ;
#1692 = FACE_OUTER_BOUND ( 'NONE', #8218, .T. ) ;
#1693 = B_SPLINE_CURVE_WITH_KNOTS ( 'NONE', 3,
 ( #2664, #3258, #7888, #4046 ),
 .UNSPECIFIED., .F., .F.,
 ( 4, 4 ),
 ( 2.837003266953256909E-07, 0.001418470439742867354 ),
 .UNSPECIFIED. ) ;
#1694 = DIRECTION ( 'NONE',  ( 0.000000000000000000, 1.000000000000000000, 0.000000000000000000 ) ) ;
#1695 = ORIENTED_EDGE ( 'NONE', *, *, #3385, .F. ) ;
#1696 = CIRCLE ( 'NONE', #2773, 5.000000000000000000 ) ;
#1697 = CARTESIAN_POINT ( 'NONE',  ( 11.84672815643640043, 3.702177298178922715, -1.913146690186857013 ) ) ;
#1698 = DIRECTION ( 'NONE',  ( -0.000000000000000000, -1.000000000000000000, -0.000000000000000000 ) ) ;
#1699 = FACE_OUTER_BOUND ( 'NONE', #4501, .T. ) ;
#1700 = EDGE_CURVE ( 'NONE', #7993, #4885, #7552, .T. ) ;
#1701 = CARTESIAN_POINT ( 'NONE',  ( 2.969776669781046596, 3.035013404635030554, -11.62851540572746245 ) ) ;
#1702 = AXIS2_PLACEMENT_3D ( 'NONE', #1852, #7534, #3154 ) ;
#1703 = EDGE_CURVE ( 'NONE', #3699, #8094, #2259, .T. ) ;
#1704 = CARTESIAN_POINT ( 'NONE',  ( 10.83288528313430099, 16.00000000000000000, -1.910129954336162950 ) ) ;
#1705 = CARTESIAN_POINT ( 'NONE',  ( 3.091507654588422582, 17.50000000000000000, -5.354648329735387513 ) ) ;
#1706 = AXIS2_PLACEMENT_3D ( 'NONE', #5764, #50, #3875 ) ;
#1707 = EDGE_CURVE ( 'NONE', #7382, #3748, #7566, .T. ) ;
#1708 = VERTEX_POINT ( 'NONE', #7651 ) ;
#1709 = FACE_OUTER_BOUND ( 'NONE', #6215, .T. ) ;
#1710 = VECTOR ( 'NONE', #4843, 1000.000000000000000 ) ;
#1711 = DATE_AND_TIME ( #6756, #7524 ) ;
#1712 = VERTEX_POINT ( 'NONE', #1882 ) ;
#1713 = CARTESIAN_POINT ( 'NONE',  ( 13.25033740415611661, 3.277299463864554507, 3.859383156451236196 ) ) ;
#1714 = AXIS2_PLACEMENT_3D ( 'NONE', #7210, #2589, #101 ) ;
#1715 = FACE_OUTER_BOUND ( 'NONE', #5016, .T. ) ;
#1716 = EDGE_CURVE ( 'NONE', #7382, #4416, #5131, .T. ) ;
#1717 = CARTESIAN_POINT ( 'NONE',  ( -9.883272722524649723, 7.242608629440185020, -9.883272722524660381 ) ) ;
#1718 = EDGE_CURVE ( 'NONE', #2774, #6812, #4367, .T. ) ;
#1719 = DIRECTION ( 'NONE',  ( 1.000000000000000000, 7.228014483236694583E-17, 3.552713678800500929E-15 ) ) ;
#1720 = ORIENTED_EDGE ( 'NONE', *, *, #7703, .T. ) ;
#1721 = CARTESIAN_POINT ( 'NONE',  ( -3.779238319997559437, 5.654197682898653987, -13.27267123549432348 ) ) ;
#1722 = ORIENTED_EDGE ( 'NONE', *, *, #4444, .F. ) ;
#1723 = DIRECTION ( 'NONE',  ( 0.000000000000000000, -1.000000000000000000, -0.000000000000000000 ) ) ;
#1724 = VECTOR ( 'NONE', #2941, 1000.000000000000114 ) ;
#1725 = FACE_OUTER_BOUND ( 'NONE', #605, .T. ) ;
#1726 = APPLICATION_CONTEXT ( 'configuration controlled 3d designs of mechanical parts and assemblies' ) ;
#1727 = DIRECTION ( 'NONE',  ( 0.000000000000000000, 1.000000000000000000, 0.000000000000000000 ) ) ;
#1728 = CIRCLE ( 'NONE', #6419, 0.5999999999999983125 ) ;
#1729 = VERTEX_POINT ( 'NONE', #3100 ) ;
#1730 = LINE ( 'NONE', #6219, #6538 ) ;
#1731 = ORIENTED_EDGE ( 'NONE', *, *, #2586, .F. ) ;
#1732 = EDGE_CURVE ( 'NONE', #4437, #6627, #7610, .T. ) ;
#1733 = ORIENTED_EDGE ( 'NONE', *, *, #917, .F. ) ;
#1734 = ORIENTED_EDGE ( 'NONE', *, *, #2002, .F. ) ;
#1735 = CYLINDRICAL_SURFACE ( 'NONE', #3415, 10.99999999999999822 ) ;
#1736 = VECTOR ( 'NONE', #5486, 1000.000000000000000 ) ;
#1737 = DIRECTION ( 'NONE',  ( -0.000000000000000000, -1.000000000000000000, 0.000000000000000000 ) ) ;
#1738 = CARTESIAN_POINT ( 'NONE',  ( -7.070663706551974848, 16.00000000000000000, 8.426488874308724064 ) ) ;
#1739 = CARTESIAN_POINT ( 'NONE',  ( 3.830222215594885071, 16.00000000000000000, 3.213938048432703809 ) ) ;
#1740 = LOCAL_TIME ( 11, 36, 54.00000000000000000, #5370 ) ;
#1741 = ORIENTED_EDGE ( 'NONE', *, *, #7417, .T. ) ;
#1742 = FACE_OUTER_BOUND ( 'NONE', #6605, .T. ) ;
#1743 = CYLINDRICAL_SURFACE ( 'NONE', #5266, 5.000000000000000000 ) ;
#1744 = DIRECTION ( 'NONE',  ( -0.4999999999999888423, 0.000000000000000000, -0.8660254037844450359 ) ) ;
#1745 = CARTESIAN_POINT ( 'NONE',  ( -1.910129954336199143, 8.000000000000000000, 10.83288528313429389 ) ) ;
#1746 = DIRECTION ( 'NONE',  ( -0.7071067811865470176, 0.000000000000000000, -0.7071067811865480168 ) ) ;
#1747 = AXIS2_PLACEMENT_3D ( 'NONE', #6587, #3401, #5952 ) ;
#1748 = EDGE_CURVE ( 'NONE', #6989, #733, #4451, .T. ) ;
#1749 = EDGE_CURVE ( 'NONE', #5153, #6182, #3785, .T. ) ;
#1750 = VERTEX_POINT ( 'NONE', #6922 ) ;
#1751 = CARTESIAN_POINT ( 'NONE',  ( -0.7203435945076458458, 15.50000000000000000, -9.818949408240483123 ) ) ;
#1752 = CALENDAR_DATE ( 2024, 28, 12 ) ;
#1753 = CIRCLE ( 'NONE', #3094, 5.000000000000001776 ) ;
#1754 = ORIENTED_EDGE ( 'NONE', *, *, #1095, .T. ) ;
#1755 = CARTESIAN_POINT ( 'NONE',  ( 11.09555992249991441, 15.50000000000000000, 3.866658765163240918 ) ) ;
#1756 = CARTESIAN_POINT ( 'NONE',  ( 0.000000000000000000, 16.00000000000000000, 0.000000000000000000 ) ) ;
#1757 = DIRECTION ( 'NONE',  ( 0.000000000000000000, 0.000000000000000000, 1.000000000000000000 ) ) ;
#1758 = VECTOR ( 'NONE', #1153, 1000.000000000000000 ) ;
#1759 = EDGE_CURVE ( 'NONE', #5575, #5006, #618, .T. ) ;
#1760 = CARTESIAN_POINT ( 'NONE',  ( -2.338123282305887063, 13.50000000000000178, -13.54974831931350465 ) ) ;
#1761 = FACE_OUTER_BOUND ( 'NONE', #3225, .T. ) ;
#1762 = ORIENTED_EDGE ( 'NONE', *, *, #1432, .F. ) ;
#1763 = CARTESIAN_POINT ( 'NONE',  ( 4.500000000000000000, 17.50000000000000000, 0.000000000000000000 ) ) ;
#1764 = ORIENTED_EDGE ( 'NONE', *, *, #564, .T. ) ;
#1765 = DIRECTION ( 'NONE',  ( 1.000000000000000000, -0.000000000000000000, 1.224646799147353207E-16 ) ) ;
#1766 = ORIENTED_EDGE ( 'NONE', *, *, #3134, .T. ) ;
#1767 = VECTOR ( 'NONE', #2049, 1000.000000000000000 ) ;
#1768 = CLOSED_SHELL ( 'NONE', ( #7285, #3404, #5748, #7327, #6815, #8155, #938, #4819, #4480, #5739, #3125, #7672, #218, #3717, #2209, #5494, #6470, #4861, #5139, #3208, #666, #557, #555, #1113, #4950, #1957, #7778, #7885, #1237, #503, #4573, #1877, #7236, #6934, #8182, #5567, #2469, #4791, #3041, #3585, #6508, #1189, #5157, #372, #7598, #3627, #7596, #3211, #8261, #1525, #3807, #305, #5007, #7852, #5055, #1605, #4005 ) ) ;
#1769 = DIRECTION ( 'NONE',  ( 0.000000000000000000, 1.000000000000000000, 0.000000000000000000 ) ) ;
#1770 = VERTEX_POINT ( 'NONE', #539 ) ;
#1771 = AXIS2_PLACEMENT_3D ( 'NONE', #3038, #34, #3862 ) ;
#1772 = DIRECTION ( 'NONE',  ( 0.7660444431189771253, 0.000000000000000000, 0.6427876096865405842 ) ) ;
#1773 = VERTEX_POINT ( 'NONE', #7006 ) ;
#1774 = EDGE_CURVE ( 'NONE', #7668, #4578, #4465, .T. ) ;
#1775 = VERTEX_POINT ( 'NONE', #1208 ) ;
#1776 = EDGE_LOOP ( 'NONE', ( #4844, #2443, #5707, #5300 ) ) ;
#1777 = DIRECTION ( 'NONE',  ( 0.1736481776669272226, 0.000000000000000000, -0.9848077530122086864 ) ) ;
#1778 = DIRECTION ( 'NONE',  ( -0.000000000000000000, -1.000000000000000000, 0.000000000000000000 ) ) ;
#1779 = CARTESIAN_POINT ( 'NONE',  ( -9.034744585100794367, 5.035569463351220243, -10.73180085994851929 ) ) ;
#1780 = AXIS2_PLACEMENT_3D ( 'NONE', #1842, #1801, #6962 ) ;
#1781 = CARTESIAN_POINT ( 'NONE',  ( -11.88611483992531603, 4.285236861129140706, 1.649566249003753260 ) ) ;
#1782 = VERTEX_POINT ( 'NONE', #5741 ) ;
#1783 = CIRCLE ( 'NONE', #6067, 11.69999999999999574 ) ;
#1784 = DIRECTION ( 'NONE',  ( -0.000000000000000000, -1.000000000000000000, -0.000000000000000000 ) ) ;
#1785 = CARTESIAN_POINT ( 'NONE',  ( 4.804803964988718867, 5.999999999999998224, -12.93653194863401801 ) ) ;
#1786 = DIRECTION ( 'NONE',  ( -0.000000000000000000, -1.000000000000000000, 0.000000000000000000 ) ) ;
#1787 = CIRCLE ( 'NONE', #1920, 1.249999999999994227 ) ;
#1788 = CARTESIAN_POINT ( 'NONE',  ( 3.091507654588485199, 17.50000000000000000, 5.354648329735351098 ) ) ;
#1789 = CARTESIAN_POINT ( 'NONE',  ( -8.480487417368529179, 0.000000000000000000, -2.081510617043310418 ) ) ;
#1790 = EDGE_CURVE ( 'NONE', #4806, #6304, #26, .T. ) ;
#1791 = EDGE_CURVE ( 'NONE', #5687, #5153, #3917, .T. ) ;
#1792 = AXIS2_PLACEMENT_3D ( 'NONE', #8004, #2986, #3534 ) ;
#1793 = ORIENTED_EDGE ( 'NONE', *, *, #8044, .F. ) ;
#1794 = DIRECTION ( 'NONE',  ( -0.000000000000000000, -1.000000000000000000, -0.000000000000000000 ) ) ;
#1795 = APPROVAL_ROLE ( '' ) ;
#1796 = AXIS2_PLACEMENT_3D ( 'NONE', #5490, #6154, #1531 ) ;
#1797 = VERTEX_POINT ( 'NONE', #6330 ) ;
#1798 = DIRECTION ( 'NONE',  ( 0.000000000000000000, 0.000000000000000000, -1.000000000000000000 ) ) ;
#1799 = CYLINDRICAL_SURFACE ( 'NONE', #6183, 12.00000000000000178 ) ;
#1800 = CARTESIAN_POINT ( 'NONE',  ( -11.82513464775188616, 5.466177086364699456, -2.048199155407287364 ) ) ;
#1802 = EDGE_CURVE ( 'NONE', #8001, #6263, #2713, .T. ) ;
#1801 = DIRECTION ( 'NONE',  ( -0.000000000000000000, -1.000000000000000000, -0.000000000000000000 ) ) ;
#1803 = AXIS2_PLACEMENT_3D ( 'NONE', #2706, #7844, #93 ) ;
#1804 = DIRECTION ( 'NONE',  ( 0.7071067811865475727, 0.000000000000000000, -0.7071067811865475727 ) ) ;
#1805 = CARTESIAN_POINT ( 'NONE',  ( 11.77800533193467558, 5.662603574272009332, -2.299077124466772037 ) ) ;
#1806 = ORIENTED_EDGE ( 'NONE', *, *, #6575, .T. ) ;
#1807 = DIRECTION ( 'NONE',  ( 0.000000000000000000, 0.000000000000000000, 1.000000000000000000 ) ) ;
#1808 = VERTEX_POINT ( 'NONE', #6110 ) ;
#1809 = CARTESIAN_POINT ( 'NONE',  ( 0.000000000000000000, 13.50000000000000178, 0.000000000000000000 ) ) ;
#1810 = CARTESIAN_POINT ( 'NONE',  ( 13.42946039122700697, 4.500000000000001776, -3.176412064022069437 ) ) ;
#1811 = CIRCLE ( 'NONE', #7854, 0.7999999999999882760 ) ;
#1812 = EDGE_CURVE ( 'NONE', #3036, #2371, #2032, .T. ) ;
#1813 = ADVANCED_FACE ( 'NONE', ( #7510 ), #833, .T. ) ;
#1814 = DIRECTION ( 'NONE',  ( 1.224646799147353207E-16, 0.000000000000000000, -1.000000000000000000 ) ) ;
#1815 = VERTEX_POINT ( 'NONE', #4898 ) ;
#1816 = VECTOR ( 'NONE', #6497, 1000.000000000000000 ) ;
#1817 = DIRECTION ( 'NONE',  ( -1.000000000000000000, 0.000000000000000000, -3.491481338843133355E-15 ) ) ;
#1818 = EDGE_LOOP ( 'NONE', ( #2711, #5596, #774, #7871 ) ) ;
#1819 = ORIENTED_EDGE ( 'NONE', *, *, #3687, .F. ) ;
#1820 = ORIENTED_EDGE ( 'NONE', *, *, #1894, .F. ) ;
#1821 = DIRECTION ( 'NONE',  ( -0.8660254037844361541, 0.000000000000000000, 0.5000000000000042188 ) ) ;
#1822 = DIRECTION ( 'NONE',  ( 0.7071067811865474617, 0.000000000000000000, -0.7071067811865476838 ) ) ;
#1823 = EDGE_CURVE ( 'NONE', #4169, #7128, #7967, .T. ) ;
#1824 = CARTESIAN_POINT ( 'NONE',  ( 0.000000000000000000, 16.00000000000000000, 0.000000000000000000 ) ) ;
#1825 = AXIS2_PLACEMENT_3D ( 'NONE', #4399, #1279, #6401 ) ;
#1826 = ORIENTED_EDGE ( 'NONE', *, *, #6100, .F. ) ;
#1827 = ORIENTED_EDGE ( 'NONE', *, *, #901, .F. ) ;
#1828 = FACE_OUTER_BOUND ( 'NONE', #1520, .T. ) ;
#1829 = CARTESIAN_POINT ( 'NONE',  ( -4.924038765061034439, 16.00000000000000000, -0.8682408883346889317 ) ) ;
#1830 = LINE ( 'NONE', #489, #7271 ) ;
#1831 = FACE_OUTER_BOUND ( 'NONE', #2543, .T. ) ;
#1832 = EDGE_LOOP ( 'NONE', ( #124, #2631, #5314, #3564 ) ) ;
#1833 = DIRECTION ( 'NONE',  ( -1.000000000000000000, 0.000000000000000000, -3.491481338843133355E-15 ) ) ;
#1834 = ADVANCED_FACE ( 'NONE', ( #1742 ), #3083, .F. ) ;
#1835 = EDGE_CURVE ( 'NONE', #1226, #1685, #699, .T. ) ;
#1836 = APPROVAL_ROLE ( '' ) ;
#1837 = ORIENTED_EDGE ( 'NONE', *, *, #2634, .F. ) ;
#1838 = DIRECTION ( 'NONE',  ( -0.000000000000000000, -1.000000000000000000, -0.000000000000000000 ) ) ;
#1839 = CIRCLE ( 'NONE', #8031, 11.00000000000000000 ) ;
#1840 = DIRECTION ( 'NONE',  ( 0.5000000000000071054, 0.000000000000000000, -0.8660254037844345998 ) ) ;
#1841 = DIRECTION ( 'NONE',  ( -0.000000000000000000, -1.000000000000000000, -0.000000000000000000 ) ) ;
#1842 = CARTESIAN_POINT ( 'NONE',  ( 0.000000000000000000, 2.000000000000000000, 0.000000000000000000 ) ) ;
#1843 = VECTOR ( 'NONE', #6176, 1000.000000000000000 ) ;
#1845 = CARTESIAN_POINT ( 'NONE',  ( 0.000000000000000000, 8.000000000000000000, 0.000000000000000000 ) ) ;
#1844 = CIRCLE ( 'NONE', #1567, 1.317565283458833392 ) ;
#1846 = PLANE ( 'NONE',  #776 ) ;
#1847 = ORIENTED_EDGE ( 'NONE', *, *, #3853, .F. ) ;
#1848 = ORIENTED_EDGE ( 'NONE', *, *, #655, .T. ) ;
#1849 = CARTESIAN_POINT ( 'NONE',  ( -13.33734161647682370, 3.544796663261066350, -3.547054873789462714 ) ) ;
#1850 = CARTESIAN_POINT ( 'NONE',  ( 1.438959988998140357E-15, 15.50000000000000000, 11.75000000000000178 ) ) ;
#1851 = VECTOR ( 'NONE', #1382, 1000.000000000000114 ) ;
#1852 = CARTESIAN_POINT ( 'NONE',  ( -6.183015309176970398, 17.50000000000000000, 1.474514954580286030E-14 ) ) ;
#1853 = EDGE_LOOP ( 'NONE', ( #108, #7667, #2488, #2972 ) ) ;
#1854 = EDGE_CURVE ( 'NONE', #4662, #3492, #5794, .T. ) ;
#1855 = DIRECTION ( 'NONE',  ( -1.000000000000000000, 0.000000000000000000, -3.491481338843133355E-15 ) ) ;
#1856 = EDGE_LOOP ( 'NONE', ( #6716, #6899, #6851, #5251 ) ) ;
#1857 = EDGE_CURVE ( 'NONE', #5194, #2137, #7282, .T. ) ;
#1858 = VECTOR ( 'NONE', #2637, 1000.000000000000000 ) ;
#1859 = CARTESIAN_POINT ( 'NONE',  ( -2.575241291748267436, 5.820947947917771259, -11.72080027672428493 ) ) ;
#1860 = ORIENTED_EDGE ( 'NONE', *, *, #3111, .T. ) ;
#1861 = VERTEX_POINT ( 'NONE', #5527 ) ;
#1862 = CARTESIAN_POINT ( 'NONE',  ( 1.910129954336200697, 8.000000000000000000, 10.83288528313429389 ) ) ;
#1863 = DIRECTION ( 'NONE',  ( 0.7071067811865452413, -0.000000000000000000, 0.7071067811865499042 ) ) ;
#1864 = VECTOR ( 'NONE', #142, 1000.000000000000114 ) ;
#1865 = DIRECTION ( 'NONE',  ( 0.7660444431189860071, 0.000000000000000000, -0.6427876096865297040 ) ) ;
#1866 = ORIENTED_EDGE ( 'NONE', *, *, #3537, .T. ) ;
#1867 = ORIENTED_EDGE ( 'NONE', *, *, #1942, .T. ) ;
#1868 = CIRCLE ( 'NONE', #3215, 0.5999999999999983125 ) ;
#1869 = DIRECTION ( 'NONE',  ( 0.000000000000000000, 0.000000000000000000, 1.000000000000000000 ) ) ;
#1870 = DIRECTION ( 'NONE',  ( 0.000000000000000000, -1.000000000000000000, 0.000000000000000000 ) ) ;
#1871 = CARTESIAN_POINT ( 'NONE',  ( -10.56536461825801432, 16.50000000000001066, 8.799748319313556166 ) ) ;
#1872 = CYLINDRICAL_SURFACE ( 'NONE', #69, 7.300000000000000711 ) ;
#1873 = CC_DESIGN_APPROVAL ( #8056, ( #5762 ) ) ;
#1874 = VERTEX_POINT ( 'NONE', #2331 ) ;
#1875 = DIRECTION ( 'NONE',  ( 0.4999999999999948930, 0.000000000000000000, 0.8660254037844414832 ) ) ;
#1876 = CALENDAR_DATE ( 2024, 28, 12 ) ;
#1877 = ADVANCED_FACE ( 'NONE', ( #1613 ), #5487, .F. ) ;
#1878 = EDGE_LOOP ( 'NONE', ( #767, #6696, #6736, #6905, #7449, #8186, #477, #4964, #6202, #6596, #5876, #5846, #4838, #4118, #3327, #4974 ) ) ;
#1879 = CARTESIAN_POINT ( 'NONE',  ( -3.290002895201621591, 16.00100000000000122, 6.516585068083203147 ) ) ;
#1880 = DIRECTION ( 'NONE',  ( 0.9848077530122067991, 0.000000000000000000, 0.1736481776669375476 ) ) ;
#1881 = CARTESIAN_POINT ( 'NONE',  ( -11.76233435075873324, 5.728005307731357298, -2.382523837999203309 ) ) ;
#1882 = CARTESIAN_POINT ( 'NONE',  ( 12.90348790056398443, 16.50000000000001066, 4.749999999999879208 ) ) ;
#1883 = EDGE_CURVE ( 'NONE', #3492, #4511, #3637, .T. ) ;
#1884 = EDGE_CURVE ( 'NONE', #896, #7305, #1659, .T. ) ;
#1885 = DIRECTION ( 'NONE',  ( 0.000000000000000000, -1.000000000000000000, 0.000000000000000000 ) ) ;
#1886 = CIRCLE ( 'NONE', #4301, 10.99999999999999822 ) ;
#1887 = CARTESIAN_POINT ( 'NONE',  ( 4.281510617043278621, 16.00100000000000122, -8.480487417368545167 ) ) ;
#1888 = ORIENTED_EDGE ( 'NONE', *, *, #4462, .T. ) ;
#1889 = CARTESIAN_POINT ( 'NONE',  ( 0.000000000000000000, 0.000000000000000000, 0.000000000000000000 ) ) ;
#1890 = ORIENTED_EDGE ( 'NONE', *, *, #8075, .F. ) ;
#1891 = DIRECTION ( 'NONE',  ( 0.000000000000000000, 0.000000000000000000, -1.000000000000000000 ) ) ;
#1892 = PLANE ( 'NONE',  #7669 ) ;
#1893 = DIRECTION ( 'NONE',  ( -0.000000000000000000, -1.000000000000000000, -0.000000000000000000 ) ) ;
#1894 = EDGE_CURVE ( 'NONE', #4896, #6989, #8112, .T. ) ;
#1895 = EDGE_CURVE ( 'NONE', #7338, #1505, #5533, .T. ) ;
#1896 = VERTEX_POINT ( 'NONE', #445 ) ;
#1897 = FACE_OUTER_BOUND ( 'NONE', #3205, .T. ) ;
#1898 = ORIENTED_EDGE ( 'NONE', *, *, #4982, .T. ) ;
#1899 = CARTESIAN_POINT ( 'NONE',  ( -2.389331850966495807, 5.721151508923318474, -11.76010714847200589 ) ) ;
#1900 = CIRCLE ( 'NONE', #8230, 5.000000000000000000 ) ;
#1901 = VERTEX_POINT ( 'NONE', #3677 ) ;
#1902 = ORIENTED_EDGE ( 'NONE', *, *, #7267, .F. ) ;
#1903 = DIRECTION ( 'NONE',  ( -0.000000000000000000, -1.000000000000000000, -0.000000000000000000 ) ) ;
#1904 = DIRECTION ( 'NONE',  ( -0.8984891805005853493, 0.000000000000000000, -0.4389956634448527462 ) ) ;
#1905 = EDGE_CURVE ( 'NONE', #1750, #1075, #4975, .T. ) ;
#1906 = CIRCLE ( 'NONE', #3109, 2.437044042515922992 ) ;
#1907 = CARTESIAN_POINT ( 'NONE',  ( 0.000000000000000000, 16.00000000000000000, 0.000000000000000000 ) ) ;
#1908 = EDGE_CURVE ( 'NONE', #5677, #1815, #7693, .T. ) ;
#1909 = ORIENTED_EDGE ( 'NONE', *, *, #1749, .F. ) ;
#1910 = ORIENTED_EDGE ( 'NONE', *, *, #2346, .T. ) ;
#1911 = CARTESIAN_POINT ( 'NONE',  ( 9.500000000000000000, 2.000000000000000000, 0.000000000000000000 ) ) ;
#1912 = AXIS2_PLACEMENT_3D ( 'NONE', #6151, #6747, #1070 ) ;
#1913 = DIRECTION ( 'NONE',  ( 0.000000000000000000, 0.000000000000000000, -1.000000000000000000 ) ) ;
#1914 = DIRECTION ( 'NONE',  ( -0.000000000000000000, -1.000000000000000000, -0.000000000000000000 ) ) ;
#1915 = LINE ( 'NONE', #8333, #2081 ) ;
#1916 = EDGE_CURVE ( 'NONE', #7232, #7208, #527, .T. ) ;
#1917 = AXIS2_PLACEMENT_3D ( 'NONE', #863, #3514, #6069 ) ;
#1918 = EDGE_LOOP ( 'NONE', ( #6325, #2695, #2830, #5338 ) ) ;
#1919 = CARTESIAN_POINT ( 'NONE',  ( 4.698463103929540807, 16.00000000000000000, -1.710100716628346174 ) ) ;
#1920 = AXIS2_PLACEMENT_3D ( 'NONE', #7898, #2118, #5316 ) ;
#1921 = ORIENTED_EDGE ( 'NONE', *, *, #5503, .T. ) ;
#1922 = CARTESIAN_POINT ( 'NONE',  ( -13.42946039122700874, 4.500000000000001776, 3.176412064022069881 ) ) ;
#1923 = DIRECTION ( 'NONE',  ( -0.000000000000000000, 1.000000000000000000, -0.000000000000000000 ) ) ;
#1924 = DIRECTION ( 'NONE',  ( 0.06906319355583728781, 0.000000000000000000, 0.9976122870613959304 ) ) ;
#1925 = VECTOR ( 'NONE', #2780, 1000.000000000000000 ) ;
#1926 = LINE ( 'NONE', #3815, #2507 ) ;
#1927 = AXIS2_PLACEMENT_3D ( 'NONE', #7939, #4733, #366 ) ;
#1928 = FACE_OUTER_BOUND ( 'NONE', #162, .T. ) ;
#1929 = ORIENTED_EDGE ( 'NONE', *, *, #6167, .F. ) ;
#1930 = VERTEX_POINT ( 'NONE', #2922 ) ;
#1931 = CARTESIAN_POINT ( 'NONE',  ( 13.42946039122700697, 4.500000000000001776, -3.176412064022069437 ) ) ;
#1932 = CARTESIAN_POINT ( 'NONE',  ( 13.42640983623432760, 4.711581474162464644, -3.189384793763185399 ) ) ;
#1933 = DIRECTION ( 'NONE',  ( -0.8984891805005772447, 0.000000000000000000, 0.4389956634448693995 ) ) ;
#1934 = CARTESIAN_POINT ( 'NONE',  ( -9.034744585100792591, 7.242608629440185020, -10.73180085994851751 ) ) ;
#1935 = CIRCLE ( 'NONE', #7171, 0.5999999999999983125 ) ;
#1936 = ORIENTED_EDGE ( 'NONE', *, *, #1732, .T. ) ;
#1937 = DIRECTION ( 'NONE',  ( 0.000000000000000000, 1.000000000000000000, 0.000000000000000000 ) ) ;
#1938 = VERTEX_POINT ( 'NONE', #8072 ) ;
#1939 = CARTESIAN_POINT ( 'NONE',  ( -1.635040004546753467, 4.500000000000001776, -11.88808833175173696 ) ) ;
#1940 = VECTOR ( 'NONE', #5176, 1000.000000000000114 ) ;
#1941 = VERTEX_POINT ( 'NONE', #2289 ) ;
#1942 = EDGE_CURVE ( 'NONE', #1317, #6390, #2175, .T. ) ;
#1943 = ORIENTED_EDGE ( 'NONE', *, *, #1526, .F. ) ;
#1944 = CARTESIAN_POINT ( 'NONE',  ( 0.000000000000000000, 16.00000000000000000, 0.000000000000000000 ) ) ;
#1945 = DIRECTION ( 'NONE',  ( 0.000000000000000000, -1.000000000000000000, 0.000000000000000000 ) ) ;
#1946 = DIRECTION ( 'NONE',  ( 0.000000000000000000, 1.000000000000000000, 0.000000000000000000 ) ) ;
#1947 = EDGE_LOOP ( 'NONE', ( #5383, #3387, #3124, #7492 ) ) ;
#1948 = VERTEX_POINT ( 'NONE', #1571 ) ;
#1949 = AXIS2_PLACEMENT_3D ( 'NONE', #3474, #2846, #3601 ) ;
#1950 = DIRECTION ( 'NONE',  ( -0.000000000000000000, -1.000000000000000000, 0.000000000000000000 ) ) ;
#1951 = CARTESIAN_POINT ( 'NONE',  ( 3.227055088263010685, 4.914432602277394757, -13.41771819555242118 ) ) ;
#1952 = FACE_OUTER_BOUND ( 'NONE', #3930, .T. ) ;
#1953 = CIRCLE ( 'NONE', #6651, 1.499999999999999778 ) ;
#1954 = ORIENTED_EDGE ( 'NONE', *, *, #4060, .T. ) ;
#1955 = DIRECTION ( 'NONE',  ( 0.000000000000000000, -1.000000000000000000, 0.000000000000000000 ) ) ;
#1956 = EDGE_CURVE ( 'NONE', #7305, #7252, #4997, .T. ) ;
#1957 = ADVANCED_FACE ( 'NONE', ( #2245 ), #4142, .F. ) ;
#1958 = DIRECTION ( 'NONE',  ( 0.7071067811865474617, -0.000000000000000000, -0.7071067811865476838 ) ) ;
#1959 = DATE_TIME_ROLE ( 'classification_date' ) ;
#1960 = ORIENTED_EDGE ( 'NONE', *, *, #6957, .T. ) ;
#1961 = FACE_OUTER_BOUND ( 'NONE', #2849, .T. ) ;
#1962 = AXIS2_PLACEMENT_3D ( 'NONE', #847, #6560, #4508 ) ;
#1963 = DIRECTION ( 'NONE',  ( 0.000000000000000000, -1.000000000000000000, 0.000000000000000000 ) ) ;
#1964 = DIRECTION ( 'NONE',  ( 0.8660254037844363761, 0.000000000000000000, -0.5000000000000039968 ) ) ;
#1965 = DIRECTION ( 'NONE',  ( 0.000000000000000000, 0.000000000000000000, 1.000000000000000000 ) ) ;
#1966 = CARTESIAN_POINT ( 'NONE',  ( 11.80926690772484378, 5.532398736617806456, -2.132693209405197354 ) ) ;
#1967 = ORIENTED_EDGE ( 'NONE', *, *, #6792, .F. ) ;
#1968 = VECTOR ( 'NONE', #6065, 1000.000000000000000 ) ;
#1969 = EDGE_CURVE ( 'NONE', #6306, #662, #5489, .T. ) ;
#1970 = ORIENTED_EDGE ( 'NONE', *, *, #6091, .T. ) ;
#1971 = DIRECTION ( 'NONE',  ( 0.7071067811865475727, 0.000000000000000000, 0.7071067811865475727 ) ) ;
#1972 = DIRECTION ( 'NONE',  ( 0.000000000000000000, -0.000000000000000000, 1.000000000000000000 ) ) ;
#1973 = VECTOR ( 'NONE', #6506, 1000.000000000000000 ) ;
#1974 = DIRECTION ( 'NONE',  ( 0.000000000000000000, 0.000000000000000000, -1.000000000000000000 ) ) ;
#1975 = DIRECTION ( 'NONE',  ( 0.000000000000000000, 1.000000000000000000, 0.000000000000000000 ) ) ;
#1976 = VECTOR ( 'NONE', #849, 1000.000000000000000 ) ;
#1977 = ORIENTED_EDGE ( 'NONE', *, *, #2191, .F. ) ;
#1978 = DIRECTION ( 'NONE',  ( 0.000000000000000000, -1.000000000000000000, -0.000000000000000000 ) ) ;
#1979 = ORIENTED_EDGE ( 'NONE', *, *, #395, .T. ) ;
#1980 = DIRECTION ( 'NONE',  ( 0.000000000000000000, 1.000000000000000000, 0.000000000000000000 ) ) ;
#1981 = EDGE_LOOP ( 'NONE', ( #3249, #6670, #3877, #5188 ) ) ;
#1982 = ORIENTED_EDGE ( 'NONE', *, *, #5767, .F. ) ;
#1983 = EDGE_CURVE ( 'NONE', #7629, #4108, #8118, .T. ) ;
#1984 = CARTESIAN_POINT ( 'NONE',  ( -10.56536461825805517, 16.50000000000000711, -8.799748319313506428 ) ) ;
#1985 = CARTESIAN_POINT ( 'NONE',  ( 4.281510617043278621, 0.000000000000000000, -8.480487417368545167 ) ) ;
#1986 = AXIS2_PLACEMENT_3D ( 'NONE', #2263, #6764, #1007 ) ;
#1987 = EDGE_CURVE ( 'NONE', #5216, #6191, #4774, .T. ) ;
#1988 = CARTESIAN_POINT ( 'NONE',  ( 7.070663706551857608, 16.00000000000000000, 8.426488874308819987 ) ) ;
#1989 = ORIENTED_EDGE ( 'NONE', *, *, #6015, .F. ) ;
#1990 = ORIENTED_EDGE ( 'NONE', *, *, #6299, .F. ) ;
#1991 = DIRECTION ( 'NONE',  ( -0.3420201433256662149, 0.000000000000000000, -0.9396926207859093161 ) ) ;
#1992 = VECTOR ( 'NONE', #5406, 1000.000000000000000 ) ;
#1993 = CARTESIAN_POINT ( 'NONE',  ( -3.864138394582008473, 3.285602066870296323, -13.24827260950948471 ) ) ;
#1994 = AXIS2_PLACEMENT_3D ( 'NONE', #5172, #7149, #6430 ) ;
#1995 = ORIENTED_EDGE ( 'NONE', *, *, #4374, .T. ) ;
#1996 = DIRECTION ( 'NONE',  ( 0.000000000000000000, 1.000000000000000000, 0.000000000000000000 ) ) ;
#1997 = FACE_OUTER_BOUND ( 'NONE', #6099, .T. ) ;
#1998 = ORIENTED_EDGE ( 'NONE', *, *, #8135, .T. ) ;
#1999 = CARTESIAN_POINT ( 'NONE',  ( 11.65227581055635930, 5.930672549045240771, 2.869640288731313937 ) ) ;
#2000 = FACE_OUTER_BOUND ( 'NONE', #2438, .T. ) ;
#2001 = LINE ( 'NONE', #1369, #5441 ) ;
#2002 = EDGE_CURVE ( 'NONE', #7706, #3405, #4473, .T. ) ;
#2003 = EDGE_CURVE ( 'NONE', #5719, #5202, #5412, .T. ) ;
#2004 = LINE ( 'NONE', #7945, #517 ) ;
#2005 = ORIENTED_EDGE ( 'NONE', *, *, #1013, .T. ) ;
#2006 = EDGE_LOOP ( 'NONE', ( #2909, #1396 ) ) ;
#2007 = CARTESIAN_POINT ( 'NONE',  ( -2.570288501028603623, 5.827787185903484435, 11.72326063527368412 ) ) ;
#2008 = DIRECTION ( 'NONE',  ( 0.000000000000000000, 1.000000000000000000, 0.000000000000000000 ) ) ;
#2009 = CARTESIAN_POINT ( 'NONE',  ( 0.000000000000000000, -1.402220585023716934E-15, 8.000000000000000000 ) ) ;
#2010 = CARTESIAN_POINT ( 'NONE',  ( -3.290002895201631805, 16.00100000000000122, -6.516585068083228904 ) ) ;
#2011 = EDGE_CURVE ( 'NONE', #3919, #1708, #2857, .T. ) ;
#2012 = APPROVAL ( #7521, 'æœª' ) ;
#2013 = ORIENTED_EDGE ( 'NONE', *, *, #722, .F. ) ;
#2014 = CARTESIAN_POINT ( 'NONE',  ( 0.000000000000000000, 13.50000000000000178, 0.000000000000000000 ) ) ;
#2015 = ORIENTED_EDGE ( 'NONE', *, *, #4278, .T. ) ;
#2016 = CARTESIAN_POINT ( 'NONE',  ( 4.924038765061045098, 8.000000000000000000, -0.8682408883346200978 ) ) ;
#2017 = ORIENTED_EDGE ( 'NONE', *, *, #3686, .F. ) ;
#2018 = EDGE_LOOP ( 'NONE', ( #2150, #3739, #6379, #6939 ) ) ;
#2019 = AXIS2_PLACEMENT_3D ( 'NONE', #1756, #537, #3691 ) ;
#2020 = CARTESIAN_POINT ( 'NONE',  ( 4.924038765061039769, 16.00000000000000000, 0.8682408883346546258 ) ) ;
#2021 = B_SPLINE_CURVE_WITH_KNOTS ( 'NONE', 3,
 ( #2324, #1563, #7377, #7464, #8016, #1523, #898, #2236, #4133, #4892, #3504, #6144, #2832, #6699, #400, #6609, #854, #3421 ),
 .UNSPECIFIED., .F., .F.,
 ( 4, 2, 2, 2, 2, 2, 2, 2, 4 ),
 ( 8.673617379884034509E-19, 0.0006235965621925290995, 0.001247193124385057332, 0.001870789686577585672, 0.002182587967673849626, 0.002494386248770113796, 0.003117982810962639535, 0.003741579373155164839, 0.004988772497540213714 ),
 .UNSPECIFIED. ) ;
#2022 = DIRECTION ( 'NONE',  ( 1.000000000000000000, 7.999791739217630834E-17, 0.000000000000000000 ) ) ;
#2023 = EDGE_CURVE ( 'NONE', #1050, #2641, #7557, .T. ) ;
#2024 = DIRECTION ( 'NONE',  ( 0.000000000000000000, -1.000000000000000000, 0.000000000000000000 ) ) ;
#2025 = VERTEX_POINT ( 'NONE', #3428 ) ;
#2026 = ORIENTED_EDGE ( 'NONE', *, *, #2710, .T. ) ;
#2027 = CARTESIAN_POINT ( 'NONE',  ( 3.091507654588485199, 17.50000000000000000, 4.037083046276517706 ) ) ;
#2028 = CARTESIAN_POINT ( 'NONE',  ( 0.000000000000000000, 2.000000000000000000, 0.000000000000000000 ) ) ;
#2029 = DIRECTION ( 'NONE',  ( 0.000000000000000000, 1.000000000000000000, 0.000000000000000000 ) ) ;
#2030 = VECTOR ( 'NONE', #2408, 1000.000000000000000 ) ;
#2031 = EDGE_LOOP ( 'NONE', ( #5636, #3233, #396, #7024 ) ) ;
#2032 = CIRCLE ( 'NONE', #158, 0.5999999999999983125 ) ;
#2033 = LINE ( 'NONE', #235, #1864 ) ;
#2034 = CYLINDRICAL_SURFACE ( 'NONE', #8054, 1.249999999999993339 ) ;
#2035 = DIRECTION ( 'NONE',  ( -0.8660254037844433705, 0.000000000000000000, 0.4999999999999918954 ) ) ;
#2036 = EDGE_CURVE ( 'NONE', #4050, #2141, #6880, .T. ) ;
#2037 = DIRECTION ( 'NONE',  ( 0.000000000000000000, 0.000000000000000000, 1.000000000000000000 ) ) ;
#2038 = EDGE_CURVE ( 'NONE', #6937, #4511, #1032, .T. ) ;
#2039 = DIRECTION ( 'NONE',  ( 0.7071067811865475727, 0.000000000000000000, 0.7071067811865475727 ) ) ;
#2040 = AXIS2_PLACEMENT_3D ( 'NONE', #5728, #8329, #3004 ) ;
#2041 = CARTESIAN_POINT ( 'NONE',  ( 10.44438976665383834, 2.000000000000000000, 5.273018338884901013 ) ) ;
#2042 = ORIENTED_EDGE ( 'NONE', *, *, #6872, .T. ) ;
#2043 = DATE_AND_TIME ( #3356, #4691 ) ;
#2044 = VECTOR ( 'NONE', #1680, 1000.000000000000000 ) ;
#2045 = VERTEX_POINT ( 'NONE', #4900 ) ;
#2046 = CARTESIAN_POINT ( 'NONE',  ( 2.199155242852580905, 13.50000000000000178, -11.54236614467908950 ) ) ;
#2047 = EDGE_CURVE ( 'NONE', #2495, #7849, #1370, .T. ) ;
#2048 = DIRECTION ( 'NONE',  ( 0.7071067811865474617, 0.000000000000000000, -0.7071067811865476838 ) ) ;
#2049 = DIRECTION ( 'NONE',  ( 0.000000000000000000, -1.000000000000000000, 0.000000000000000000 ) ) ;
#2050 = DIRECTION ( 'NONE',  ( 0.6325057399790078305, 0.4470715577927284468, 0.6325057399790067203 ) ) ;
#2051 = CIRCLE ( 'NONE', #7842, 11.00000000000000000 ) ;
#2052 = VERTEX_POINT ( 'NONE', #4055 ) ;
#2053 = DIRECTION ( 'NONE',  ( 0.000000000000000000, 1.000000000000000000, 0.000000000000000000 ) ) ;
#2054 = VERTEX_POINT ( 'NONE', #3554 ) ;
#2055 = DIRECTION ( 'NONE',  ( 0.000000000000000000, -1.000000000000000000, 0.000000000000000000 ) ) ;
#2056 = ORIENTED_EDGE ( 'NONE', *, *, #4376, .F. ) ;
#2057 = EDGE_CURVE ( 'NONE', #3970, #2822, #5541, .T. ) ;
#2058 = CARTESIAN_POINT ( 'NONE',  ( -13.20736096593448217, 3.144455975300128436, 4.013787868319450780 ) ) ;
#2059 = EDGE_CURVE ( 'NONE', #1317, #7357, #8027, .T. ) ;
#2060 = ORIENTED_EDGE ( 'NONE', *, *, #5239, .T. ) ;
#2061 = VECTOR ( 'NONE', #180, 1000.000000000000114 ) ;
#2062 = CARTESIAN_POINT ( 'NONE',  ( 7.070663706551857608, 16.00000000000000000, 8.426488874308819987 ) ) ;
#2063 = DIRECTION ( 'NONE',  ( 0.000000000000000000, -1.000000000000000000, -0.000000000000000000 ) ) ;
#2064 = AXIS2_PLACEMENT_3D ( 'NONE', #3120, #3631, #3672 ) ;
#2065 = CARTESIAN_POINT ( 'NONE',  ( 5.500000000000010658, 16.00000000000000000, -9.526279441628817679 ) ) ;
#2066 = VERTEX_POINT ( 'NONE', #236 ) ;
#2067 = VERTEX_POINT ( 'NONE', #2883 ) ;
#2068 = APPROVAL ( #6672, 'æœª' ) ;
#2069 = CARTESIAN_POINT ( 'NONE',  ( 3.213938048432663397, 8.000000000000000000, 3.830222215594918378 ) ) ;
#2070 = DIRECTION ( 'NONE',  ( 0.000000000000000000, 0.000000000000000000, -1.000000000000000000 ) ) ;
#2071 = CARTESIAN_POINT ( 'NONE',  ( -4.698463103929552354, 16.00000000000000000, 1.710100716628313977 ) ) ;
#2072 = AXIS2_PLACEMENT_3D ( 'NONE', #4988, #6289, #2511 ) ;
#2073 = EDGE_LOOP ( 'NONE', ( #5688, #4297, #7078, #765 ) ) ;
#2074 = VECTOR ( 'NONE', #2250, 1000.000000000000000 ) ;
#2075 = ORIENTED_EDGE ( 'NONE', *, *, #4747, .F. ) ;
#2076 = DIRECTION ( 'NONE',  ( 7.999791739217630834E-17, -1.000000000000000000, -7.999791739217577832E-17 ) ) ;
#2077 = DIRECTION ( 'NONE',  ( 0.8660254037844398178, 0.000000000000000000, 0.4999999999999980016 ) ) ;
#2078 = DIRECTION ( 'NONE',  ( -0.7071067811865470176, 0.000000000000000000, -0.7071067811865480168 ) ) ;
#2079 = PLANE ( 'NONE',  #6857 ) ;
#2080 = DIRECTION ( 'NONE',  ( 0.7071067811865482389, 0.000000000000000000, -0.7071067811865467956 ) ) ;
#2081 = VECTOR ( 'NONE', #2500, 1000.000000000000227 ) ;
#2082 = ADVANCED_FACE ( 'NONE', ( #7938 ), #6027, .F. ) ;
#2083 = CARTESIAN_POINT ( 'NONE',  ( 13.42648311168789910, 4.290792293195276663, -3.189072493581048828 ) ) ;
#2084 = AXIS2_PLACEMENT_3D ( 'NONE', #6072, #5449, #8030 ) ;
#2085 = EDGE_LOOP ( 'NONE', ( #5499, #6459, #2482, #2591 ) ) ;
#2086 = COORDINATED_UNIVERSAL_TIME_OFFSET ( 8, 0, .AHEAD. ) ;
#2087 = VERTEX_POINT ( 'NONE', #7297 ) ;
#2088 = CARTESIAN_POINT ( 'NONE',  ( 0.000000000000000000, 2.000000000000000000, 0.000000000000000000 ) ) ;
#2089 = DIRECTION ( 'NONE',  ( 0.7071067811865475727, 0.000000000000000000, 0.7071067811865475727 ) ) ;
#2090 = CARTESIAN_POINT ( 'NONE',  ( 8.896404679647163860, 13.50000000000000178, 7.675707379515721129 ) ) ;
#2091 = CARTESIAN_POINT ( 'NONE',  ( 0.000000000000000000, 0.000000000000000000, 0.000000000000000000 ) ) ;
#2092 = AXIS2_PLACEMENT_3D ( 'NONE', #5565, #4307, #5524 ) ;
#2093 = VERTEX_POINT ( 'NONE', #6112 ) ;
#2094 = DIRECTION ( 'NONE',  ( -0.000000000000000000, -1.000000000000000000, -0.000000000000000000 ) ) ;
#2095 = ORIENTED_EDGE ( 'NONE', *, *, #3921, .F. ) ;
#2096 = CARTESIAN_POINT ( 'NONE',  ( 3.830222215594885071, 16.00000000000000000, 3.213938048432703809 ) ) ;
#2097 = ORIENTED_EDGE ( 'NONE', *, *, #1774, .F. ) ;
#2098 = CARTESIAN_POINT ( 'NONE',  ( -13.42946039122701052, 4.291489780964689693, 3.176412064022070325 ) ) ;
#2099 = ORIENTED_EDGE ( 'NONE', *, *, #4305, .F. ) ;
#2100 = LINE ( 'NONE', #5387, #471 ) ;
#2101 = CARTESIAN_POINT ( 'NONE',  ( -3.091507654588460774, 15.50000000000000000, 5.354648329735367085 ) ) ;
#2102 = EDGE_CURVE ( 'NONE', #8195, #1346, #1530, .T. ) ;
#2103 = EDGE_CURVE ( 'NONE', #199, #5677, #3471, .T. ) ;
#2104 = DIRECTION ( 'NONE',  ( 0.000000000000000000, -1.000000000000000000, 0.000000000000000000 ) ) ;
#2105 = ORIENTED_EDGE ( 'NONE', *, *, #2143, .T. ) ;
#2106 = CIRCLE ( 'NONE', #91, 1.317565283458833836 ) ;
#2107 = ORIENTED_EDGE ( 'NONE', *, *, #2662, .T. ) ;
#2108 = PLANE ( 'NONE',  #2336 ) ;
#2109 = FACE_BOUND ( 'NONE', #6859, .T. ) ;
#2110 = CARTESIAN_POINT ( 'NONE',  ( -3.830222215594861535, 8.000000000000000000, -3.213938048432730454 ) ) ;
#2111 = VECTOR ( 'NONE', #3989, 1000.000000000000000 ) ;
#2112 = VERTEX_POINT ( 'NONE', #1785 ) ;
#2113 = APPROVAL ( #4486, 'UNKNOWN' ) ;
#2114 = CARTESIAN_POINT ( 'NONE',  ( 1.836970198721029688E-16, 0.000000000000000000, 1.499999999999999778 ) ) ;
#2115 = ORIENTED_EDGE ( 'NONE', *, *, #4790, .T. ) ;
#2116 = DIRECTION ( 'NONE',  ( 0.000000000000000000, 0.000000000000000000, -1.000000000000000000 ) ) ;
#2117 = AXIS2_PLACEMENT_3D ( 'NONE', #506, #8091, #1719 ) ;
#2118 = DIRECTION ( 'NONE',  ( 0.000000000000000000, 1.000000000000000000, 0.000000000000000000 ) ) ;
#2119 = CARTESIAN_POINT ( 'NONE',  ( 12.90348790056390094, 16.50000000000000711, -4.750000000000121680 ) ) ;
#2120 = CARTESIAN_POINT ( 'NONE',  ( -3.827521524628622274, 13.50000000000000178, -4.261825444138377605 ) ) ;
#2121 = DIRECTION ( 'NONE',  ( 0.8660254037844433705, 0.000000000000000000, -0.4999999999999918954 ) ) ;
#2122 = CIRCLE ( 'NONE', #6012, 2.199999999999997069 ) ;
#2123 = B_SPLINE_CURVE_WITH_KNOTS ( 'NONE', 3,
 ( #1115, #4482, #5613, #2542 ),
 .UNSPECIFIED., .F., .F.,
 ( 4, 4 ),
 ( 2.837003266958165465E-07, 0.001418470439742867354 ),
 .UNSPECIFIED. ) ;
#2124 = LINE ( 'NONE', #1495, #6406 ) ;
#2125 = EDGE_LOOP ( 'NONE', ( #4120, #7020, #2942, #349 ) ) ;
#2126 = APPLICATION_PROTOCOL_DEFINITION ( 'international standard', 'config_control_design', 1994, #6495 ) ;
#2127 = ORIENTED_EDGE ( 'NONE', *, *, #4710, .F. ) ;
#2128 = CARTESIAN_POINT ( 'NONE',  ( -2.136681621927150054, 3.464077918248376076, 11.80854855974904893 ) ) ;
#2129 = VECTOR ( 'NONE', #1224, 1000.000000000000000 ) ;
#2130 = DIRECTION ( 'NONE',  ( 0.000000000000000000, 0.000000000000000000, 1.000000000000000000 ) ) ;
#2131 = B_SPLINE_CURVE_WITH_KNOTS ( 'NONE', 3,
 ( #3999, #3956, #1431, #6518, #3539, #6011, #6094, #8101, #348, #1683, #2824, #1514, #261, #4840, #1598, #4714, #390, #2867, #3494, #2948, #6051, #2905, #4250, #5390 ),
 .UNSPECIFIED., .F., .F.,
 ( 4, 2, 2, 2, 2, 2, 2, 2, 2, 2, 2, 4 ),
 ( 0.002470875822172920872, 0.003112234140884013404, 0.003753592459595105936, 0.004394950778306198035, 0.004715629937661742349, 0.005036309097017287531, 0.005356988256372832713, 0.005677667415728376160, 0.006319025734439463055, 0.006960384053150551684, 0.007281063212506093396, 0.007601742371861635976 ),
 .UNSPECIFIED. ) ;
#2132 = CARTESIAN_POINT ( 'NONE',  ( 1.469576158976824144E-15, 2.000000000000000000, -12.00000000000000178 ) ) ;
#2133 = DIRECTION ( 'NONE',  ( 1.000000000000000000, 0.000000000000000000, -1.064489405713042080E-14 ) ) ;
#2134 = LOCAL_TIME ( 11, 36, 54.00000000000000000, #7818 ) ;
#2135 = VERTEX_POINT ( 'NONE', #4976 ) ;
#2136 = DIRECTION ( 'NONE',  ( 1.000000000000000000, 0.000000000000000000, 1.047444401652940164E-14 ) ) ;
#2137 = VERTEX_POINT ( 'NONE', #6867 ) ;
#2138 = CARTESIAN_POINT ( 'NONE',  ( 0.000000000000000000, 0.000000000000000000, 0.000000000000000000 ) ) ;
#2139 = VERTEX_POINT ( 'NONE', #3172 ) ;
#2140 = DIRECTION ( 'NONE',  ( -0.7071067811865474617, -0.000000000000000000, 0.7071067811865476838 ) ) ;
#2141 = VERTEX_POINT ( 'NONE', #4936 ) ;
#2142 = CARTESIAN_POINT ( 'NONE',  ( -11.51359854670575267, 3.000000000000000000, -3.381870563060505042 ) ) ;
#2143 = EDGE_CURVE ( 'NONE', #209, #2341, #3170, .T. ) ;
#2144 = ADVANCED_FACE ( 'NONE', ( #6358 ), #5018, .T. ) ;
#2145 = ADVANCED_FACE ( 'NONE', ( #4395 ), #1743, .F. ) ;
#2146 = DIRECTION ( 'NONE',  ( -0.000000000000000000, -1.000000000000000000, 0.000000000000000000 ) ) ;
#2147 = DIRECTION ( 'NONE',  ( -0.000000000000000000, -1.000000000000000000, -0.000000000000000000 ) ) ;
#2148 = ORIENTED_EDGE ( 'NONE', *, *, #5346, .T. ) ;
#2149 = ORIENTED_EDGE ( 'NONE', *, *, #1895, .F. ) ;
#2150 = ORIENTED_EDGE ( 'NONE', *, *, #6986, .T. ) ;
#2151 = FACE_OUTER_BOUND ( 'NONE', #5982, .T. ) ;
#2152 = ADVANCED_FACE ( 'NONE', ( #3678 ), #1111, .F. ) ;
#2153 = CYLINDRICAL_SURFACE ( 'NONE', #3247, 2.199999999999997957 ) ;
#2154 = CARTESIAN_POINT ( 'NONE',  ( -3.237974058486061235, 4.088225431809035193, -13.41477380034142897 ) ) ;
#2155 = VECTOR ( 'NONE', #4606, 1000.000000000000000 ) ;
#2156 = ORIENTED_EDGE ( 'NONE', *, *, #6238, .T. ) ;
#2157 = CARTESIAN_POINT ( 'NONE',  ( -11.88808833175172985, 4.500000000000001776, 1.635040004546792991 ) ) ;
#2158 = ORIENTED_EDGE ( 'NONE', *, *, #3705, .F. ) ;
#2159 = CARTESIAN_POINT ( 'NONE',  ( 11.51359854670576333, 3.000000000000001332, -3.381870563060467738 ) ) ;
#2160 = CARTESIAN_POINT ( 'NONE',  ( 0.000000000000000000, 8.000000000000000000, 0.000000000000000000 ) ) ;
#2161 = VECTOR ( 'NONE', #6400, 1000.000000000000227 ) ;
#2162 = CARTESIAN_POINT ( 'NONE',  ( 3.381870563060469070, 3.000000000000000000, -11.51359854670576510 ) ) ;
#2163 = CLOSED_SHELL ( 'NONE', ( #4513, #352, #2917, #3558, #6753, #6425, #3754, #3002 ) ) ;
#2164 = EDGE_CURVE ( 'NONE', #6647, #7635, #3129, .T. ) ;
#2165 = CARTESIAN_POINT ( 'NONE',  ( 0.000000000000000000, 15.50000000000000000, 0.000000000000000000 ) ) ;
#2166 = DIRECTION ( 'NONE',  ( 0.000000000000000000, 0.000000000000000000, -1.000000000000000000 ) ) ;
#2167 = VECTOR ( 'NONE', #3590, 1000.000000000000000 ) ;
#2168 = LINE ( 'NONE', #3312, #7771 ) ;
#2169 = ORIENTED_EDGE ( 'NONE', *, *, #6711, .T. ) ;
#2170 = DATE_AND_TIME ( #5949, #2134 ) ;
#2171 = EDGE_LOOP ( 'NONE', ( #1434, #2026, #5646, #7313 ) ) ;
#2172 = CARTESIAN_POINT ( 'NONE',  ( 9.500000000000000000, -1.402220585023716934E-15, -1.249999999999987121 ) ) ;
#2173 = ADVANCED_FACE ( 'NONE', ( #1828 ), #5102, .T. ) ;
#2174 = CARTESIAN_POINT ( 'NONE',  ( 0.000000000000000000, 16.00000000000000000, 0.000000000000000000 ) ) ;
#2175 = CIRCLE ( 'NONE', #163, 11.00000000000000000 ) ;
#2176 = DIRECTION ( 'NONE',  ( 0.7071067811865499042, 0.000000000000000000, -0.7071067811865451302 ) ) ;
#2177 = CARTESIAN_POINT ( 'NONE',  ( 0.000000000000000000, 16.00000000000000000, 0.000000000000000000 ) ) ;
#2178 = EDGE_LOOP ( 'NONE', ( #6874, #7656, #4464, #2829 ) ) ;
#2179 = VECTOR ( 'NONE', #446, 1000.000000000000000 ) ;
#2180 = CARTESIAN_POINT ( 'NONE',  ( 12.93653194863397005, 5.999999999999998224, 4.804803964988855647 ) ) ;
#2181 = ORIENTED_EDGE ( 'NONE', *, *, #5147, .T. ) ;
#2182 = LINE ( 'NONE', #2222, #8197 ) ;
#2183 = EDGE_LOOP ( 'NONE', ( #4226, #3325, #4381, #1967 ) ) ;
#2184 = CARTESIAN_POINT ( 'NONE',  ( -11.53012377657203480, 4.223722372889497478, -13.22718005141974196 ) ) ;
#2185 = ORIENTED_EDGE ( 'NONE', *, *, #4874, .F. ) ;
#2186 = CARTESIAN_POINT ( 'NONE',  ( -11.88808833175173341, 4.607157251656624375, 1.635040004546794989 ) ) ;
#2187 = FACE_BOUND ( 'NONE', #289, .T. ) ;
#2188 = CIRCLE ( 'NONE', #5807, 5.000000000000000000 ) ;
#2189 = FACE_OUTER_BOUND ( 'NONE', #392, .T. ) ;
#2190 = VERTEX_POINT ( 'NONE', #8160 ) ;
#2191 = EDGE_CURVE ( 'NONE', #1524, #5735, #2453, .T. ) ;
#2192 = AXIS2_PLACEMENT_3D ( 'NONE', #738, #237, #4056 ) ;
#2193 = ORIENTED_EDGE ( 'NONE', *, *, #2389, .T. ) ;
#2194 = ORIENTED_EDGE ( 'NONE', *, *, #4386, .F. ) ;
#2195 = CARTESIAN_POINT ( 'NONE',  ( -3.213938048432717132, 16.00000000000000000, 3.830222215594873081 ) ) ;
#2196 = CARTESIAN_POINT ( 'NONE',  ( 0.000000000000000000, 13.50000000000000178, 0.000000000000000000 ) ) ;
#2197 = LINE ( 'NONE', #4810, #8020 ) ;
#2198 = AXIS2_PLACEMENT_3D ( 'NONE', #5571, #2375, #7514 ) ;
#2199 = ORIENTED_EDGE ( 'NONE', *, *, #1667, .T. ) ;
#2200 = DIRECTION ( 'NONE',  ( 1.000000000000000000, 7.228014483236694583E-17, 0.000000000000000000 ) ) ;
#2201 = ORIENTED_EDGE ( 'NONE', *, *, #2491, .F. ) ;
#2202 = FACE_OUTER_BOUND ( 'NONE', #3357, .T. ) ;
#2203 = DIRECTION ( 'NONE',  ( 0.000000000000000000, 0.000000000000000000, 1.000000000000000000 ) ) ;
#2204 = AXIS2_PLACEMENT_3D ( 'NONE', #5841, #7754, #5301 ) ;
#2205 = CARTESIAN_POINT ( 'NONE',  ( 1.635263313984336664, 4.390588284932629648, -11.88805761861811128 ) ) ;
#2206 = LINE ( 'NONE', #2249, #286 ) ;
#2207 = DIRECTION ( 'NONE',  ( 0.000000000000000000, 0.000000000000000000, 1.000000000000000000 ) ) ;
#2208 = EDGE_CURVE ( 'NONE', #2424, #2411, #6745, .T. ) ;
#2209 = ADVANCED_FACE ( 'NONE', ( #6991 ), #3759, .F. ) ;
#2210 = CARTESIAN_POINT ( 'NONE',  ( -10.83288528313427257, 8.000000000000000000, -1.910129954336312386 ) ) ;
#2211 = VERTEX_POINT ( 'NONE', #8285 ) ;
#2212 = APPROVAL_ROLE ( '' ) ;
#2213 = EDGE_LOOP ( 'NONE', ( #3551, #6017, #273, #2651 ) ) ;
#2214 = DIRECTION ( 'NONE',  ( 0.000000000000000000, 1.000000000000000000, 0.000000000000000000 ) ) ;
#2215 = CARTESIAN_POINT ( 'NONE',  ( 2.338123282305887063, 16.50000000000001066, 13.54974831931350465 ) ) ;
#2216 = CARTESIAN_POINT ( 'NONE',  ( 1.910129954336200697, 16.00000000000000000, 10.83288528313429389 ) ) ;
#2217 = LINE ( 'NONE', #3442, #3957 ) ;
#2218 = AXIS2_PLACEMENT_3D ( 'NONE', #3260, #95, #55 ) ;
#2219 = CC_DESIGN_PERSON_AND_ORGANIZATION_ASSIGNMENT ( #744, #7863, ( #5307 ) ) ;
#2220 = DIRECTION ( 'NONE',  ( -0.8660254037844328234, 0.000000000000000000, 0.5000000000000101030 ) ) ;
#2221 = ORIENTED_EDGE ( 'NONE', *, *, #6986, .F. ) ;
#2222 = CARTESIAN_POINT ( 'NONE',  ( 17.86586399182255036, 5.999999999999998224, 9.734136008177539878 ) ) ;
#2223 = ORIENTED_EDGE ( 'NONE', *, *, #2347, .T. ) ;
#2224 = CARTESIAN_POINT ( 'NONE',  ( 0.000000000000000000, 8.000000000000000000, 0.000000000000000000 ) ) ;
#2225 = LINE ( 'NONE', #3535, #6853 ) ;
#2226 = DIRECTION ( 'NONE',  ( 0.000000000000000000, 0.000000000000000000, 1.000000000000000000 ) ) ;
#2227 = CARTESIAN_POINT ( 'NONE',  ( 0.000000000000000000, 16.00000000000000000, -5.000000000000000000 ) ) ;
#2228 = DIRECTION ( 'NONE',  ( 0.7071067811865474617, 0.000000000000000000, -0.7071067811865476838 ) ) ;
#2229 = AXIS2_PLACEMENT_3D ( 'NONE', #5801, #2616, #1391 ) ;
#2230 = ORIENTED_EDGE ( 'NONE', *, *, #6403, .F. ) ;
#2231 = EDGE_CURVE ( 'NONE', #6941, #4349, #2496, .T. ) ;
#2232 = ORIENTED_EDGE ( 'NONE', *, *, #8146, .T. ) ;
#2233 = AXIS2_PLACEMENT_3D ( 'NONE', #904, #860, #5358 ) ;
#2234 = VERTEX_POINT ( 'NONE', #1151 ) ;
#2235 = DIRECTION ( 'NONE',  ( -0.6427876096865271505, 0.000000000000000000, -0.7660444431189883385 ) ) ;
#2236 = CARTESIAN_POINT ( 'NONE',  ( -3.275975544736811518, 3.985569586644635010, 13.40560790329586638 ) ) ;
#2237 = DIRECTION ( 'NONE',  ( 0.000000000000000000, 1.000000000000000000, 0.000000000000000000 ) ) ;
#2238 = AXIS2_PLACEMENT_3D ( 'NONE', #1340, #5248, #5288 ) ;
#2239 = EDGE_CURVE ( 'NONE', #1685, #2066, #1783, .T. ) ;
#2240 = AXIS2_PLACEMENT_3D ( 'NONE', #3667, #7582, #4886 ) ;
#2241 = CARTESIAN_POINT ( 'NONE',  ( 0.000000000000000000, 13.50000000000000178, 0.000000000000000000 ) ) ;
#2242 = ORIENTED_EDGE ( 'NONE', *, *, #8146, .F. ) ;
#2243 = DIRECTION ( 'NONE',  ( -0.9848077530122086864, 0.000000000000000000, 0.1736481776669272226 ) ) ;
#2244 = DIRECTION ( 'NONE',  ( -0.8660254037844433705, 0.000000000000000000, -0.4999999999999920064 ) ) ;
#2245 = FACE_OUTER_BOUND ( 'NONE', #5855, .T. ) ;
#2246 = CARTESIAN_POINT ( 'NONE',  ( -9.734136008177348032, 4.499999999999998224, 17.86586399182264628 ) ) ;
#2247 = AXIS2_PLACEMENT_3D ( 'NONE', #4542, #2650, #3786 ) ;
#2248 = MANIFOLD_SOLID_BREP ( '\X2\51f853f0\X0\-\X2\62c94f38\X0\1', #14 ) ;
#2249 = CARTESIAN_POINT ( 'NONE',  ( -5.888972745734163183, 17.50000000000000000, 3.400000000000024780 ) ) ;
#2250 = DIRECTION ( 'NONE',  ( -0.000000000000000000, -1.000000000000000000, 0.000000000000000000 ) ) ;
#2251 = EDGE_CURVE ( 'NONE', #5517, #7668, #1071, .T. ) ;
#2252 = AXIS2_PLACEMENT_3D ( 'NONE', #2980, #5544, #8136 ) ;
#2253 = CARTESIAN_POINT ( 'NONE',  ( 0.000000000000000000, 18.90000000000000213, 1.500000000000000222 ) ) ;
#2254 = ORIENTED_EDGE ( 'NONE', *, *, #1292, .T. ) ;
#2255 = APPROVAL_ROLE ( '' ) ;
#2256 = ORIENTED_EDGE ( 'NONE', *, *, #985, .T. ) ;
#2257 = DIRECTION ( 'NONE',  ( -0.5000000000000071054, 0.000000000000000000, 0.8660254037844345998 ) ) ;
#2258 = DIRECTION ( 'NONE',  ( 0.000000000000000000, 1.000000000000000000, 0.000000000000000000 ) ) ;
#2260 = EDGE_CURVE ( 'NONE', #3323, #1141, #837, .T. ) ;
#2259 = LINE ( 'NONE', #5076, #1637 ) ;
#2261 = CIRCLE ( 'NONE', #6413, 11.00000000000000178 ) ;
#2262 = DIRECTION ( 'NONE',  ( 0.8294259869447440092, 0.000000000000000000, 0.5586166236165349686 ) ) ;
#2263 = CARTESIAN_POINT ( 'NONE',  ( 0.000000000000000000, 16.00100000000000122, 0.000000000000000000 ) ) ;
#2264 = EDGE_LOOP ( 'NONE', ( #7759, #7391, #5995, #893, #3490 ) ) ;
#2265 = AXIS2_PLACEMENT_3D ( 'NONE', #4996, #8176, #8219 ) ;
#2266 = CARTESIAN_POINT ( 'NONE',  ( -12.90348790056395067, 16.50000000000001066, -4.749999999999969802 ) ) ;
#2267 = EDGE_LOOP ( 'NONE', ( #7542, #6656, #8209, #131 ) ) ;
#2268 = CARTESIAN_POINT ( 'NONE',  ( -9.883272722524651499, 3.835569463351224062, -9.883272722524662157 ) ) ;
#2269 = CARTESIAN_POINT ( 'NONE',  ( 13.16814247213698863, 5.859151407942111867, -4.129129454228069207 ) ) ;
#2270 = CARTESIAN_POINT ( 'NONE',  ( -11.00000000000000000, 16.00000000000000000, -1.152188841818234133E-13 ) ) ;
#2271 = EDGE_CURVE ( 'NONE', #184, #644, #7972, .T. ) ;
#2272 = CARTESIAN_POINT ( 'NONE',  ( -13.61824348190883427, 5.330256036992114588, -11.92118720706111468 ) ) ;
#2273 = AXIS2_PLACEMENT_3D ( 'NONE', #7658, #5203, #7739 ) ;
#2274 = ADVANCED_FACE ( 'NONE', ( #1699 ), #5062, .T. ) ;
#2275 = VERTEX_POINT ( 'NONE', #2374 ) ;
#2276 = CARTESIAN_POINT ( 'NONE',  ( 3.830222215594885071, 8.000000000000000000, 3.213938048432703809 ) ) ;
#2277 = VERTEX_POINT ( 'NONE', #6685 ) ;
#2278 = ORIENTED_EDGE ( 'NONE', *, *, #2710, .F. ) ;
#2279 = LOCAL_TIME ( 11, 36, 54.00000000000000000, #3265 ) ;
#2280 = VERTEX_POINT ( 'NONE', #4584 ) ;
#2281 = DIRECTION ( 'NONE',  ( -0.5586166236165387433, 0.000000000000000000, -0.8294259869447414557 ) ) ;
#2282 = CARTESIAN_POINT ( 'NONE',  ( 4.281510617043278621, 16.00100000000000122, -8.480487417368545167 ) ) ;
#2283 = CARTESIAN_POINT ( 'NONE',  ( 10.56536461825805517, 16.50000000000000711, 8.799748319313506428 ) ) ;
#2284 = EDGE_CURVE ( 'NONE', #7718, #5798, #3922, .T. ) ;
#2285 = AXIS2_PLACEMENT_3D ( 'NONE', #6420, #7101, #5632 ) ;
#2286 = DIRECTION ( 'NONE',  ( -0.4999999999999949485, 0.000000000000000000, -0.8660254037844415942 ) ) ;
#2287 = ORIENTED_EDGE ( 'NONE', *, *, #1597, .F. ) ;
#2288 = CARTESIAN_POINT ( 'NONE',  ( 3.381870563060432655, 3.000000000000000000, 11.51359854670577931 ) ) ;
#2289 = CARTESIAN_POINT ( 'NONE',  ( 5.604609863433054784, 15.50000000000000000, 1.183818151790891449 ) ) ;
#2290 = DIRECTION ( 'NONE',  ( -0.8984891805005803533, 0.000000000000000000, 0.4389956634448630712 ) ) ;
#2291 = FACE_BOUND ( 'NONE', #5311, .T. ) ;
#2292 = DIRECTION ( 'NONE',  ( 0.000000000000000000, -1.000000000000000000, 0.000000000000000000 ) ) ;
#2293 = CARTESIAN_POINT ( 'NONE',  ( -7.070663706551798100, 16.00000000000000000, -8.426488874308869725 ) ) ;
#2294 = AXIS2_PLACEMENT_3D ( 'NONE', #5318, #4649, #3392 ) ;
#2295 = AXIS2_PLACEMENT_3D ( 'NONE', #6952, #3007, #4440 ) ;
#2296 = LINE ( 'NONE', #7437, #106 ) ;
#2297 = CLOSED_SHELL ( 'NONE', ( #1281, #1834, #6340, #523, #1654, #7719, #7520, #935 ) ) ;
#2298 = ORIENTED_EDGE ( 'NONE', *, *, #6901, .T. ) ;
#2299 = EDGE_CURVE ( 'NONE', #2211, #5545, #6556, .T. ) ;
#2300 = CALENDAR_DATE ( 2024, 28, 12 ) ;
#2301 = ORIENTED_EDGE ( 'NONE', *, *, #6356, .F. ) ;
#2302 = DIRECTION ( 'NONE',  ( -0.000000000000000000, -1.000000000000000000, -0.000000000000000000 ) ) ;
#2303 = DIRECTION ( 'NONE',  ( -0.7660444431189793457, 0.000000000000000000, -0.6427876096865378086 ) ) ;
#2304 = FACE_OUTER_BOUND ( 'NONE', #118, .T. ) ;
#2305 = MANIFOLD_SOLID_BREP ( '\X2\96355217\X0\(\X2\7ebf6027\X0\)7', #6996 ) ;
#2306 = DIRECTION ( 'NONE',  ( 0.000000000000000000, -1.000000000000000000, -0.000000000000000000 ) ) ;
#2307 = ORIENTED_EDGE ( 'NONE', *, *, #1095, .F. ) ;
#2308 = CARTESIAN_POINT ( 'NONE',  ( 0.000000000000000000, 19.00000000000000355, 0.000000000000000000 ) ) ;
#2309 = AXIS2_PLACEMENT_3D ( 'NONE', #6232, #408, #4935 ) ;
#2310 = VERTEX_POINT ( 'NONE', #3491 ) ;
#2311 = CARTESIAN_POINT ( 'NONE',  ( -4.804803964988677123, 3.000000000000001776, -12.93653194863403399 ) ) ;
#2312 = DIRECTION ( 'NONE',  ( 0.000000000000000000, 1.000000000000000000, 0.000000000000000000 ) ) ;
#2313 = CARTESIAN_POINT ( 'NONE',  ( 0.000000000000000000, 16.00100000000000122, 0.000000000000000000 ) ) ;
#2314 = AXIS2_PLACEMENT_3D ( 'NONE', #2184, #2140, #4080 ) ;
#2315 = EDGE_LOOP ( 'NONE', ( #3453, #8206, #4807, #3963 ) ) ;
#2316 = EDGE_CURVE ( 'NONE', #644, #184, #7427, .T. ) ;
#2317 = DIRECTION ( 'NONE',  ( -0.000000000000000000, -1.000000000000000000, -0.000000000000000000 ) ) ;
#2318 = ORIENTED_EDGE ( 'NONE', *, *, #1085, .T. ) ;
#2319 = EDGE_CURVE ( 'NONE', #1657, #1518, #4709, .T. ) ;
#2320 = ORIENTED_EDGE ( 'NONE', *, *, #8022, .F. ) ;
#2321 = ORIENTED_EDGE ( 'NONE', *, *, #472, .T. ) ;
#2322 = VECTOR ( 'NONE', #6850, 1000.000000000000000 ) ;
#2323 = DIRECTION ( 'NONE',  ( -0.7071067811865474617, -0.000000000000000000, 0.7071067811865476838 ) ) ;
#2324 = CARTESIAN_POINT ( 'NONE',  ( -4.804803964988720644, 3.000000000000000000, 12.93653194863401801 ) ) ;
#2325 = DIRECTION ( 'NONE',  ( 0.000000000000000000, 0.000000000000000000, 1.000000000000000000 ) ) ;
#2326 = AXIS2_PLACEMENT_3D ( 'NONE', #7523, #6123, #7482 ) ;
#2327 = CARTESIAN_POINT ( 'NONE',  ( 0.000000000000000000, 15.49999999999999822, 0.000000000000000000 ) ) ;
#2328 = ORIENTED_EDGE ( 'NONE', *, *, #1535, .F. ) ;
#2329 = EDGE_CURVE ( 'NONE', #7252, #3502, #8245, .T. ) ;
#2330 = CARTESIAN_POINT ( 'NONE',  ( 11.88611772598521377, 4.285467260237389553, -1.649543826248569323 ) ) ;
#2331 = CARTESIAN_POINT ( 'NONE',  ( 1.628780242865980153E-15, 0.000000000000000000, -12.80000000000000426 ) ) ;
#2332 = CARTESIAN_POINT ( 'NONE',  ( 0.000000000000000000, 17.50000000000000000, 0.000000000000000000 ) ) ;
#2333 = CARTESIAN_POINT ( 'NONE',  ( -5.000000000000000000, 16.00000000000000000, -5.237222008264700033E-14 ) ) ;
#2334 = CARTESIAN_POINT ( 'NONE',  ( -1.913146690186816157, 3.702177298178921383, -11.84672815643640575 ) ) ;
#2335 = DIRECTION ( 'NONE',  ( 0.7071067811865474617, 0.000000000000000000, -0.7071067811865476838 ) ) ;
#2336 = AXIS2_PLACEMENT_3D ( 'NONE', #4594, #2624, #1991 ) ;
#2337 = VERTEX_POINT ( 'NONE', #2696 ) ;
#2338 = CIRCLE ( 'NONE', #7999, 2.437044042515922992 ) ;
#2339 = LINE ( 'NONE', #330, #2799 ) ;
#2340 = PERSON_AND_ORGANIZATION_ROLE ( 'design_supplier' ) ;
#2341 = VERTEX_POINT ( 'NONE', #5384 ) ;
#2342 = CARTESIAN_POINT ( 'NONE',  ( 3.827521524628622274, 13.50000000000000178, 4.261825444138377605 ) ) ;
#2343 = CYLINDRICAL_SURFACE ( 'NONE', #1348, 2.199999999999997069 ) ;
#2344 = DIRECTION ( 'NONE',  ( -0.000000000000000000, 1.000000000000000000, -0.000000000000000000 ) ) ;
#2345 = AXIS2_PLACEMENT_3D ( 'NONE', #66, #5366, #2166 ) ;
#2346 = EDGE_CURVE ( 'NONE', #2190, #4208, #4593, .T. ) ;
#2347 = EDGE_CURVE ( 'NONE', #7045, #2911, #4037, .T. ) ;
#2348 = MANIFOLD_SOLID_BREP ( '\X2\570689d2\X0\1', #146 ) ;
#2349 = B_SPLINE_CURVE_WITH_KNOTS ( 'NONE', 3,
 ( #4610, #3273, #2083, #5824, #5908, #1454, #2680, #7177, #2805, #5241, #2720, #7217, #7816, #4020 ),
 .UNSPECIFIED., .F., .F.,
 ( 4, 2, 2, 2, 2, 2, 4 ),
 ( 8.673617379884035472E-19, 0.0003123690818047777993, 0.0006247381636095547313, 0.001249476327219107294, 0.001561845409023883196, 0.001874214490828657797, 0.002498952654438211119 ),
 .UNSPECIFIED. ) ;
#2350 = CARTESIAN_POINT ( 'NONE',  ( 0.000000000000000000, 16.50000000000000711, 0.000000000000000000 ) ) ;
#2351 = ORIENTED_EDGE ( 'NONE', *, *, #2271, .T. ) ;
#2352 = DIRECTION ( 'NONE',  ( 0.000000000000000000, 0.000000000000000000, 1.000000000000000000 ) ) ;
#2353 = ORIENTED_EDGE ( 'NONE', *, *, #2329, .F. ) ;
#2354 = DIRECTION ( 'NONE',  ( 0.7071067811865474617, 0.000000000000000000, -0.7071067811865476838 ) ) ;
#2355 = CARTESIAN_POINT ( 'NONE',  ( 13.31573918763705322, 5.521454676030946196, -3.624573615155736395 ) ) ;
#2356 = DIRECTION ( 'NONE',  ( 0.000000000000000000, 1.000000000000000000, 0.000000000000000000 ) ) ;
#2357 = CIRCLE ( 'NONE', #1411, 7.300000000000000711 ) ;
#2358 = VERTEX_POINT ( 'NONE', #3410 ) ;
#2359 = DIRECTION ( 'NONE',  ( -0.000000000000000000, -1.000000000000000000, -0.000000000000000000 ) ) ;
#2360 = ORIENTED_EDGE ( 'NONE', *, *, #6663, .T. ) ;
#2361 = ORIENTED_EDGE ( 'NONE', *, *, #6212, .F. ) ;
#2362 = AXIS2_PLACEMENT_3D ( 'NONE', #2101, #5843, #7073 ) ;
#2363 = ORIENTED_EDGE ( 'NONE', *, *, #4353, .T. ) ;
#2364 = PLANE ( 'NONE',  #7175 ) ;
#2365 = B_SPLINE_CURVE_WITH_KNOTS ( 'NONE', 3,
 ( #7569, #5743, #7611, #2514 ),
 .UNSPECIFIED., .F., .F.,
 ( 4, 4 ),
 ( 2.837003266967008489E-07, 0.001418470439742866920 ),
 .UNSPECIFIED. ) ;
#2366 = DIRECTION ( 'NONE',  ( -0.7071067811865474617, -0.000000000000000000, 0.7071067811865476838 ) ) ;
#2367 = DIRECTION ( 'NONE',  ( 0.1736481776669272226, 0.000000000000000000, 0.9848077530122086864 ) ) ;
#2368 = ADVANCED_FACE ( 'NONE', ( #6597 ), #5931, .T. ) ;
#2369 = EDGE_CURVE ( 'NONE', #2776, #8327, #3394, .T. ) ;
#2370 = CARTESIAN_POINT ( 'NONE',  ( -4.924038765061051315, 8.000000000000000000, 0.8682408883345857920 ) ) ;
#2371 = VERTEX_POINT ( 'NONE', #7833 ) ;
#2372 = AXIS2_PLACEMENT_3D ( 'NONE', #815, #7380, #185 ) ;
#2373 = CARTESIAN_POINT ( 'NONE',  ( 3.091507654588422582, 15.50000000000000000, -5.354648329735387513 ) ) ;
#2374 = CARTESIAN_POINT ( 'NONE',  ( -10.44438976665384011, 2.000000000000000000, 5.273018338884896572 ) ) ;
#2375 = DIRECTION ( 'NONE',  ( -0.9396926207859116476, 0.000000000000000000, 0.3420201433256596646 ) ) ;
#2376 = AXIS2_PLACEMENT_3D ( 'NONE', #76, #2050, #7185 ) ;
#2377 = CARTESIAN_POINT ( 'NONE',  ( -10.83288528313427257, 16.00000000000000000, -1.910129954336312386 ) ) ;
#2378 = LINE ( 'NONE', #3560, #4778 ) ;
#2379 = AXIS2_PLACEMENT_3D ( 'NONE', #603, #1946, #6395 ) ;
#2380 = ORIENTED_EDGE ( 'NONE', *, *, #1748, .F. ) ;
#2381 = CARTESIAN_POINT ( 'NONE',  ( 0.000000000000000000, 8.000000000000000000, 0.000000000000000000 ) ) ;
#2382 = VECTOR ( 'NONE', #5836, 1000.000000000000114 ) ;
#2383 = COORDINATED_UNIVERSAL_TIME_OFFSET ( 8, 0, .AHEAD. ) ;
#2384 = VERTEX_POINT ( 'NONE', #886 ) ;
#2385 = CARTESIAN_POINT ( 'NONE',  ( 13.36904002184130036, 5.282928044613603547, 3.422448658948206379 ) ) ;
#2386 = CARTESIAN_POINT ( 'NONE',  ( 2.338123282305729411, 13.50000000000000178, -13.54974831931353307 ) ) ;
#2387 = CARTESIAN_POINT ( 'NONE',  ( 2.500000000000005329, 16.00000000000000000, -4.330127018922190985 ) ) ;
#2388 = AXIS2_PLACEMENT_3D ( 'NONE', #2350, #7528, #2390 ) ;
#2389 = EDGE_CURVE ( 'NONE', #1141, #5687, #3398, .T. ) ;
#2390 = DIRECTION ( 'NONE',  ( -3.552713678800500929E-15, 0.000000000000000000, 1.000000000000000000 ) ) ;
#2391 = ORIENTED_EDGE ( 'NONE', *, *, #1703, .F. ) ;
#2392 = CARTESIAN_POINT ( 'NONE',  ( 3.762221576582328808, 8.000000000000000000, 10.33661882864500292 ) ) ;
#2393 = ORIENTED_EDGE ( 'NONE', *, *, #483, .F. ) ;
#2394 = CARTESIAN_POINT ( 'NONE',  ( 0.000000000000000000, 19.00000000000000355, 0.000000000000000000 ) ) ;
#2395 = AXIS2_PLACEMENT_3D ( 'NONE', #6159, #3520, #6754 ) ;
#2396 = DIRECTION ( 'NONE',  ( 0.000000000000000000, 0.000000000000000000, 1.000000000000000000 ) ) ;
#2397 = CARTESIAN_POINT ( 'NONE',  ( 0.000000000000000000, 0.000000000000000000, 0.000000000000000000 ) ) ;
#2398 = CIRCLE ( 'NONE', #2943, 13.79999999999999893 ) ;
#2399 = ORIENTED_EDGE ( 'NONE', *, *, #3224, .F. ) ;
#2400 = LINE ( 'NONE', #6097, #3724 ) ;
#2401 = ORIENTED_EDGE ( 'NONE', *, *, #6519, .F. ) ;
#2402 = VERTEX_POINT ( 'NONE', #7678 ) ;
#2403 = ADVANCED_FACE ( 'NONE', ( #3953 ), #2737, .T. ) ;
#2404 = ORIENTED_EDGE ( 'NONE', *, *, #3823, .F. ) ;
#2405 = EDGE_CURVE ( 'NONE', #4208, #2190, #7705, .T. ) ;
#2406 = CYLINDRICAL_SURFACE ( 'NONE', #7037, 13.79999999999999893 ) ;
#2407 = LOCAL_TIME ( 11, 36, 54.00000000000000000, #454 ) ;
#2408 = DIRECTION ( 'NONE',  ( -0.8984891805005823517, -0.000000000000000000, -0.4389956634448590189 ) ) ;
#2409 = CARTESIAN_POINT ( 'NONE',  ( -5.888972745734157854, 17.50000000000000000, 3.400000000000022116 ) ) ;
#2410 = CARTESIAN_POINT ( 'NONE',  ( -2.500000000000035083, 16.00000000000000000, 4.330127018922172333 ) ) ;
#2411 = VERTEX_POINT ( 'NONE', #1552 ) ;
#2412 = DIRECTION ( 'NONE',  ( 0.5000000000000071054, 0.000000000000000000, -0.8660254037844345998 ) ) ;
#2413 = EDGE_CURVE ( 'NONE', #1524, #6941, #1078, .T. ) ;
#2414 = DIRECTION ( 'NONE',  ( 0.000000000000000000, 1.000000000000000000, 0.000000000000000000 ) ) ;
#2415 = FACE_OUTER_BOUND ( 'NONE', #2431, .T. ) ;
#2416 = CARTESIAN_POINT ( 'NONE',  ( 3.416844856009552789, 3.704994573046193285, -13.37066080281943847 ) ) ;
#2417 = DIRECTION ( 'NONE',  ( 0.9848077530122080203, 0.000000000000000000, 0.1736481776669306920 ) ) ;
#2418 = ORIENTED_EDGE ( 'NONE', *, *, #6519, .T. ) ;
#2419 = CARTESIAN_POINT ( 'NONE',  ( 3.365533109488785257, 3.806042787212056577, 13.38340197477534232 ) ) ;
#2420 = EDGE_CURVE ( 'NONE', #5081, #3338, #3993, .T. ) ;
#2421 = EDGE_CURVE ( 'NONE', #3035, #8003, #4667, .T. ) ;
#2422 = CALENDAR_DATE ( 2024, 28, 12 ) ;
#2423 = AXIS2_PLACEMENT_3D ( 'NONE', #6124, #421, #4197 ) ;
#2424 = VERTEX_POINT ( 'NONE', #5548 ) ;
#2425 = CARTESIAN_POINT ( 'NONE',  ( 12.93653194863401623, 3.000000000000001332, -4.804803964988718867 ) ) ;
#2426 = FACE_OUTER_BOUND ( 'NONE', #1403, .T. ) ;
#2427 = CARTESIAN_POINT ( 'NONE',  ( -5.500000000000078160, 16.00000000000000000, 9.526279441628780376 ) ) ;
#2428 = AXIS2_PLACEMENT_3D ( 'NONE', #282, #5065, #7554 ) ;
#2429 = DIRECTION ( 'NONE',  ( 0.000000000000000000, 1.000000000000000000, 0.000000000000000000 ) ) ;
#2430 = LINE ( 'NONE', #7572, #241 ) ;
#2431 = EDGE_LOOP ( 'NONE', ( #7663, #1426, #6048, #4754 ) ) ;
#2432 = CARTESIAN_POINT ( 'NONE',  ( 6.516585068083168508, 16.00100000000000122, 3.290002895201689537 ) ) ;
#2433 = ORIENTED_EDGE ( 'NONE', *, *, #4864, .T. ) ;
#2434 = PLANE ( 'NONE',  #1116 ) ;
#2435 = DIRECTION ( 'NONE',  ( 0.000000000000000000, -1.000000000000000000, 0.000000000000000000 ) ) ;
#2436 = CIRCLE ( 'NONE', #1234, 1.499999999999999778 ) ;
#2437 = DIRECTION ( 'NONE',  ( 1.000000000000000000, 9.427844978134821433E-17, -1.776356839400250465E-15 ) ) ;
#2438 = EDGE_LOOP ( 'NONE', ( #167, #5049, #1626, #2790, #7841, #4160, #1323 ) ) ;
#2439 = AXIS2_PLACEMENT_3D ( 'NONE', #4157, #6843, #3612 ) ;
#2440 = FACE_OUTER_BOUND ( 'NONE', #1401, .T. ) ;
#2441 = ORIENTED_EDGE ( 'NONE', *, *, #6901, .F. ) ;
#2442 = MANIFOLD_SOLID_BREP ( '\X2\626b63cf\X0\1', #5393 ) ;
#2443 = ORIENTED_EDGE ( 'NONE', *, *, #37, .T. ) ;
#2444 = ORIENTED_EDGE ( 'NONE', *, *, #8290, .T. ) ;
#2445 = CARTESIAN_POINT ( 'NONE',  ( 0.000000000000000000, 16.00000000000000000, 0.000000000000000000 ) ) ;
#2446 = CARTESIAN_POINT ( 'NONE',  ( 2.199155242852580461, 0.000000000000000000, -11.54236614467908950 ) ) ;
#2447 = VECTOR ( 'NONE', #3367, 999.9999999999998863 ) ;
#2448 = ADVANCED_FACE ( 'NONE', ( #387 ), #7493, .F. ) ;
#2449 = LINE ( 'NONE', #5015, #5726 ) ;
#2450 = EDGE_LOOP ( 'NONE', ( #2536, #7374 ) ) ;
#2451 = AXIS2_PLACEMENT_3D ( 'NONE', #874, #3400, #5331 ) ;
#2452 = ORIENTED_EDGE ( 'NONE', *, *, #5978, .F. ) ;
#2453 = LINE ( 'NONE', #8198, #3794 ) ;
#2454 = DIRECTION ( 'NONE',  ( -0.000000000000000000, 1.000000000000000000, -0.000000000000000000 ) ) ;
#2455 = MANIFOLD_SOLID_BREP ( '\X2\96355217\X0\(\X2\57065468\X0\)1[6]', #821 ) ;
#2456 = CARTESIAN_POINT ( 'NONE',  ( -3.762221576582472249, 8.000000000000000000, 10.33661882864494963 ) ) ;
#2457 = CARTESIAN_POINT ( 'NONE',  ( 0.000000000000000000, 16.00000000000000000, -5.000000000000000000 ) ) ;
#2458 = VECTOR ( 'NONE', #4489, 1000.000000000000000 ) ;
#2459 = ORIENTED_EDGE ( 'NONE', *, *, #5322, .T. ) ;
#2460 = CARTESIAN_POINT ( 'NONE',  ( 3.857094134006310515, 3.278661764679845714, 13.25101032785058663 ) ) ;
#2461 = DATE_AND_TIME ( #2504, #7797 ) ;
#2462 = AXIS2_PLACEMENT_3D ( 'NONE', #4638, #7244, #7802 ) ;
#2463 = ORIENTED_EDGE ( 'NONE', *, *, #5204, .T. ) ;
#2464 = CARTESIAN_POINT ( 'NONE',  ( 0.000000000000000000, 15.49999999999999822, -1.499999999999999556 ) ) ;
#2465 = DIRECTION ( 'NONE',  ( -0.000000000000000000, -1.000000000000000000, -0.000000000000000000 ) ) ;
#2466 = CARTESIAN_POINT ( 'NONE',  ( 0.000000000000000000, 16.00000000000000000, 11.00000000000000000 ) ) ;
#2467 = DIRECTION ( 'NONE',  ( 0.6325057399790078305, 0.4470715577927284468, 0.6325057399790067203 ) ) ;
#2468 = ADVANCED_FACE ( 'NONE', ( #2901 ), #7452, .F. ) ;
#2469 = ADVANCED_FACE ( 'NONE', ( #1091 ), #8140, .F. ) ;
#2470 = AXIS2_PLACEMENT_3D ( 'NONE', #5849, #5267, #2745 ) ;
#2471 = LINE ( 'NONE', #3144, #4392 ) ;
#2472 = EDGE_CURVE ( 'NONE', #3043, #4108, #4066, .T. ) ;
#2473 = CARTESIAN_POINT ( 'NONE',  ( 11.62907287544343404, 5.964262174106207404, -2.967468940649723663 ) ) ;
#2474 = ORIENTED_EDGE ( 'NONE', *, *, #325, .F. ) ;
#2475 =( NAMED_UNIT ( * ) PLANE_ANGLE_UNIT ( ) SI_UNIT ( $, .RADIAN. ) );
#2476 = EDGE_LOOP ( 'NONE', ( #3711, #7460, #7191, #1414 ) ) ;
#2477 = CARTESIAN_POINT ( 'NONE',  ( -13.42626121519763238, 4.285309919537537482, -3.190008605103223260 ) ) ;
#2478 = DIRECTION ( 'NONE',  ( -0.7071067811865470176, 0.000000000000000000, -0.7071067811865480168 ) ) ;
#2479 = AXIS2_PLACEMENT_3D ( 'NONE', #6050, #8053, #7280 ) ;
#2480 = CYLINDRICAL_SURFACE ( 'NONE', #3848, 1.317565283458833392 ) ;
#2481 = EDGE_CURVE ( 'NONE', #5072, #5630, #6889, .T. ) ;
#2482 = ORIENTED_EDGE ( 'NONE', *, *, #794, .T. ) ;
#2483 = CARTESIAN_POINT ( 'NONE',  ( 0.000000000000000000, 8.000000000000000000, 0.000000000000000000 ) ) ;
#2484 = EDGE_LOOP ( 'NONE', ( #7109, #444, #1000, #4315, #4495, #7884 ) ) ;
#2485 = MANIFOLD_SOLID_BREP ( '\X2\96355217\X0\(\X2\57065468\X0\)1[8]', #8100 ) ;
#2486 = LINE ( 'NONE', #4545, #6426 ) ;
#2487 = VERTEX_POINT ( 'NONE', #2311 ) ;
#2488 = ORIENTED_EDGE ( 'NONE', *, *, #8311, .T. ) ;
#2489 = CARTESIAN_POINT ( 'NONE',  ( -5.196152422706618701, 15.50000000000000000, 3.000000000000024869 ) ) ;
#2490 = CARTESIAN_POINT ( 'NONE',  ( -10.73180085994850685, 7.242608629440185020, -9.034744585100801473 ) ) ;
#2491 = EDGE_CURVE ( 'NONE', #8014, #3479, #312, .T. ) ;
#2492 = DIRECTION ( 'NONE',  ( 0.000000000000000000, -1.000000000000000000, -0.000000000000000000 ) ) ;
#2493 = CIRCLE ( 'NONE', #8297, 0.5999999999999983125 ) ;
#2494 = ORIENTED_EDGE ( 'NONE', *, *, #4461, .F. ) ;
#2495 = VERTEX_POINT ( 'NONE', #8050 ) ;
#2496 = LINE ( 'NONE', #6908, #5802 ) ;
#2497 = CARTESIAN_POINT ( 'NONE',  ( 1.704818361101158031, 4.920502793703482425, -11.87831552823949366 ) ) ;
#2498 = EDGE_CURVE ( 'NONE', #3868, #6386, #450, .T. ) ;
#2499 = LINE ( 'NONE', #7035, #3506 ) ;
#2500 = DIRECTION ( 'NONE',  ( -0.9396926207859104263, 0.000000000000000000, 0.3420201433256629953 ) ) ;
#2501 = ORIENTED_EDGE ( 'NONE', *, *, #1337, .T. ) ;
#2502 = DIRECTION ( 'NONE',  ( 0.000000000000000000, -1.000000000000000000, 0.000000000000000000 ) ) ;
#2503 = VECTOR ( 'NONE', #306, 1000.000000000000000 ) ;
#2504 = CALENDAR_DATE ( 2024, 28, 12 ) ;
#2505 = VERTEX_POINT ( 'NONE', #4207 ) ;
#2506 = FACE_OUTER_BOUND ( 'NONE', #2795, .T. ) ;
#2507 = VECTOR ( 'NONE', #3855, 1000.000000000000000 ) ;
#2508 = EDGE_CURVE ( 'NONE', #4885, #979, #3529, .T. ) ;
#2509 = CARTESIAN_POINT ( 'NONE',  ( 8.896404679647073266, 0.000000000000000000, -7.675707379515823270 ) ) ;
#2510 = EDGE_CURVE ( 'NONE', #1708, #6063, #3934, .T. ) ;
#2511 = DIRECTION ( 'NONE',  ( 0.000000000000000000, 0.000000000000000000, 1.000000000000000000 ) ) ;
#2512 = DIRECTION ( 'NONE',  ( -0.000000000000000000, -1.000000000000000000, 0.000000000000000000 ) ) ;
#2514 = CARTESIAN_POINT ( 'NONE',  ( -12.90348790056395067, 16.50000000000001066, -4.749999999999969802 ) ) ;
#2513 = AXIS2_PLACEMENT_3D ( 'NONE', #130, #7240, #6562 ) ;
#2515 = DIRECTION ( 'NONE',  ( 0.6325057399790080526, 0.4470715577927284468, 0.6325057399790066093 ) ) ;
#2516 = VERTEX_POINT ( 'NONE', #2268 ) ;
#2517 =( NAMED_UNIT ( * ) PLANE_ANGLE_UNIT ( ) SI_UNIT ( $, .RADIAN. ) );
#2518 = EDGE_LOOP ( 'NONE', ( #3740, #3106, #4635, #1793, #5920 ) ) ;
#2519 = CARTESIAN_POINT ( 'NONE',  ( -13.19853290813027513, 5.824040818862682656, -4.034579327477987754 ) ) ;
#2520 = EDGE_CURVE ( 'NONE', #5081, #2840, #2868, .T. ) ;
#2521 = CARTESIAN_POINT ( 'NONE',  ( -4.804803964988677123, 6.000000000000001776, -12.93653194863403399 ) ) ;
#2522 = AXIS2_PLACEMENT_3D ( 'NONE', #5959, #5291, #7273 ) ;
#2523 = FACE_OUTER_BOUND ( 'NONE', #3938, .T. ) ;
#2524 = ORIENTED_EDGE ( 'NONE', *, *, #2634, .T. ) ;
#2525 = DIRECTION ( 'NONE',  ( 0.8660254037844362651, 0.000000000000000000, -0.5000000000000042188 ) ) ;
#2526 = VERTEX_POINT ( 'NONE', #3700 ) ;
#2527 = VECTOR ( 'NONE', #742, 1000.000000000000114 ) ;
#2528 = DIRECTION ( 'NONE',  ( 0.7071067811865475727, 0.000000000000000000, 0.7071067811865475727 ) ) ;
#2529 = ORIENTED_EDGE ( 'NONE', *, *, #2023, .T. ) ;
#2530 = EDGE_CURVE ( 'NONE', #2744, #7706, #4291, .T. ) ;
#2531 = ORIENTED_EDGE ( 'NONE', *, *, #4998, .T. ) ;
#2532 = CARTESIAN_POINT ( 'NONE',  ( 4.281510617043213784, 2.000000000000000000, 8.480487417368575365 ) ) ;
#2533 = FACE_OUTER_BOUND ( 'NONE', #2990, .T. ) ;
#2534 = CIRCLE ( 'NONE', #922, 5.000000000000000000 ) ;
#2535 = DIRECTION ( 'NONE',  ( 0.000000000000000000, 0.000000000000000000, -1.000000000000000000 ) ) ;
#2536 = ORIENTED_EDGE ( 'NONE', *, *, #5388, .F. ) ;
#2537 = ORIENTED_EDGE ( 'NONE', *, *, #7823, .T. ) ;
#2538 = CIRCLE ( 'NONE', #5220, 11.00000000000000000 ) ;
#2539 = DIRECTION ( 'NONE',  ( -0.000000000000000000, -1.000000000000000000, -0.000000000000000000 ) ) ;
#2540 = FACE_OUTER_BOUND ( 'NONE', #6523, .T. ) ;
#2541 = LINE ( 'NONE', #3174, #5916 ) ;
#2542 = CARTESIAN_POINT ( 'NONE',  ( -2.338123282305887063, 16.50000000000001066, -13.54974831931350465 ) ) ;
#2543 = EDGE_LOOP ( 'NONE', ( #3947, #8137, #2653, #3073 ) ) ;
#2544 = ORIENTED_EDGE ( 'NONE', *, *, #1198, .T. ) ;
#2545 = CARTESIAN_POINT ( 'NONE',  ( 4.330127018922198978, 8.000000000000000000, -2.499999999999990230 ) ) ;
#2546 = PERSON_AND_ORGANIZATION ( #6064, #7389 ) ;
#2547 = VERTEX_POINT ( 'NONE', #8178 ) ;
#2548 = FACE_OUTER_BOUND ( 'NONE', #4081, .T. ) ;
#2549 = CC_DESIGN_APPROVAL ( #6845, ( #6570 ) ) ;
#2550 = PLANE ( 'NONE',  #1619 ) ;
#2551 = CARTESIAN_POINT ( 'NONE',  ( -11.88811833761112347, 4.604429916845067083, -1.634821837571686531 ) ) ;
#2552 = CIRCLE ( 'NONE', #7250, 5.000000000000000000 ) ;
#2553 = DIRECTION ( 'NONE',  ( 0.000000000000000000, -1.000000000000000000, 0.000000000000000000 ) ) ;
#2554 = EDGE_CURVE ( 'NONE', #2641, #5072, #345, .T. ) ;
#2555 = EDGE_CURVE ( 'NONE', #354, #1901, #580, .T. ) ;
#2556 = CIRCLE ( 'NONE', #276, 5.000000000000000888 ) ;
#2557 = CARTESIAN_POINT ( 'NONE',  ( 11.88808833175173518, 4.717167530212324600, -1.635040004546796322 ) ) ;
#2558 = VERTEX_POINT ( 'NONE', #4248 ) ;
#2559 = ORIENTED_EDGE ( 'NONE', *, *, #5324, .F. ) ;
#2560 = LINE ( 'NONE', #5123, #6884 ) ;
#2561 = DIRECTION ( 'NONE',  ( -0.06906319355582569985, 0.000000000000000000, 0.9976122870613967075 ) ) ;
#2562 = CARTESIAN_POINT ( 'NONE',  ( 2.268672570207835637, 17.50000000000000000, 12.54653835801678419 ) ) ;
#2563 = PLANE ( 'NONE',  #4798 ) ;
#2564 = AXIS2_PLACEMENT_3D ( 'NONE', #4987, #23, #1163 ) ;
#2565 = ORIENTED_EDGE ( 'NONE', *, *, #6575, .F. ) ;
#2566 = CARTESIAN_POINT ( 'NONE',  ( -8.480487417368529179, 16.00100000000000122, -2.081510617043310418 ) ) ;
#2567 = ORIENTED_EDGE ( 'NONE', *, *, #7074, .F. ) ;
#2568 = DIRECTION ( 'NONE',  ( 0.000000000000000000, 0.000000000000000000, -1.000000000000000000 ) ) ;
#2569 = CIRCLE ( 'NONE', #6995, 11.00000000000000000 ) ;
#2570 = ORIENTED_EDGE ( 'NONE', *, *, #4347, .T. ) ;
#2571 = EDGE_LOOP ( 'NONE', ( #830, #902 ) ) ;
#2572 = PLANE ( 'NONE',  #5822 ) ;
#2573 = CARTESIAN_POINT ( 'NONE',  ( 0.000000000000000000, 8.000000000000000000, 0.000000000000000000 ) ) ;
#2574 = AXIS2_PLACEMENT_3D ( 'NONE', #5274, #7853, #8257 ) ;
#2575 = AXIS2_PLACEMENT_3D ( 'NONE', #3360, #7951, #4745 ) ;
#2576 = EDGE_CURVE ( 'NONE', #5373, #4043, #5416, .T. ) ;
#2577 = EDGE_CURVE ( 'NONE', #1354, #1657, #5427, .T. ) ;
#2578 = CARTESIAN_POINT ( 'NONE',  ( -11.92118720706112178, 5.330256036992114588, -13.61824348190882716 ) ) ;
#2579 = ORIENTED_EDGE ( 'NONE', *, *, #5906, .T. ) ;
#2580 = EDGE_CURVE ( 'NONE', #5814, #683, #4740, .T. ) ;
#2581 = ORIENTED_EDGE ( 'NONE', *, *, #1217, .F. ) ;
#2582 = VECTOR ( 'NONE', #8132, 1000.000000000000000 ) ;
#2583 = FACE_OUTER_BOUND ( 'NONE', #5025, .T. ) ;
#2584 = CYLINDRICAL_SURFACE ( 'NONE', #4715, 1.317565283458833392 ) ;
#2585 = PLANE ( 'NONE',  #1148 ) ;
#2586 = EDGE_CURVE ( 'NONE', #3405, #4846, #5508, .T. ) ;
#2587 = ORIENTED_EDGE ( 'NONE', *, *, #8224, .F. ) ;
#2588 = DIRECTION ( 'NONE',  ( 0.000000000000000000, 0.000000000000000000, -1.000000000000000000 ) ) ;
#2589 = DIRECTION ( 'NONE',  ( 0.000000000000000000, 1.000000000000000000, 0.000000000000000000 ) ) ;
#2590 = DATE_AND_TIME ( #1326, #274 ) ;
#2591 = ORIENTED_EDGE ( 'NONE', *, *, #1169, .F. ) ;
#2592 = CARTESIAN_POINT ( 'NONE',  ( 0.000000000000000000, 8.000000000000000000, 0.000000000000000000 ) ) ;
#2593 = DIRECTION ( 'NONE',  ( 0.000000000000000000, -1.000000000000000000, 0.000000000000000000 ) ) ;
#2594 = CYLINDRICAL_SURFACE ( 'NONE', #5295, 1.499999999999999556 ) ;
#2595 = CIRCLE ( 'NONE', #6483, 12.75000000000000000 ) ;
#2596 = CARTESIAN_POINT ( 'NONE',  ( 11.00000000000000000, 16.00000000000000000, 3.840629472727446691E-14 ) ) ;
#2597 = CIRCLE ( 'NONE', #6078, 2.199999999999997957 ) ;
#2598 = CARTESIAN_POINT ( 'NONE',  ( -7.744759189546649658, 4.435569463351222375, -9.441815464394359481 ) ) ;
#2599 = ORIENTED_EDGE ( 'NONE', *, *, #7074, .T. ) ;
#2600 = CARTESIAN_POINT ( 'NONE',  ( -3.425084766211778042, 5.286725255746502761, -13.36836546731312048 ) ) ;
#2601 = VERTEX_POINT ( 'NONE', #3107 ) ;
#2602 = CARTESIAN_POINT ( 'NONE',  ( -13.41771819555240697, 4.914432602277395645, -3.227055088263055094 ) ) ;
#2603 = CARTESIAN_POINT ( 'NONE',  ( -6.183015309176970398, 15.50000000000000000, 1.474514954580286030E-14 ) ) ;
#2604 = DIRECTION ( 'NONE',  ( -0.6427876096865431377, 0.000000000000000000, 0.7660444431189747938 ) ) ;
#2605 = EDGE_CURVE ( 'NONE', #3438, #4553, #2688, .T. ) ;
#2606 = DIRECTION ( 'NONE',  ( 0.000000000000000000, 1.000000000000000000, 0.000000000000000000 ) ) ;
#2607 = AXIS2_PLACEMENT_3D ( 'NONE', #7928, #3462, #1023 ) ;
#2608 = VERTEX_POINT ( 'NONE', #5000 ) ;
#2609 = PLANE ( 'NONE',  #7355 ) ;
#2610 = ORIENTED_EDGE ( 'NONE', *, *, #3116, .T. ) ;
#2611 = CARTESIAN_POINT ( 'NONE',  ( 4.281510617043213784, 0.000000000000000000, 8.480487417368575365 ) ) ;
#2612 = AXIS2_PLACEMENT_3D ( 'NONE', #8015, #5353, #6653 ) ;
#2613 = VERTEX_POINT ( 'NONE', #1931 ) ;
#2614 = ORIENTED_EDGE ( 'NONE', *, *, #1700, .F. ) ;
#2615 = FACE_BOUND ( 'NONE', #1347, .T. ) ;
#2616 = DIRECTION ( 'NONE',  ( -0.000000000000000000, -1.000000000000000000, -0.000000000000000000 ) ) ;
#2617 = CIRCLE ( 'NONE', #8279, 12.00000000000000178 ) ;
#2618 = CIRCLE ( 'NONE', #4368, 1.317565283458833836 ) ;
#2619 = CYLINDRICAL_SURFACE ( 'NONE', #7346, 11.00000000000000000 ) ;
#2620 = B_SPLINE_CURVE_WITH_KNOTS ( 'NONE', 3,
 ( #4820, #1532, #2968, #8077, #1034, #951, #2334, #6114, #7387, #910, #6155, #1662, #7342, #5365 ),
 .UNSPECIFIED., .F., .F.,
 ( 4, 2, 2, 2, 2, 2, 4 ),
 ( 0.000000000000000000, 0.0003205247344386585808, 0.0006410494688773171615, 0.0009615742033159757965, 0.001282098937754634323, 0.001923148406631951593, 0.002564197875509268646 ),
 .UNSPECIFIED. ) ;
#2621 = ORIENTED_EDGE ( 'NONE', *, *, #1200, .F. ) ;
#2622 = ORIENTED_EDGE ( 'NONE', *, *, #3195, .T. ) ;
#2623 = ADVANCED_FACE ( 'NONE', ( #1175 ), #2434, .T. ) ;
#2624 = DIRECTION ( 'NONE',  ( 0.9396926207859093161, 0.000000000000000000, -0.3420201433256662149 ) ) ;
#2625 = EDGE_CURVE ( 'NONE', #1547, #2547, #2595, .T. ) ;
#2626 = DIRECTION ( 'NONE',  ( 0.8660254037844328234, 0.000000000000000000, 0.5000000000000099920 ) ) ;
#2627 = CARTESIAN_POINT ( 'NONE',  ( 0.000000000000000000, 2.000000000000000000, 0.000000000000000000 ) ) ;
#2628 = VERTEX_POINT ( 'NONE', #8350 ) ;
#2629 = CARTESIAN_POINT ( 'NONE',  ( 10.56536461825805517, 16.50000000000000711, 8.799748319313506428 ) ) ;
#2630 = LINE ( 'NONE', #4645, #3420 ) ;
#2631 = ORIENTED_EDGE ( 'NONE', *, *, #370, .T. ) ;
#2632 = CARTESIAN_POINT ( 'NONE',  ( 11.72279952002513959, 5.828852987997287016, 2.572438380456338436 ) ) ;
#2633 = CIRCLE ( 'NONE', #5453, 13.79999999999999893 ) ;
#2634 = EDGE_CURVE ( 'NONE', #3220, #3669, #5674, .T. ) ;
#2635 = CARTESIAN_POINT ( 'NONE',  ( 1.836970198721029688E-16, 6.000000000000000000, 1.499999999999999778 ) ) ;
#2636 = CARTESIAN_POINT ( 'NONE',  ( 5.000000000000000000, 16.00000000000000000, 1.745740669421566678E-14 ) ) ;
#2637 = DIRECTION ( 'NONE',  ( 0.000000000000000000, 1.000000000000000000, 0.000000000000000000 ) ) ;
#2638 = ORIENTED_EDGE ( 'NONE', *, *, #7511, .F. ) ;
#2639 = AXIS2_PLACEMENT_3D ( 'NONE', #5313, #3550, #2796 ) ;
#2640 =( NAMED_UNIT ( * ) SI_UNIT ( $, .STERADIAN. ) SOLID_ANGLE_UNIT ( ) );
#2641 = VERTEX_POINT ( 'NONE', #3860 ) ;
#2642 = CARTESIAN_POINT ( 'NONE',  ( -1.703822381663161911, 4.917835127298351594, 11.87845804319828424 ) ) ;
#2643 = CARTESIAN_POINT ( 'NONE',  ( 0.000000000000000000, 16.00000000000000000, 0.000000000000000000 ) ) ;
#2644 = CIRCLE ( 'NONE', #2376, 0.5999999999999983125 ) ;
#2645 = LINE ( 'NONE', #1338, #963 ) ;
#2646 = DIRECTION ( 'NONE',  ( 0.000000000000000000, 1.000000000000000000, 0.000000000000000000 ) ) ;
#2647 = EDGE_CURVE ( 'NONE', #4570, #4662, #6752, .T. ) ;
#2648 = CIRCLE ( 'NONE', #2240, 7.300000000000000711 ) ;
#2649 = ORIENTED_EDGE ( 'NONE', *, *, #2413, .F. ) ;
#2650 = DIRECTION ( 'NONE',  ( 0.000000000000000000, -1.000000000000000000, 0.000000000000000000 ) ) ;
#2651 = ORIENTED_EDGE ( 'NONE', *, *, #4015, .F. ) ;
#2652 = DIRECTION ( 'NONE',  ( 0.000000000000000000, -1.000000000000000000, 0.000000000000000000 ) ) ;
#2653 = ORIENTED_EDGE ( 'NONE', *, *, #4991, .F. ) ;
#2654 = CIRCLE ( 'NONE', #3458, 13.75000000000000178 ) ;
#2655 = EDGE_LOOP ( 'NONE', ( #2638, #5766, #8114, #6612, #3448, #5257 ) ) ;
#2656 = DIRECTION ( 'NONE',  ( 0.8660254037844328234, 0.000000000000000000, 0.5000000000000102141 ) ) ;
#2657 = CARTESIAN_POINT ( 'NONE',  ( -9.734136008177348032, 5.999999999999998224, 17.86586399182264628 ) ) ;
#2658 = AXIS2_PLACEMENT_3D ( 'NONE', #1887, #701, #8259 ) ;
#2659 = FACE_OUTER_BOUND ( 'NONE', #5713, .T. ) ;
#2660 = ORIENTED_EDGE ( 'NONE', *, *, #6282, .F. ) ;
#2661 = EDGE_CURVE ( 'NONE', #3868, #4578, #7576, .T. ) ;
#2662 = EDGE_CURVE ( 'NONE', #2067, #6142, #2188, .T. ) ;
#2663 = EDGE_LOOP ( 'NONE', ( #5205, #6513, #1310, #7781, #3095, #4560, #2816, #2906, #4682, #6481, #7159, #3296, #4926 ) ) ;
#2664 = CARTESIAN_POINT ( 'NONE',  ( 11.99995723270239090, 17.50000000000000000, 4.308541100339359886 ) ) ;
#2665 = AXIS2_PLACEMENT_3D ( 'NONE', #1038, #452, #5535 ) ;
#2666 = FACE_BOUND ( 'NONE', #5961, .T. ) ;
#2667 = DIRECTION ( 'NONE',  ( 0.000000000000000000, 1.000000000000000000, 0.000000000000000000 ) ) ;
#2668 = EDGE_CURVE ( 'NONE', #3460, #8195, #1650, .T. ) ;
#2669 = AXIS2_PLACEMENT_3D ( 'NONE', #7190, #4119, #5921 ) ;
#2670 = ORIENTED_EDGE ( 'NONE', *, *, #6599, .F. ) ;
#2671 = CARTESIAN_POINT ( 'NONE',  ( 4.503332099679109746, 17.50000000000000000, 2.599999999999961897 ) ) ;
#2672 = CYLINDRICAL_SURFACE ( 'NONE', #708, 1.499999999999999556 ) ;
#2673 = ORIENTED_EDGE ( 'NONE', *, *, #3806, .T. ) ;
#2674 = CYLINDRICAL_SURFACE ( 'NONE', #6757, 5.000000000000000000 ) ;
#2675 = CARTESIAN_POINT ( 'NONE',  ( -5.500000000000077272, 8.000000000000000000, 9.526279441628778599 ) ) ;
#2676 = LINE ( 'NONE', #7857, #1816 ) ;
#2677 = AXIS2_PLACEMENT_3D ( 'NONE', #1889, #4456, #4107 ) ;
#2678 = EDGE_CURVE ( 'NONE', #3043, #1354, #2560, .T. ) ;
#2679 = EDGE_CURVE ( 'NONE', #5575, #8167, #1247, .T. ) ;
#2680 = CARTESIAN_POINT ( 'NONE',  ( 13.33741286140090665, 3.545292965962608456, -3.546749343158200229 ) ) ;
#2681 = EDGE_LOOP ( 'NONE', ( #1295, #1080, #484, #7976, #5891, #4760, #1848 ) ) ;
#2682 = COORDINATED_UNIVERSAL_TIME_OFFSET ( 8, 0, .AHEAD. ) ;
#2683 = EDGE_LOOP ( 'NONE', ( #8047, #7359, #2660, #5444, #7241, #597 ) ) ;
#2684 = CARTESIAN_POINT ( 'NONE',  ( -4.698463103929516826, 16.00000000000000000, -1.710100716628412121 ) ) ;
#2685 = CARTESIAN_POINT ( 'NONE',  ( 7.070663706551857608, 16.00000000000000000, 8.426488874308819987 ) ) ;
#2686 = DIRECTION ( 'NONE',  ( -0.000000000000000000, -1.000000000000000000, -0.000000000000000000 ) ) ;
#2687 = CARTESIAN_POINT ( 'NONE',  ( -3.830222215594929036, 16.00000000000000000, 3.213938048432649630 ) ) ;
#2688 = B_SPLINE_CURVE_WITH_KNOTS ( 'NONE', 3,
 ( #5671, #545, #626, #7016, #7616, #1849, #588, #8308, #8263, #2477, #5788, #3193, #2602, #7699, #5040, #1335, #6297, #7741, #2519, #4418, #5082, #6971, #6929, #32 ),
 .UNSPECIFIED., .F., .F.,
 ( 4, 2, 2, 2, 2, 2, 2, 2, 2, 2, 2, 4 ),
 ( 0.002436398328105359497, 0.003061170133995789501, 0.003685941939886219071, 0.004310713745776647773, 0.004623099648721861257, 0.004935485551667074741, 0.005560257357557503444, 0.005872643260502718662, 0.006185029163447932146, 0.006809800969338360849, 0.007122186872283574333, 0.007434572775228787817 ),
 .UNSPECIFIED. ) ;
#2689 = AXIS2_PLACEMENT_3D ( 'NONE', #971, #4249, #6133 ) ;
#2690 = ORIENTED_EDGE ( 'NONE', *, *, #7394, .T. ) ;
#2691 = CC_DESIGN_PERSON_AND_ORGANIZATION_ASSIGNMENT ( #2807, #4613, ( #6410 ) ) ;
#2692 = DIRECTION ( 'NONE',  ( 0.7071067811865475727, 0.000000000000000000, -0.7071067811865475727 ) ) ;
#2693 = ORIENTED_EDGE ( 'NONE', *, *, #2036, .F. ) ;
#2694 = DIRECTION ( 'NONE',  ( 0.7071067811865475727, 0.000000000000000000, -0.7071067811865475727 ) ) ;
#2695 = ORIENTED_EDGE ( 'NONE', *, *, #8229, .T. ) ;
#2696 = CARTESIAN_POINT ( 'NONE',  ( -2.338123282305887063, 13.50000000000000178, -13.54974831931350465 ) ) ;
#2697 =( REPRESENTATION_RELATIONSHIP ('NONE','NONE', #6688, #7556 ) REPRESENTATION_RELATIONSHIP_WITH_TRANSFORMATION ( #5028 )SHAPE_REPRESENTATION_RELATIONSHIP( ) );
#2698 = ORIENTED_EDGE ( 'NONE', *, *, #5352, .T. ) ;
#2699 = CIRCLE ( 'NONE', #284, 5.000000000000000000 ) ;
#2700 = CARTESIAN_POINT ( 'NONE',  ( -17.86586399182261786, 3.000000000000000000, -9.734136008177410204 ) ) ;
#2701 = DIRECTION ( 'NONE',  ( 7.999791739217630834E-17, -1.000000000000000000, -7.999791739217577832E-17 ) ) ;
#2702 = LINE ( 'NONE', #4716, #3188 ) ;
#2703 = CLOSED_SHELL ( 'NONE', ( #139, #1472, #2145, #7466, #3912, #7896, #7547, #6147 ) ) ;
#2704 = VERTEX_POINT ( 'NONE', #7100 ) ;
#2705 = ORIENTED_EDGE ( 'NONE', *, *, #4074, .T. ) ;
#2706 = CARTESIAN_POINT ( 'NONE',  ( 4.281510617043278621, 2.000000000000000000, -8.480487417368545167 ) ) ;
#2707 = CARTESIAN_POINT ( 'NONE',  ( 3.762221576582398974, 16.00000000000000000, -10.33661882864497628 ) ) ;
#2708 = DIRECTION ( 'NONE',  ( 0.000000000000000000, 1.000000000000000000, 0.000000000000000000 ) ) ;
#2709 = CIRCLE ( 'NONE', #294, 2.199999999999997957 ) ;
#2710 = EDGE_CURVE ( 'NONE', #2601, #8060, #6462, .T. ) ;
#2711 = ORIENTED_EDGE ( 'NONE', *, *, #7314, .F. ) ;
#2712 = ORIENTED_EDGE ( 'NONE', *, *, #5906, .F. ) ;
#2713 = CIRCLE ( 'NONE', #7423, 5.000000000000000000 ) ;
#2714 = PLANE ( 'NONE',  #2804 ) ;
#2715 = DIRECTION ( 'NONE',  ( -0.8660254037844432595, 0.000000000000000000, 0.4999999999999920064 ) ) ;
#2716 = CARTESIAN_POINT ( 'NONE',  ( 11.84875564596693209, 5.303569353887376714, 1.902120431588563587 ) ) ;
#2717 = DIRECTION ( 'NONE',  ( 0.000000000000000000, 1.000000000000000000, 0.000000000000000000 ) ) ;
#2718 = DIRECTION ( 'NONE',  ( 1.000000000000000000, 0.000000000000000000, -1.064489405713042080E-14 ) ) ;
#2719 = VECTOR ( 'NONE', #2821, 1000.000000000000114 ) ;
#2720 = CARTESIAN_POINT ( 'NONE',  ( 13.16804400630230099, 3.140668205226732290, -4.129457600914706816 ) ) ;
#2721 = ORIENTED_EDGE ( 'NONE', *, *, #4643, .T. ) ;
#2722 = APPROVAL_DATE_TIME ( #2043, #2068 ) ;
#2723 = VECTOR ( 'NONE', #5284, 1000.000000000000000 ) ;
#2724 = ORIENTED_EDGE ( 'NONE', *, *, #2835, .T. ) ;
#2725 = CARTESIAN_POINT ( 'NONE',  ( 4.330127018922198978, 16.00000000000000000, -2.499999999999990230 ) ) ;
#2726 = CARTESIAN_POINT ( 'NONE',  ( 17.86586399182264628, 4.500000000000001776, -9.734136008177353361 ) ) ;
#2727 = ADVANCED_FACE ( 'NONE', ( #8221 ), #4698, .T. ) ;
#2729 = EDGE_CURVE ( 'NONE', #3689, #5336, #247, .T. ) ;
#2728 = CARTESIAN_POINT ( 'NONE',  ( -9.883272722524649723, 7.242608629440185020, -9.883272722524660381 ) ) ;
#2730 = CARTESIAN_POINT ( 'NONE',  ( 12.60237228453314096, 16.83340189783330842, -4.602876971140288376 ) ) ;
#2731 = AXIS2_PLACEMENT_3D ( 'NONE', #8251, #5660, #5777 ) ;
#2732 = VERTEX_POINT ( 'NONE', #831 ) ;
#2733 = CARTESIAN_POINT ( 'NONE',  ( 0.000000000000000000, 18.90000000000000213, 0.000000000000000000 ) ) ;
#2734 = VERTEX_POINT ( 'NONE', #2046 ) ;
#2735 = CARTESIAN_POINT ( 'NONE',  ( 0.000000000000000000, 8.000000000000000000, 0.000000000000000000 ) ) ;
#2736 = EDGE_LOOP ( 'NONE', ( #5558, #5680, #6391, #9 ) ) ;
#2737 = PLANE ( 'NONE',  #3671 ) ;
#2738 = EDGE_LOOP ( 'NONE', ( #4175, #7873, #8275, #436 ) ) ;
#2739 = CIRCLE ( 'NONE', #5429, 2.199999999999997069 ) ;
#2740 = LINE ( 'NONE', #2020, #468 ) ;
#2741 = LINE ( 'NONE', #7756, #6657 ) ;
#2742 = CIRCLE ( 'NONE', #6229, 0.7999999999999936051 ) ;
#2743 = VERTEX_POINT ( 'NONE', #1500 ) ;
#2744 = VERTEX_POINT ( 'NONE', #2725 ) ;
#2745 = DIRECTION ( 'NONE',  ( 1.000000000000000000, 0.000000000000000000, -1.047444401652940007E-14 ) ) ;
#2746 = CIRCLE ( 'NONE', #5033, 13.75000000000000178 ) ;
#2747 = CARTESIAN_POINT ( 'NONE',  ( 12.90348790056398443, 17.50000000000000000, 4.749999999999879208 ) ) ;
#2748 = FACE_OUTER_BOUND ( 'NONE', #4906, .T. ) ;
#2749 = AXIS2_PLACEMENT_3D ( 'NONE', #4450, #7005, #538 ) ;
#2750 = ADVANCED_FACE ( 'NONE', ( #1376 ), #4068, .T. ) ;
#2751 = ORIENTED_EDGE ( 'NONE', *, *, #1718, .F. ) ;
#2752 = DIRECTION ( 'NONE',  ( -0.7071067811865470176, 0.000000000000000000, -0.7071067811865480168 ) ) ;
#2753 = ORIENTED_EDGE ( 'NONE', *, *, #2949, .F. ) ;
#2754 = CARTESIAN_POINT ( 'NONE',  ( -10.33661882864493542, 16.00000000000000000, -3.762221576582507776 ) ) ;
#2755 = FACE_OUTER_BOUND ( 'NONE', #5090, .T. ) ;
#2756 = EDGE_CURVE ( 'NONE', #7740, #1056, #1458, .T. ) ;
#2757 = CARTESIAN_POINT ( 'NONE',  ( 11.88614899282776527, 4.713313111906046515, 1.649317299085496735 ) ) ;
#2758 = DIRECTION ( 'NONE',  ( 0.000000000000000000, 1.000000000000000000, 0.000000000000000000 ) ) ;
#2759 = LINE ( 'NONE', #7902, #201 ) ;
#2760 = CIRCLE ( 'NONE', #5046, 1.249999999999994227 ) ;
#2761 = CIRCLE ( 'NONE', #2574, 1.400000000000000133 ) ;
#2762 = DIRECTION ( 'NONE',  ( 0.000000000000000000, 0.000000000000000000, 1.000000000000000000 ) ) ;
#2763 = VECTOR ( 'NONE', #6862, 1000.000000000000114 ) ;
#2764 = VERTEX_POINT ( 'NONE', #112 ) ;
#2765 = EDGE_CURVE ( 'NONE', #2822, #6638, #5996, .T. ) ;
#2766 = PERSON_AND_ORGANIZATION ( #3572, #663 ) ;
#2767 = EDGE_CURVE ( 'NONE', #4804, #7665, #4656, .T. ) ;
#2768 = ORIENTED_EDGE ( 'NONE', *, *, #1700, .T. ) ;
#2769 = CARTESIAN_POINT ( 'NONE',  ( -2.392071261822920736, 3.277212151586256894, 11.75954727928990984 ) ) ;
#2770 = CARTESIAN_POINT ( 'NONE',  ( 0.000000000000000000, 19.00000000000000355, 1.400000000000000133 ) ) ;
#2771 = CARTESIAN_POINT ( 'NONE',  ( -5.604609863433047678, 13.50000000000000178, -1.183818151790930528 ) ) ;
#2772 = CARTESIAN_POINT ( 'NONE',  ( 0.000000000000000000, 6.000000000000000000, -1.499999999999999778 ) ) ;
#2773 = AXIS2_PLACEMENT_3D ( 'NONE', #6571, #8023, #4771 ) ;
#2774 = VERTEX_POINT ( 'NONE', #4025 ) ;
#2775 = LINE ( 'NONE', #7956, #1851 ) ;
#2776 = VERTEX_POINT ( 'NONE', #4616 ) ;
#2777 = EDGE_CURVE ( 'NONE', #4032, #3709, #7838, .T. ) ;
#2778 = LINE ( 'NONE', #2860, #7785 ) ;
#2779 = VERTEX_POINT ( 'NONE', #2172 ) ;
#2780 = DIRECTION ( 'NONE',  ( -0.000000000000000000, -1.000000000000000000, -0.000000000000000000 ) ) ;
#2781 = AXIS2_PLACEMENT_3D ( 'NONE', #3664, #6852, #7662 ) ;
#2782 = VERTEX_POINT ( 'NONE', #4743 ) ;
#2783 = DIRECTION ( 'NONE',  ( -0.000000000000000000, 1.000000000000000000, -0.000000000000000000 ) ) ;
#2784 = AXIS2_PLACEMENT_3D ( 'NONE', #5140, #6693, #7883 ) ;
#2785 = FACE_BOUND ( 'NONE', #3594, .T. ) ;
#2786 = CARTESIAN_POINT ( 'NONE',  ( -1.910129954336200697, 16.00000000000000000, -10.83288528313429389 ) ) ;
#2787 = ORIENTED_EDGE ( 'NONE', *, *, #5737, .T. ) ;
#2788 = EDGE_CURVE ( 'NONE', #7689, #2764, #5187, .T. ) ;
#2789 = AXIS2_PLACEMENT_3D ( 'NONE', #6138, #2359, #4924 ) ;
#2790 = ORIENTED_EDGE ( 'NONE', *, *, #4136, .T. ) ;
#2791 = FACE_OUTER_BOUND ( 'NONE', #6849, .T. ) ;
#2792 = FACE_OUTER_BOUND ( 'NONE', #6417, .T. ) ;
#2793 = DIRECTION ( 'NONE',  ( -0.000000000000000000, -1.000000000000000000, 0.000000000000000000 ) ) ;
#2794 = VECTOR ( 'NONE', #6127, 1000.000000000000000 ) ;
#2795 = EDGE_LOOP ( 'NONE', ( #266, #7032, #1478, #4417, #7330, #6484 ) ) ;
#2796 = DIRECTION ( 'NONE',  ( 0.000000000000000000, 0.000000000000000000, 1.000000000000000000 ) ) ;
#2797 = EDGE_LOOP ( 'NONE', ( #623, #5694, #4917, #4957 ) ) ;
#2798 = CARTESIAN_POINT ( 'NONE',  ( 0.000000000000000000, 15.50000000000000000, 0.000000000000000000 ) ) ;
#2799 = VECTOR ( 'NONE', #4907, 1000.000000000000000 ) ;
#2800 = CARTESIAN_POINT ( 'NONE',  ( 0.000000000000000000, 8.000000000000000000, 0.000000000000000000 ) ) ;
#2801 = DIRECTION ( 'NONE',  ( 0.7071067811865475727, 0.000000000000000000, 0.7071067811865475727 ) ) ;
#2802 = DIRECTION ( 'NONE',  ( 0.000000000000000000, 0.000000000000000000, 1.000000000000000000 ) ) ;
#2803 = DIRECTION ( 'NONE',  ( 0.000000000000000000, -1.000000000000000000, -0.000000000000000000 ) ) ;
#2804 = AXIS2_PLACEMENT_3D ( 'NONE', #6490, #2076, #735 ) ;
#2805 = CARTESIAN_POINT ( 'NONE',  ( 13.24827260950947050, 3.285602066870298099, -3.864138394582054659 ) ) ;
#2806 = ORIENTED_EDGE ( 'NONE', *, *, #1006, .T. ) ;
#2807 = PERSON_AND_ORGANIZATION ( #3572, #663 ) ;
#2808 = ORIENTED_EDGE ( 'NONE', *, *, #2576, .F. ) ;
#2809 = CARTESIAN_POINT ( 'NONE',  ( 0.000000000000000000, 8.000000000000000000, 0.000000000000000000 ) ) ;
#2810 = CIRCLE ( 'NONE', #4147, 13.75000000000000178 ) ;
#2811 = DIRECTION ( 'NONE',  ( 0.7071067811865475727, 0.000000000000000000, 0.7071067811865475727 ) ) ;
#2812 = FACE_OUTER_BOUND ( 'NONE', #186, .T. ) ;
#2813 = DIRECTION ( 'NONE',  ( -0.000000000000000000, 1.000000000000000000, -0.000000000000000000 ) ) ;
#2814 = EDGE_CURVE ( 'NONE', #2112, #562, #3982, .T. ) ;
#2815 = APPROVAL_PERSON_ORGANIZATION ( #4065, #2068, #5415 ) ;
#2816 = ORIENTED_EDGE ( 'NONE', *, *, #3051, .T. ) ;
#2817 = DIRECTION ( 'NONE',  ( 0.7071067811865482389, 0.000000000000000000, 0.7071067811865469066 ) ) ;
#2818 = ORIENTED_EDGE ( 'NONE', *, *, #5640, .F. ) ;
#2819 = CARTESIAN_POINT ( 'NONE',  ( 0.000000000000000000, 16.00100000000000122, 0.000000000000000000 ) ) ;
#2820 = ORIENTED_EDGE ( 'NONE', *, *, #140, .T. ) ;
#2821 = DIRECTION ( 'NONE',  ( -0.9848077530122066880, 0.000000000000000000, -0.1736481776669375476 ) ) ;
#2822 = VERTEX_POINT ( 'NONE', #7866 ) ;
#2823 = CARTESIAN_POINT ( 'NONE',  ( -11.82496978992683800, 3.532657398895074685, -2.049224985439992874 ) ) ;
#2824 = CARTESIAN_POINT ( 'NONE',  ( 1.635263313984296474, 4.609411715067365911, 11.88805761861811483 ) ) ;
#2825 = VECTOR ( 'NONE', #5286, 1000.000000000000000 ) ;
#2826 = CARTESIAN_POINT ( 'NONE',  ( -0.8682408883346373063, 16.00000000000000000, 4.924038765061042433 ) ) ;
#2827 = ORIENTED_EDGE ( 'NONE', *, *, #1802, .T. ) ;
#2828 = CIRCLE ( 'NONE', #1482, 5.000000000000000000 ) ;
#2829 = ORIENTED_EDGE ( 'NONE', *, *, #178, .F. ) ;
#2830 = ORIENTED_EDGE ( 'NONE', *, *, #3051, .F. ) ;
#2831 = CARTESIAN_POINT ( 'NONE',  ( 9.500000000000000000, -1.402220585023716934E-15, 1.249999999999987121 ) ) ;
#2832 = CARTESIAN_POINT ( 'NONE',  ( -3.226573316745493969, 4.913094138541598710, 13.41783394441076460 ) ) ;
#2833 = CYLINDRICAL_SURFACE ( 'NONE', #1419, 2.199999999999997957 ) ;
#2834 = EDGE_CURVE ( 'NONE', #397, #2774, #7436, .T. ) ;
#2835 = EDGE_CURVE ( 'NONE', #1361, #1896, #6162, .T. ) ;
#2836 = AXIS2_PLACEMENT_3D ( 'NONE', #7332, #3547, #942 ) ;
#2837 = ORIENTED_EDGE ( 'NONE', *, *, #2319, .F. ) ;
#2838 = ADVANCED_FACE ( 'NONE', ( #4948 ), #5681, .T. ) ;
#2839 = CYLINDRICAL_SURFACE ( 'NONE', #5461, 11.00000000000000178 ) ;
#2840 = VERTEX_POINT ( 'NONE', #2893 ) ;
#2841 = DIRECTION ( 'NONE',  ( -0.7071067811865470176, 0.000000000000000000, -0.7071067811865480168 ) ) ;
#2842 = CARTESIAN_POINT ( 'NONE',  ( -4.281510617043220002, 2.000000000000000000, 8.480487417368573588 ) ) ;
#2843 = VECTOR ( 'NONE', #1933, 1000.000000000000114 ) ;
#2844 = CARTESIAN_POINT ( 'NONE',  ( 1.747406918793345643, 3.976108037984201538, -11.87220925787385539 ) ) ;
#2845 = DIRECTION ( 'NONE',  ( 0.000000000000000000, 1.000000000000000000, 0.000000000000000000 ) ) ;
#2846 = DIRECTION ( 'NONE',  ( 0.000000000000000000, 1.000000000000000000, 0.000000000000000000 ) ) ;
#2847 = EDGE_CURVE ( 'NONE', #8149, #1516, #1672, .T. ) ;
#2848 = DIRECTION ( 'NONE',  ( 0.6325057399790078305, 0.4470715577927284468, 0.6325057399790067203 ) ) ;
#2849 = EDGE_LOOP ( 'NONE', ( #406, #6814, #1102, #3481 ) ) ;
#2850 = PERSON_AND_ORGANIZATION ( #3572, #663 ) ;
#2851 = ORIENTED_EDGE ( 'NONE', *, *, #6873, .F. ) ;
#2852 = CARTESIAN_POINT ( 'NONE',  ( 13.19853290813025026, 5.824040818862684432, 4.034579327478079236 ) ) ;
#2853 = CARTESIAN_POINT ( 'NONE',  ( 2.268672570207835637, 17.50000000000000000, 12.54653835801678419 ) ) ;
#2854 = CARTESIAN_POINT ( 'NONE',  ( 0.000000000000000000, 16.00000000000000000, 0.000000000000000000 ) ) ;
#2855 = CARTESIAN_POINT ( 'NONE',  ( 0.000000000000000000, 16.00000000000000000, 0.000000000000000000 ) ) ;
#2856 = ADVANCED_FACE ( 'NONE', ( #4826 ), #1627, .F. ) ;
#2857 = CIRCLE ( 'NONE', #7146, 4.500000000000000000 ) ;
#2858 = CARTESIAN_POINT ( 'NONE',  ( -11.39156333879192928, 5.417892839593012155, -11.39156333879192751 ) ) ;
#2859 = ORIENTED_EDGE ( 'NONE', *, *, #5864, .T. ) ;
#2860 = CARTESIAN_POINT ( 'NONE',  ( 9.500000000000000000, 0.000000000000000000, 1.249999999999993339 ) ) ;
#2861 = ORIENTED_EDGE ( 'NONE', *, *, #8310, .F. ) ;
#2862 = DIRECTION ( 'NONE',  ( 0.4596547580548490108, -0.7598914440859811936, 0.4596547580548479006 ) ) ;
#2863 = EDGE_CURVE ( 'NONE', #4217, #2782, #851, .T. ) ;
#2864 = EDGE_CURVE ( 'NONE', #1941, #683, #3482, .T. ) ;
#2865 = CARTESIAN_POINT ( 'NONE',  ( 13.19616973383610414, 5.816346160822007505, -4.038492616414153247 ) ) ;
#2866 = DIRECTION ( 'NONE',  ( -0.000000000000000000, -1.000000000000000000, 0.000000000000000000 ) ) ;
#2867 = CARTESIAN_POINT ( 'NONE',  ( 2.382523837999126926, 3.271994692268636484, 11.76233435075874567 ) ) ;
#2868 = CIRCLE ( 'NONE', #1515, 0.5999999999999983125 ) ;
#2869 = DIRECTION ( 'NONE',  ( 0.8660254037844398178, 0.000000000000000000, 0.4999999999999980016 ) ) ;
#2870 = ORIENTED_EDGE ( 'NONE', *, *, #6781, .T. ) ;
#2871 = CIRCLE ( 'NONE', #1380, 5.000000000000000000 ) ;
#2872 = ORIENTED_EDGE ( 'NONE', *, *, #6614, .T. ) ;
#2873 = ORIENTED_EDGE ( 'NONE', *, *, #7225, .T. ) ;
#2874 = CARTESIAN_POINT ( 'NONE',  ( -3.091507654588485199, 15.50000000000000000, -5.354648329735351098 ) ) ;
#2875 = CARTESIAN_POINT ( 'NONE',  ( 0.000000000000000000, -8.999999999999998224, 1.500000000000000222 ) ) ;
#2876 = DIRECTION ( 'NONE',  ( 0.000000000000000000, 0.000000000000000000, -1.000000000000000000 ) ) ;
#2877 = AXIS2_PLACEMENT_3D ( 'NONE', #3173, #645, #1236 ) ;
#2878 = EDGE_LOOP ( 'NONE', ( #7117, #111 ) ) ;
#2879 = CARTESIAN_POINT ( 'NONE',  ( 10.33661882864496562, 8.000000000000000000, 3.762221576582435834 ) ) ;
#2880 = ORIENTED_EDGE ( 'NONE', *, *, #7981, .F. ) ;
#2881 = DIRECTION ( 'NONE',  ( -0.7071067811865475727, 0.000000000000000000, 0.7071067811865475727 ) ) ;
#2882 = EDGE_CURVE ( 'NONE', #644, #745, #4238, .T. ) ;
#2883 = CARTESIAN_POINT ( 'NONE',  ( 5.000000000000000000, 16.00000000000000000, 1.745740669421566678E-14 ) ) ;
#2884 = AXIS2_PLACEMENT_3D ( 'NONE', #3545, #313, #3037 ) ;
#2885 = CYLINDRICAL_SURFACE ( 'NONE', #4487, 1.499999999999999556 ) ;
#2886 = LINE ( 'NONE', #1704, #813 ) ;
#2887 = FACE_OUTER_BOUND ( 'NONE', #1690, .T. ) ;
#2888 = LINE ( 'NONE', #3607, #8051 ) ;
#2889 = ORIENTED_EDGE ( 'NONE', *, *, #1574, .T. ) ;
#2890 = EDGE_CURVE ( 'NONE', #3748, #5381, #328, .T. ) ;
#2891 = CC_DESIGN_PERSON_AND_ORGANIZATION_ASSIGNMENT ( #1119, #3688, ( #6969 ) ) ;
#2892 = ORIENTED_EDGE ( 'NONE', *, *, #15, .F. ) ;
#2893 = CARTESIAN_POINT ( 'NONE',  ( -9.017551395682433579, 4.435569463351222375, -8.169023258258574671 ) ) ;
#2894 = DIRECTION ( 'NONE',  ( 0.000000000000000000, 1.000000000000000000, 0.000000000000000000 ) ) ;
#2895 = EDGE_CURVE ( 'NONE', #90, #8175, #6488, .T. ) ;
#2896 = CARTESIAN_POINT ( 'NONE',  ( -8.863631423264239473, 15.50000000000000000, -4.285638851823263096 ) ) ;
#2897 = CYLINDRICAL_SURFACE ( 'NONE', #1986, 11.69999999999999574 ) ;
#2898 = EDGE_LOOP ( 'NONE', ( #4944, #2889, #5004, #2859, #4669, #7886, #1561 ) ) ;
#2899 = LINE ( 'NONE', #7405, #6561 ) ;
#2900 = ORIENTED_EDGE ( 'NONE', *, *, #4224, .F. ) ;
#2901 = FACE_OUTER_BOUND ( 'NONE', #6679, .T. ) ;
#2902 = CARTESIAN_POINT ( 'NONE',  ( 3.827521524628621830, 17.50000000000000000, 4.261825444138377605 ) ) ;
#2903 = EDGE_CURVE ( 'NONE', #16, #4615, #3565, .T. ) ;
#2904 = DIRECTION ( 'NONE',  ( -0.7071067811865474617, -0.000000000000000000, 0.7071067811865476838 ) ) ;
#2905 = CARTESIAN_POINT ( 'NONE',  ( 3.176669536594585175, 3.008754378522042305, 11.57237879619131604 ) ) ;
#2906 = ORIENTED_EDGE ( 'NONE', *, *, #7446, .T. ) ;
#2907 = CARTESIAN_POINT ( 'NONE',  ( -7.070663706551798100, 16.00000000000000000, -8.426488874308869725 ) ) ;
#2908 = VERTEX_POINT ( 'NONE', #1755 ) ;
#2909 = ORIENTED_EDGE ( 'NONE', *, *, #5722, .T. ) ;
#2910 = CIRCLE ( 'NONE', #5988, 0.5999999999999983125 ) ;
#2911 = VERTEX_POINT ( 'NONE', #457 ) ;
#2912 = DIRECTION ( 'NONE',  ( 0.6427876096865431377, 0.000000000000000000, -0.7660444431189747938 ) ) ;
#2913 = CARTESIAN_POINT ( 'NONE',  ( 0.000000000000000000, 18.90000000000000213, 0.000000000000000000 ) ) ;
#2914 = LINE ( 'NONE', #3591, #2763 ) ;
#2915 = AXIS2_PLACEMENT_3D ( 'NONE', #3744, #8144, #5673 ) ;
#2916 = CIRCLE ( 'NONE', #7077, 11.00000000000000000 ) ;
#2917 = ADVANCED_FACE ( 'NONE', ( #1043 ), #2977, .F. ) ;
#2918 = EDGE_CURVE ( 'NONE', #1930, #7022, #3603, .T. ) ;
#2919 = DIRECTION ( 'NONE',  ( -7.999791739217630834E-17, 1.000000000000000000, 7.999791739217577832E-17 ) ) ;
#2920 = ORIENTED_EDGE ( 'NONE', *, *, #5510, .F. ) ;
#2921 = DIRECTION ( 'NONE',  ( 1.000000000000000000, 0.000000000000000000, -3.548298019043473862E-15 ) ) ;
#2922 = CARTESIAN_POINT ( 'NONE',  ( 12.93653194863397182, 2.999999999999985789, 4.804803964988854759 ) ) ;
#2923 = CARTESIAN_POINT ( 'NONE',  ( 2.338123282305887063, 17.50000000000000000, 13.54974831931350465 ) ) ;
#2924 = DIRECTION ( 'NONE',  ( -0.06906319355583728781, 0.000000000000000000, -0.9976122870613959304 ) ) ;
#2925 = VECTOR ( 'NONE', #5170, 1000.000000000000000 ) ;
#2926 = DIRECTION ( 'NONE',  ( 0.000000000000000000, 0.000000000000000000, 1.000000000000000000 ) ) ;
#2927 = DIRECTION ( 'NONE',  ( 0.000000000000000000, 1.000000000000000000, 0.000000000000000000 ) ) ;
#2928 = EDGE_CURVE ( 'NONE', #3397, #1524, #8026, .T. ) ;
#2929 = CIRCLE ( 'NONE', #1052, 1.317565283458833170 ) ;
#2930 = CARTESIAN_POINT ( 'NONE',  ( 0.000000000000000000, 8.000000000000000000, 0.000000000000000000 ) ) ;
#2931 = ORIENTED_EDGE ( 'NONE', *, *, #3708, .T. ) ;
#2932 = PERSON_AND_ORGANIZATION ( #3572, #663 ) ;
#2933 = EDGE_LOOP ( 'NONE', ( #2351, #6896 ) ) ;
#2934 = CARTESIAN_POINT ( 'NONE',  ( 1.710100716628329964, 16.00000000000000000, 4.698463103929547025 ) ) ;
#2935 = DIRECTION ( 'NONE',  ( 0.9396926207859104263, 0.000000000000000000, -0.3420201433256629953 ) ) ;
#2936 = CARTESIAN_POINT ( 'NONE',  ( 0.000000000000000000, 16.00000000000000000, 0.000000000000000000 ) ) ;
#2937 = CIRCLE ( 'NONE', #8193, 12.80000000000000426 ) ;
#2938 = B_SPLINE_CURVE_WITH_KNOTS ( 'NONE', 3,
 ( #182, #1399, #7247, #2154, #1439, #5356, #812, #1481, #1993, #4640, #5310, #687, #771, #5811 ),
 .UNSPECIFIED., .F., .F.,
 ( 4, 2, 2, 2, 2, 2, 4 ),
 ( 0.000000000000000000, 0.0003123690818047775283, 0.0006247381636095550566, 0.001249476327219109029, 0.001561845409023885582, 0.001874214490828663001, 0.002498952654438215890 ),
 .UNSPECIFIED. ) ;
#2939 = EDGE_CURVE ( 'NONE', #7946, #1226, #2597, .T. ) ;
#2940 = EDGE_CURVE ( 'NONE', #7583, #6809, #6349, .T. ) ;
#2941 = DIRECTION ( 'NONE',  ( -0.06906319355583728781, 0.000000000000000000, -0.9976122870613959304 ) ) ;
#2942 = ORIENTED_EDGE ( 'NONE', *, *, #5476, .T. ) ;
#2943 = AXIS2_PLACEMENT_3D ( 'NONE', #1307, #8271, #5092 ) ;
#2944 = DIRECTION ( 'NONE',  ( 0.000000000000000000, 0.000000000000000000, -1.000000000000000000 ) ) ;
#2945 = VERTEX_POINT ( 'NONE', #2464 ) ;
#2946 = DIRECTION ( 'NONE',  ( 0.000000000000000000, 1.000000000000000000, 0.000000000000000000 ) ) ;
#2947 = CARTESIAN_POINT ( 'NONE',  ( 0.000000000000000000, 15.50000000000000000, -6.000000000000000000 ) ) ;
#2948 = CARTESIAN_POINT ( 'NONE',  ( 2.869640288731158506, 3.069327450954755676, 11.65227581055639661 ) ) ;
#2949 = EDGE_CURVE ( 'NONE', #3970, #6976, #5030, .T. ) ;
#2950 = ORIENTED_EDGE ( 'NONE', *, *, #6947, .F. ) ;
#2951 = ADVANCED_FACE ( 'NONE', ( #1286 ), #6287, .T. ) ;
#2952 = CARTESIAN_POINT ( 'NONE',  ( 1.836970198721030181E-16, 18.90000000000000213, -1.500000000000000222 ) ) ;
#2953 = EDGE_LOOP ( 'NONE', ( #5518, #8158, #6209, #5597, #690 ) ) ;
#2954 = VERTEX_POINT ( 'NONE', #3850 ) ;
#2955 = ORIENTED_EDGE ( 'NONE', *, *, #1987, .F. ) ;
#2956 = DIRECTION ( 'NONE',  ( 0.7071067811865475727, 0.000000000000000000, 0.7071067811865474617 ) ) ;
#2957 = DIRECTION ( 'NONE',  ( 0.000000000000000000, 1.000000000000000000, 0.000000000000000000 ) ) ;
#2958 = CARTESIAN_POINT ( 'NONE',  ( 8.896404679647163860, 15.50000000000000000, 7.675707379515720241 ) ) ;
#2959 = AXIS2_PLACEMENT_3D ( 'NONE', #2603, #7577, #4498 ) ;
#2960 = B_SPLINE_CURVE_WITH_KNOTS ( 'NONE', 3,
 ( #2629, #3971, #4012, #4054 ),
 .UNSPECIFIED., .F., .F.,
 ( 4, 4 ),
 ( 2.835790007794667448E-07, 0.001418470318416954930 ),
 .UNSPECIFIED. ) ;
#2961 = CARTESIAN_POINT ( 'NONE',  ( -11.87823286906201226, 4.077865817895395928, 1.705396935050569107 ) ) ;
#2962 = ORIENTED_EDGE ( 'NONE', *, *, #1132, .T. ) ;
#2963 = CARTESIAN_POINT ( 'NONE',  ( -7.744759189546649658, 4.435569463351222375, -9.441815464394359481 ) ) ;
#2964 = DIRECTION ( 'NONE',  ( 0.7071067811865475727, 0.000000000000000000, -0.7071067811865475727 ) ) ;
#2965 = DIRECTION ( 'NONE',  ( -0.000000000000000000, -1.000000000000000000, -0.000000000000000000 ) ) ;
#2966 = FACE_OUTER_BOUND ( 'NONE', #4383, .T. ) ;
#2967 = EDGE_CURVE ( 'NONE', #5630, #7706, #2871, .T. ) ;
#2968 = CARTESIAN_POINT ( 'NONE',  ( -1.649543826248526468, 4.285467260237388665, -11.88611772598521732 ) ) ;
#2969 = EDGE_CURVE ( 'NONE', #662, #8003, #7987, .T. ) ;
#2970 = DIRECTION ( 'NONE',  ( 0.000000000000000000, 1.000000000000000000, 0.000000000000000000 ) ) ;
#2971 = CIRCLE ( 'NONE', #2564, 0.1000000000000000472 ) ;
#2972 = ORIENTED_EDGE ( 'NONE', *, *, #1512, .T. ) ;
#2973 = CIRCLE ( 'NONE', #6189, 5.000000000000000000 ) ;
#2974 = PLANE ( 'NONE',  #2395 ) ;
#2975 = PERSON_AND_ORGANIZATION ( #3572, #663 ) ;
#2976 = ORIENTED_EDGE ( 'NONE', *, *, #8301, .T. ) ;
#2977 = CYLINDRICAL_SURFACE ( 'NONE', #1519, 5.000000000000000000 ) ;
#2978 = PLANE ( 'NONE',  #6721 ) ;
#2979 = CARTESIAN_POINT ( 'NONE',  ( 6.183015309176969510, 13.50000000000000178, -5.767955557622883589E-14 ) ) ;
#2980 = CARTESIAN_POINT ( 'NONE',  ( 0.000000000000000000, 16.00000000000000000, 0.000000000000000000 ) ) ;
#2981 = VERTEX_POINT ( 'NONE', #3769 ) ;
#2982 = CARTESIAN_POINT ( 'NONE',  ( 4.924038765061045098, 16.00000000000000000, -0.8682408883346200978 ) ) ;
#2983 = AXIS2_PLACEMENT_3D ( 'NONE', #3596, #6827, #2412 ) ;
#2984 = ORIENTED_EDGE ( 'NONE', *, *, #6614, .F. ) ;
#2985 = EDGE_CURVE ( 'NONE', #4750, #956, #6326, .T. ) ;
#2986 = DIRECTION ( 'NONE',  ( 0.000000000000000000, 1.000000000000000000, 0.000000000000000000 ) ) ;
#2987 = ADVANCED_FACE ( 'NONE', ( #577 ), #8296, .F. ) ;
#2988 = DIRECTION ( 'NONE',  ( -0.4999999999999948930, 0.000000000000000000, -0.8660254037844414832 ) ) ;
#2989 = CARTESIAN_POINT ( 'NONE',  ( 0.000000000000000000, 0.000000000000000000, 0.000000000000000000 ) ) ;
#2990 = EDGE_LOOP ( 'NONE', ( #3765, #2185, #7659, #7500 ) ) ;
#2991 = PLANE ( 'NONE',  #4927 ) ;
#2992 = ORIENTED_EDGE ( 'NONE', *, *, #5322, .F. ) ;
#2993 = VERTEX_POINT ( 'NONE', #7730 ) ;
#2994 = ORIENTED_EDGE ( 'NONE', *, *, #5897, .T. ) ;
#2995 = AXIS2_PLACEMENT_3D ( 'NONE', #301, #2862, #4753 ) ;
#2996 = CC_DESIGN_PERSON_AND_ORGANIZATION_ASSIGNMENT ( #575, #6367, ( #6570 ) ) ;
#2997 = DIRECTION ( 'NONE',  ( 0.000000000000000000, -1.000000000000000000, -0.000000000000000000 ) ) ;
#2998 = DIRECTION ( 'NONE',  ( 0.000000000000000000, -1.000000000000000000, 0.000000000000000000 ) ) ;
#2999 = FACE_OUTER_BOUND ( 'NONE', #6564, .T. ) ;
#3000 = CARTESIAN_POINT ( 'NONE',  ( 0.000000000000000000, 8.000000000000000000, 0.000000000000000000 ) ) ;
#3001 = EDGE_LOOP ( 'NONE', ( #6149, #6673 ) ) ;
#3002 = ADVANCED_FACE ( 'NONE', ( #2506 ), #5073, .F. ) ;
#3003 = CARTESIAN_POINT ( 'NONE',  ( 3.830222215594885071, 16.00000000000000000, 3.213938048432703809 ) ) ;
#3004 = DIRECTION ( 'NONE',  ( -1.000000000000000000, 0.000000000000000000, -3.491481338843133355E-15 ) ) ;
#3005 = DIRECTION ( 'NONE',  ( -0.000000000000000000, -1.000000000000000000, -0.000000000000000000 ) ) ;
#3006 = PRODUCT ( '2208\X2\76f46d4165e052377535673a\X0\-\X2\5b9a5b50\X0\', '2208\X2\76f46d4165e052377535673a\X0\-\X2\5b9a5b50\X0\', '', ( #332 ) ) ;
#3007 = DIRECTION ( 'NONE',  ( 0.000000000000000000, 1.000000000000000000, 0.000000000000000000 ) ) ;
#3008 = DIRECTION ( 'NONE',  ( 0.000000000000000000, 1.000000000000000000, 0.000000000000000000 ) ) ;
#3009 = AXIS2_PLACEMENT_3D ( 'NONE', #2874, #8063, #1522 ) ;
#3010 = EDGE_CURVE ( 'NONE', #7740, #3405, #614, .T. ) ;
#3011 = ORIENTED_EDGE ( 'NONE', *, *, #4422, .T. ) ;
#3012 = CIRCLE ( 'NONE', #4620, 13.75000000000000178 ) ;
#3013 = DIRECTION ( 'NONE',  ( 0.000000000000000000, -1.000000000000000000, 0.000000000000000000 ) ) ;
#3014 = DATE_AND_TIME ( #999, #4955 ) ;
#3015 = ORIENTED_EDGE ( 'NONE', *, *, #335, .F. ) ;
#3016 = CARTESIAN_POINT ( 'NONE',  ( 13.40567564308722837, 3.986178951785807278, 3.275699974182724628 ) ) ;
#3017 = CARTESIAN_POINT ( 'NONE',  ( 2.338123282305887063, 13.50000000000000178, 13.54974831931350465 ) ) ;
#3018 = DIRECTION ( 'NONE',  ( 0.000000000000000000, -1.000000000000000000, 0.000000000000000000 ) ) ;
#3019 = CIRCLE ( 'NONE', #734, 2.199999999999997069 ) ;
#3020 = ADVANCED_FACE ( 'NONE', ( #2548 ), #4321, .T. ) ;
#3021 = ADVANCED_FACE ( 'NONE', ( #497 ), #7579, .T. ) ;
#3022 = CARTESIAN_POINT ( 'NONE',  ( -10.73180085994850685, 7.242608629440185020, -9.034744585100801473 ) ) ;
#3023 = VECTOR ( 'NONE', #1035, 1000.000000000000000 ) ;
#3024 = VERTEX_POINT ( 'NONE', #4986 ) ;
#3025 = DIRECTION ( 'NONE',  ( -0.9396926207859056523, 0.000000000000000000, -0.3420201433256760404 ) ) ;
#3026 = EDGE_LOOP ( 'NONE', ( #3262, #6555, #7591, #6396 ) ) ;
#3027 = CARTESIAN_POINT ( 'NONE',  ( -9.034744585100792591, 7.242608629440185020, -10.73180085994851751 ) ) ;
#3028 = ORIENTED_EDGE ( 'NONE', *, *, #304, .T. ) ;
#3029 = LINE ( 'NONE', #3110, #371 ) ;
#3030 = AXIS2_PLACEMENT_3D ( 'NONE', #1197, #3132, #1154 ) ;
#3031 = ADVANCED_FACE ( 'NONE', ( #1961 ), #4605, .F. ) ;
#3032 = ORIENTED_EDGE ( 'NONE', *, *, #2420, .F. ) ;
#3033 = DIRECTION ( 'NONE',  ( 0.6427876096865270394, 0.000000000000000000, 0.7660444431189883385 ) ) ;
#3034 = ORIENTED_EDGE ( 'NONE', *, *, #5503, .F. ) ;
#3035 = VERTEX_POINT ( 'NONE', #5859 ) ;
#3036 = VERTEX_POINT ( 'NONE', #5944 ) ;
#3037 = DIRECTION ( 'NONE',  ( 1.000000000000000000, -7.999791739217606182E-17, 0.000000000000000000 ) ) ;
#3038 = CARTESIAN_POINT ( 'NONE',  ( -9.500000000000000000, -1.402220585023716934E-15, 0.000000000000000000 ) ) ;
#3039 = CARTESIAN_POINT ( 'NONE',  ( -9.500000000000000000, 2.000000000000000000, 0.000000000000000000 ) ) ;
#3040 = AXIS2_PLACEMENT_3D ( 'NONE', #7411, #4882, #7366 ) ;
#3041 = ADVANCED_FACE ( 'NONE', ( #3429 ), #6620, .T. ) ;
#3042 = CARTESIAN_POINT ( 'NONE',  ( 0.000000000000000000, 13.50000000000000178, 0.000000000000000000 ) ) ;
#3043 = VERTEX_POINT ( 'NONE', #1449 ) ;
#3044 = AXIS2_PLACEMENT_3D ( 'NONE', #6924, #3695, #505 ) ;
#3045 = DIRECTION ( 'NONE',  ( 0.000000000000000000, -1.000000000000000000, -0.000000000000000000 ) ) ;
#3046 = DIRECTION ( 'NONE',  ( 0.000000000000000000, -1.000000000000000000, -0.000000000000000000 ) ) ;
#3047 = CYLINDRICAL_SURFACE ( 'NONE', #5557, 0.7999999999999936051 ) ;
#3048 = VECTOR ( 'NONE', #1302, 1000.000000000000227 ) ;
#3049 = DIRECTION ( 'NONE',  ( 0.000000000000000000, -1.000000000000000000, 0.000000000000000000 ) ) ;
#3050 = FACE_OUTER_BOUND ( 'NONE', #4308, .T. ) ;
#3051 = EDGE_CURVE ( 'NONE', #533, #6044, #8141, .T. ) ;
#3052 = ORIENTED_EDGE ( 'NONE', *, *, #5603, .T. ) ;
#3053 = CARTESIAN_POINT ( 'NONE',  ( -13.14906814071402152, 6.403653871900682581, -13.14906814071401442 ) ) ;
#3054 = VECTOR ( 'NONE', #1263, 1000.000000000000114 ) ;
#3055 = PERSON_AND_ORGANIZATION_ROLE ( 'design_owner' ) ;
#3056 = ORIENTED_EDGE ( 'NONE', *, *, #7606, .F. ) ;
#3057 = DIRECTION ( 'NONE',  ( 0.5000000000000069944, 0.000000000000000000, -0.8660254037844344888 ) ) ;
#3058 = DIRECTION ( 'NONE',  ( 0.000000000000000000, 0.000000000000000000, -1.000000000000000000 ) ) ;
#3059 = DIRECTION ( 'NONE',  ( 0.000000000000000000, -1.000000000000000000, -0.000000000000000000 ) ) ;
#3060 = DIRECTION ( 'NONE',  ( 0.4999999999999888978, 0.000000000000000000, 0.8660254037844451469 ) ) ;
#3061 = CARTESIAN_POINT ( 'NONE',  ( 5.196152422706659557, 17.50000000000000000, 2.999999999999952038 ) ) ;
#3062 = DIRECTION ( 'NONE',  ( 0.7071067811865467956, -3.330669073875470607E-16, -0.7071067811865481278 ) ) ;
#3063 = VERTEX_POINT ( 'NONE', #2119 ) ;
#3064 = LINE ( 'NONE', #6129, #6157 ) ;
#3065 = EDGE_LOOP ( 'NONE', ( #7193, #3676, #7277, #5149 ) ) ;
#3066 = CARTESIAN_POINT ( 'NONE',  ( -9.526279441628759059, 16.00000000000000000, -5.500000000000111022 ) ) ;
#3067 = AXIS2_PLACEMENT_3D ( 'NONE', #7253, #5815, #61 ) ;
#3068 = DIRECTION ( 'NONE',  ( 0.000000000000000000, 1.000000000000000000, 0.000000000000000000 ) ) ;
#3069 = ADVANCED_FACE ( 'NONE', ( #7774 ), #7129, .T. ) ;
#3070 = EDGE_CURVE ( 'NONE', #5785, #4896, #5901, .T. ) ;
#3071 = CARTESIAN_POINT ( 'NONE',  ( -0.8682408883346373063, 8.000000000000000000, 4.924038765061042433 ) ) ;
#3072 = AXIS2_PLACEMENT_3D ( 'NONE', #3513, #5445, #6150 ) ;
#3073 = ORIENTED_EDGE ( 'NONE', *, *, #1022, .T. ) ;
#3074 = FACE_OUTER_BOUND ( 'NONE', #6368, .T. ) ;
#3075 = ORIENTED_EDGE ( 'NONE', *, *, #2520, .F. ) ;
#3076 = ORIENTED_EDGE ( 'NONE', *, *, #1703, .T. ) ;
#3077 = ORIENTED_EDGE ( 'NONE', *, *, #161, .F. ) ;
#3078 = PLANE ( 'NONE',  #5957 ) ;
#3079 = LOCAL_TIME ( 11, 36, 54.00000000000000000, #6838 ) ;
#3080 = CARTESIAN_POINT ( 'NONE',  ( -9.441815464394363033, 4.435569463351222375, -7.744759189546645217 ) ) ;
#3081 = CARTESIAN_POINT ( 'NONE',  ( -13.99759627813787866, 6.403653871900682581, -12.30054000329015906 ) ) ;
#3082 = ORIENTED_EDGE ( 'NONE', *, *, #807, .T. ) ;
#3083 = CYLINDRICAL_SURFACE ( 'NONE', #6464, 5.000000000000000000 ) ;
#3084 = CARTESIAN_POINT ( 'NONE',  ( 0.000000000000000000, 7.999999999999998224, 0.000000000000000000 ) ) ;
#3085 = EDGE_CURVE ( 'NONE', #120, #2993, #4346, .T. ) ;
#3086 = FACE_OUTER_BOUND ( 'NONE', #6955, .T. ) ;
#3087 = EDGE_CURVE ( 'NONE', #3338, #1455, #4608, .T. ) ;
#3088 = CARTESIAN_POINT ( 'NONE',  ( 0.000000000000000000, 8.000000000000000000, 0.000000000000000000 ) ) ;
#3089 = DIRECTION ( 'NONE',  ( 0.000000000000000000, 0.000000000000000000, -1.000000000000000000 ) ) ;
#3090 = EDGE_CURVE ( 'NONE', #3804, #4641, #3133, .T. ) ;
#3091 = CIRCLE ( 'NONE', #1079, 13.75000000000000178 ) ;
#3092 = ORIENTED_EDGE ( 'NONE', *, *, #1707, .F. ) ;
#3093 = CARTESIAN_POINT ( 'NONE',  ( 4.034999719195978329, 5.824289573120573493, 13.19840887615075253 ) ) ;
#3094 = AXIS2_PLACEMENT_3D ( 'NONE', #1492, #1963, #7090 ) ;
#3095 = ORIENTED_EDGE ( 'NONE', *, *, #5129, .T. ) ;
#3096 = CARTESIAN_POINT ( 'NONE',  ( -13.41465219437186818, 4.913283439032906763, 3.238478567880623604 ) ) ;
#3097 = CARTESIAN_POINT ( 'NONE',  ( -4.330127018922216742, 16.00000000000000000, 2.499999999999959588 ) ) ;
#3098 = CARTESIAN_POINT ( 'NONE',  ( -11.87831552823949011, 4.920502793703485978, -1.704818361101197111 ) ) ;
#3099 = ADVANCED_FACE ( 'NONE', ( #4647 ), #2674, .F. ) ;
#3100 = CARTESIAN_POINT ( 'NONE',  ( 2.199155242852580461, 15.50000000000000000, -11.54236614467908950 ) ) ;
#3101 = CIRCLE ( 'NONE', #3375, 11.00000000000000178 ) ;
#3102 = DIRECTION ( 'NONE',  ( 0.000000000000000000, -1.000000000000000000, 0.000000000000000000 ) ) ;
#3103 = DIRECTION ( 'NONE',  ( 0.7071067811865452413, -0.000000000000000000, 0.7071067811865499042 ) ) ;
#3104 = ORIENTED_EDGE ( 'NONE', *, *, #5197, .T. ) ;
#3105 = DIRECTION ( 'NONE',  ( -0.1468300972451955788, 0.000000000000000000, 0.9891617271927611865 ) ) ;
#3106 = ORIENTED_EDGE ( 'NONE', *, *, #3452, .F. ) ;
#3107 = CARTESIAN_POINT ( 'NONE',  ( -9.526279441628759059, 16.00000000000000000, -5.500000000000111022 ) ) ;
#3108 = CARTESIAN_POINT ( 'NONE',  ( 0.000000000000000000, 7.999999999999998224, -1.499999999999999556 ) ) ;
#3109 = AXIS2_PLACEMENT_3D ( 'NONE', #5561, #2366, #6227 ) ;
#3110 = CARTESIAN_POINT ( 'NONE',  ( 0.000000000000000000, 0.000000000000000000, -4.500000000000000000 ) ) ;
#3111 = EDGE_CURVE ( 'NONE', #733, #939, #2051, .T. ) ;
#3112 = ORIENTED_EDGE ( 'NONE', *, *, #5783, .F. ) ;
#3113 = AXIS2_PLACEMENT_3D ( 'NONE', #4241, #6719, #422 ) ;
#3114 = DIRECTION ( 'NONE',  ( -0.4999999999999948930, 0.000000000000000000, -0.8660254037844414832 ) ) ;
#3115 = ORIENTED_EDGE ( 'NONE', *, *, #4337, .T. ) ;
#3116 = EDGE_CURVE ( 'NONE', #7022, #604, #4211, .T. ) ;
#3117 = DIRECTION ( 'NONE',  ( -0.9396926207859033209, 0.000000000000000000, -0.3420201433256826462 ) ) ;
#3118 = ORIENTED_EDGE ( 'NONE', *, *, #7351, .T. ) ;
#3119 = ORIENTED_EDGE ( 'NONE', *, *, #1031, .T. ) ;
#3120 = CARTESIAN_POINT ( 'NONE',  ( 0.000000000000000000, 17.50000000000000000, -6.000000000000000000 ) ) ;
#3121 = DIRECTION ( 'NONE',  ( -7.999791739217630834E-17, 1.000000000000000000, 7.999791739217577832E-17 ) ) ;
#3122 = VECTOR ( 'NONE', #3328, 1000.000000000000000 ) ;
#3123 = CYLINDRICAL_SURFACE ( 'NONE', #7900, 11.00000000000000000 ) ;
#3124 = ORIENTED_EDGE ( 'NONE', *, *, #3556, .T. ) ;
#3125 = ADVANCED_FACE ( 'NONE', ( #7433 ), #6791, .F. ) ;
#3126 = ADVANCED_FACE ( 'NONE', ( #6830 ), #4189, .F. ) ;
#3127 = AXIS2_PLACEMENT_3D ( 'NONE', #1256, #3900, #1891 ) ;
#3128 = ORIENTED_EDGE ( 'NONE', *, *, #337, .T. ) ;
#3129 = LINE ( 'NONE', #5609, #7697 ) ;
#3130 = DIRECTION ( 'NONE',  ( -0.5000000000000009992, 0.000000000000000000, 0.8660254037844380415 ) ) ;
#3131 = DIRECTION ( 'NONE',  ( 0.000000000000000000, 1.000000000000000000, 0.000000000000000000 ) ) ;
#3132 = DIRECTION ( 'NONE',  ( 0.000000000000000000, -1.000000000000000000, 0.000000000000000000 ) ) ;
#3133 = CIRCLE ( 'NONE', #5551, 10.99999999999999822 ) ;
#3134 = EDGE_CURVE ( 'NONE', #2743, #7305, #4231, .T. ) ;
#3135 = ORIENTED_EDGE ( 'NONE', *, *, #7392, .T. ) ;
#3136 = CARTESIAN_POINT ( 'NONE',  ( -4.281510617043220002, 2.000000000000000000, 8.480487417368573588 ) ) ;
#3137 = CIRCLE ( 'NONE', #2470, 11.69999999999999574 ) ;
#3138 = ORIENTED_EDGE ( 'NONE', *, *, #7511, .T. ) ;
#3139 = CARTESIAN_POINT ( 'NONE',  ( -3.091507654588485199, 13.50000000000000178, -5.354648329735351098 ) ) ;
#3140 = CARTESIAN_POINT ( 'NONE',  ( -11.99995723270234116, 17.50000000000000000, 4.308541100339497554 ) ) ;
#3141 = DIRECTION ( 'NONE',  ( -0.4999999999999888978, 0.000000000000000000, -0.8660254037844451469 ) ) ;
#3142 = CARTESIAN_POINT ( 'NONE',  ( 0.000000000000000000, 0.000000000000000000, -1.499999999999999778 ) ) ;
#3143 = EDGE_CURVE ( 'NONE', #2139, #571, #3557, .T. ) ;
#3144 = CARTESIAN_POINT ( 'NONE',  ( 10.56536461825795037, 13.50000000000000178, -8.799748319313628997 ) ) ;
#3145 = PRODUCT_RELATED_PRODUCT_CATEGORY ( 'detail', '', ( #7584 ) ) ;
#3146 = LINE ( 'NONE', #6967, #1314 ) ;
#3147 = ORIENTED_EDGE ( 'NONE', *, *, #8134, .F. ) ;
#3148 =( LENGTH_UNIT ( ) NAMED_UNIT ( * ) SI_UNIT ( .MILLI., .METRE. ) );
#3149 = ORIENTED_EDGE ( 'NONE', *, *, #8273, .T. ) ;
#3150 = DIRECTION ( 'NONE',  ( 0.8660254037844328234, 0.000000000000000000, -0.5000000000000101030 ) ) ;
#3151 = VECTOR ( 'NONE', #4029, 1000.000000000000000 ) ;
#3152 = DIRECTION ( 'NONE',  ( 0.000000000000000000, 0.000000000000000000, 1.000000000000000000 ) ) ;
#3153 = VECTOR ( 'NONE', #6456, 1000.000000000000000 ) ;
#3154 = DIRECTION ( 'NONE',  ( -0.8660254037844398178, 0.000000000000000000, -0.4999999999999980016 ) ) ;
#3155 = CIRCLE ( 'NONE', #4234, 0.5999999999999983125 ) ;
#3156 = ORIENTED_EDGE ( 'NONE', *, *, #2918, .F. ) ;
#3157 = EDGE_CURVE ( 'NONE', #2087, #604, #6195, .T. ) ;
#3158 = CARTESIAN_POINT ( 'NONE',  ( 1.836970198721030181E-16, 0.000000000000000000, 1.500000000000000222 ) ) ;
#3159 = ORIENTED_EDGE ( 'NONE', *, *, #5953, .F. ) ;
#3160 = CARTESIAN_POINT ( 'NONE',  ( -9.526279441628759059, 8.000000000000000000, -5.500000000000111022 ) ) ;
#3161 = EDGE_CURVE ( 'NONE', #278, #3689, #5148, .T. ) ;
#3162 = ORIENTED_EDGE ( 'NONE', *, *, #5936, .T. ) ;
#3163 = ORIENTED_EDGE ( 'NONE', *, *, #6356, .T. ) ;
#3164 = FACE_OUTER_BOUND ( 'NONE', #1947, .T. ) ;
#3165 = CIRCLE ( 'NONE', #3834, 11.75000000000000178 ) ;
#3166 = CYLINDRICAL_SURFACE ( 'NONE', #4243, 0.5999999999999983125 ) ;
#3167 = DIRECTION ( 'NONE',  ( -0.000000000000000000, -1.000000000000000000, -0.000000000000000000 ) ) ;
#3168 = CIRCLE ( 'NONE', #615, 11.00000000000000000 ) ;
#3169 = ORIENTED_EDGE ( 'NONE', *, *, #4442, .T. ) ;
#3170 = B_SPLINE_CURVE_WITH_KNOTS ( 'NONE', 3,
 ( #4330, #4916, #1130, #343, #5465, #7491, #6256, #1636, #1721, #1089, #3275, #2600, #3858, #5786, #8306, #7013, #6378, #7782 ),
 .UNSPECIFIED., .F., .F.,
 ( 4, 2, 2, 2, 2, 2, 2, 2, 4 ),
 ( 0.007371168016960129472, 0.007683712095296253188, 0.007996256173632376035, 0.008308800251968499750, 0.008621344330304623466, 0.008933888408640745446, 0.009246432486976867426, 0.009558976565312991142, 0.009871520643649113122 ),
 .UNSPECIFIED. ) ;
#3171 = ORIENTED_EDGE ( 'NONE', *, *, #7673, .F. ) ;
#3172 = CARTESIAN_POINT ( 'NONE',  ( -5.000000000000000000, 16.00000000000000000, -5.237222008264700033E-14 ) ) ;
#3173 = CARTESIAN_POINT ( 'NONE',  ( 0.000000000000000000, 8.000000000000000000, 0.000000000000000000 ) ) ;
#3174 = CARTESIAN_POINT ( 'NONE',  ( -1.777088338804396761, 13.50000000000000178, 5.445643595929330338 ) ) ;
#3175 = LINE ( 'NONE', #12, #7737 ) ;
#3176 = AXIS2_PLACEMENT_3D ( 'NONE', #3753, #8322, #7545 ) ;
#3177 = EDGE_CURVE ( 'NONE', #209, #2310, #1661, .T. ) ;
#3178 = CIRCLE ( 'NONE', #5320, 1.500000000000000222 ) ;
#3179 = ORIENTED_EDGE ( 'NONE', *, *, #3461, .F. ) ;
#3180 = CARTESIAN_POINT ( 'NONE',  ( 11.09555992249984158, 15.50000000000000000, -3.866658765163446088 ) ) ;
#3181 = COORDINATED_UNIVERSAL_TIME_OFFSET ( 8, 0, .AHEAD. ) ;
#3182 = ORIENTED_EDGE ( 'NONE', *, *, #8078, .F. ) ;
#3183 = CARTESIAN_POINT ( 'NONE',  ( 0.000000000000000000, 16.00000000000000000, 0.000000000000000000 ) ) ;
#3184 = AXIS2_PLACEMENT_3D ( 'NONE', #4171, #891, #7370 ) ;
#3185 = CYLINDRICAL_SURFACE ( 'NONE', #6311, 2.199999999999997957 ) ;
#3186 = CARTESIAN_POINT ( 'NONE',  ( 2.338123282305887063, 13.50000000000000178, 13.54974831931350465 ) ) ;
#3187 = DIRECTION ( 'NONE',  ( 0.8984891805005802423, 0.000000000000000000, -0.4389956634448631267 ) ) ;
#3189 = DIRECTION ( 'NONE',  ( 0.6325057399790078305, 0.4470715577927284468, 0.6325057399790067203 ) ) ;
#3188 = VECTOR ( 'NONE', #4634, 1000.000000000000000 ) ;
#3190 = CARTESIAN_POINT ( 'NONE',  ( -2.499999999999944489, 8.000000000000000000, -4.330127018922225623 ) ) ;
#3191 = ORIENTED_EDGE ( 'NONE', *, *, #2369, .T. ) ;
#3192 = ORIENTED_EDGE ( 'NONE', *, *, #1905, .T. ) ;
#3193 = CARTESIAN_POINT ( 'NONE',  ( -13.42961918032007596, 4.705463247500003554, -3.175740725761777572 ) ) ;
#3194 = FACE_OUTER_BOUND ( 'NONE', #6284, .T. ) ;
#3195 = EDGE_CURVE ( 'NONE', #1896, #4032, #7166, .T. ) ;
#3197 = EDGE_CURVE ( 'NONE', #5216, #2139, #5022, .T. ) ;
#3196 = CARTESIAN_POINT ( 'NONE',  ( -12.90348790056395067, 13.50000000000000178, -4.749999999999969802 ) ) ;
#3198 = VECTOR ( 'NONE', #7415, 1000.000000000000000 ) ;
#3199 = CARTESIAN_POINT ( 'NONE',  ( -3.091507654588460774, 13.50000000000000178, 5.354648329735367085 ) ) ;
#3200 = ORIENTED_EDGE ( 'NONE', *, *, #6915, .T. ) ;
#3201 = CARTESIAN_POINT ( 'NONE',  ( -2.499999999999944489, 16.00000000000000000, -4.330127018922225623 ) ) ;
#3202 = EDGE_LOOP ( 'NONE', ( #4428, #1428, #3746, #3507 ) ) ;
#3203 = AXIS2_PLACEMENT_3D ( 'NONE', #4693, #5947, #7905 ) ;
#3204 = CARTESIAN_POINT ( 'NONE',  ( 0.000000000000000000, 0.000000000000000000, 0.000000000000000000 ) ) ;
#3205 = EDGE_LOOP ( 'NONE', ( #2201, #5637, #4298, #653, #758, #7613 ) ) ;
#3206 = ORIENTED_EDGE ( 'NONE', *, *, #5536, .T. ) ;
#3207 = DIRECTION ( 'NONE',  ( 0.000000000000000000, -1.000000000000000000, -0.000000000000000000 ) ) ;
#3208 = ADVANCED_FACE ( 'NONE', ( #447, #8074, #2291 ), #324, .T. ) ;
#3209 = DIRECTION ( 'NONE',  ( 0.000000000000000000, 1.000000000000000000, 0.000000000000000000 ) ) ;
#3210 = EDGE_CURVE ( 'NONE', #2908, #4772, #5817, .T. ) ;
#3211 = ADVANCED_FACE ( 'NONE', ( #2966 ), #2885, .F. ) ;
#3212 = DIRECTION ( 'NONE',  ( 0.8660254037844397068, 0.000000000000000000, -0.4999999999999980016 ) ) ;
#3213 = ORIENTED_EDGE ( 'NONE', *, *, #1884, .F. ) ;
#3214 = ORIENTED_EDGE ( 'NONE', *, *, #7608, .F. ) ;
#3215 = AXIS2_PLACEMENT_3D ( 'NONE', #594, #2528, #2694 ) ;
#3216 = CARTESIAN_POINT ( 'NONE',  ( 4.698463103929540807, 8.000000000000000000, -1.710100716628346174 ) ) ;
#3217 = FACE_OUTER_BOUND ( 'NONE', #7603, .T. ) ;
#3218 = DIRECTION ( 'NONE',  ( 0.7071067811865475727, 0.000000000000000000, -0.7071067811865475727 ) ) ;
#3219 = CC_DESIGN_SECURITY_CLASSIFICATION ( #405, ( #6024 ) ) ;
#3220 = VERTEX_POINT ( 'NONE', #4101 ) ;
#3221 = PLANE ( 'NONE',  #524 ) ;
#3222 = EDGE_CURVE ( 'NONE', #6493, #562, #4700, .T. ) ;
#3223 = DIRECTION ( 'NONE',  ( 0.000000000000000000, 1.000000000000000000, -0.000000000000000000 ) ) ;
#3224 = EDGE_CURVE ( 'NONE', #1669, #3635, #3808, .T. ) ;
#3225 = EDGE_LOOP ( 'NONE', ( #3377, #7502, #5402, #6006, #4003, #1764, #6933 ) ) ;
#3226 = CARTESIAN_POINT ( 'NONE',  ( -13.33791075032939055, 5.453033543922431114, 3.544936437698744669 ) ) ;
#3227 = CARTESIAN_POINT ( 'NONE',  ( 4.804803964988678899, 6.000000000000000000, 12.93653194863403399 ) ) ;
#3228 = CARTESIAN_POINT ( 'NONE',  ( -11.51359854670575267, 5.999999999999998224, -3.381870563060505486 ) ) ;
#3229 = AXIS2_PLACEMENT_3D ( 'NONE', #2643, #4069, #832 ) ;
#3230 = CARTESIAN_POINT ( 'NONE',  ( 0.000000000000000000, 8.000000000000000000, 0.000000000000000000 ) ) ;
#3231 = AXIS2_PLACEMENT_3D ( 'NONE', #3269, #3932, #3431 ) ;
#3232 = CARTESIAN_POINT ( 'NONE',  ( 0.000000000000000000, 6.000000000000000000, 12.00000000000000178 ) ) ;
#3233 = ORIENTED_EDGE ( 'NONE', *, *, #4183, .T. ) ;
#3234 =( NAMED_UNIT ( * ) SI_UNIT ( $, .STERADIAN. ) SOLID_ANGLE_UNIT ( ) );
#3235 = VERTEX_POINT ( 'NONE', #567 ) ;
#3236 = DIRECTION ( 'NONE',  ( 0.000000000000000000, -1.000000000000000000, 0.000000000000000000 ) ) ;
#3237 = CARTESIAN_POINT ( 'NONE',  ( -8.169023258258576448, 4.435569463351222375, -9.017551395682431803 ) ) ;
#3238 = CYLINDRICAL_SURFACE ( 'NONE', #8103, 11.00000000000000000 ) ;
#3239 = DIRECTION ( 'NONE',  ( 0.7071067811865474617, 0.000000000000000000, -0.7071067811865474617 ) ) ;
#3240 = CIRCLE ( 'NONE', #5644, 1.400000000000000133 ) ;
#3241 = VERTEX_POINT ( 'NONE', #5690 ) ;
#3242 = ADVANCED_FACE ( 'NONE', ( #6359 ), #5019, .T. ) ;
#3243 = LINE ( 'NONE', #5714, #381 ) ;
#3244 = VERTEX_POINT ( 'NONE', #5063 ) ;
#3245 = EDGE_CURVE ( 'NONE', #4067, #979, #1935, .T. ) ;
#3246 = CARTESIAN_POINT ( 'NONE',  ( 8.426488874308796895, 8.000000000000000000, -7.070663706551887806 ) ) ;
#3247 = AXIS2_PLACEMENT_3D ( 'NONE', #2282, #5480, #4092 ) ;
#3248 = ORIENTED_EDGE ( 'NONE', *, *, #6613, .T. ) ;
#3249 = ORIENTED_EDGE ( 'NONE', *, *, #700, .T. ) ;
#3250 = DIRECTION ( 'NONE',  ( 0.000000000000000000, -1.000000000000000000, 0.000000000000000000 ) ) ;
#3251 = DIRECTION ( 'NONE',  ( 0.7071067811865474617, -0.000000000000000000, -0.7071067811865476838 ) ) ;
#3252 = VECTOR ( 'NONE', #7911, 1000.000000000000000 ) ;
#3253 = CARTESIAN_POINT ( 'NONE',  ( 10.56536461825795037, 16.50000000000001066, -8.799748319313628997 ) ) ;
#3254 = ORIENTED_EDGE ( 'NONE', *, *, #8076, .F. ) ;
#3255 = EDGE_CURVE ( 'NONE', #6928, #7753, #6897, .T. ) ;
#3256 = EDGE_LOOP ( 'NONE', ( #7496, #4796, #8226, #3626 ) ) ;
#3257 = AXIS2_PLACEMENT_3D ( 'NONE', #8171, #1045, #7399 ) ;
#3258 = CARTESIAN_POINT ( 'NONE',  ( 12.30120021480766823, 17.16674065569375429, 4.455726359391374736 ) ) ;
#3259 = FACE_OUTER_BOUND ( 'NONE', #4947, .T. ) ;
#3260 = CARTESIAN_POINT ( 'NONE',  ( -9.883272722524649723, 7.242608629440185020, -9.883272722524660381 ) ) ;
#3261 = AXIS2_PLACEMENT_3D ( 'NONE', #6278, #6315, #528 ) ;
#3262 = ORIENTED_EDGE ( 'NONE', *, *, #8097, .T. ) ;
#3263 = CARTESIAN_POINT ( 'NONE',  ( 4.706763560087681597, 2.999999999999999112, 12.97294548883691512 ) ) ;
#3264 = DIRECTION ( 'NONE',  ( 0.7071067811865475727, 0.000000000000000000, 0.7071067811865475727 ) ) ;
#3265 = COORDINATED_UNIVERSAL_TIME_OFFSET ( 8, 0, .AHEAD. ) ;
#3266 = EDGE_CURVE ( 'NONE', #571, #6647, #3412, .T. ) ;
#3267 = ORIENTED_EDGE ( 'NONE', *, *, #2472, .T. ) ;
#3268 = CARTESIAN_POINT ( 'NONE',  ( 0.000000000000000000, 16.00100000000000122, 0.000000000000000000 ) ) ;
#3269 = CARTESIAN_POINT ( 'NONE',  ( 0.000000000000000000, 8.000000000000000000, 0.000000000000000000 ) ) ;
#3270 = LINE ( 'NONE', #7049, #3153 ) ;
#3271 = VECTOR ( 'NONE', #5631, 1000.000000000000000 ) ;
#3272 = VECTOR ( 'NONE', #6080, 1000.000000000000000 ) ;
#3273 = CARTESIAN_POINT ( 'NONE',  ( 13.42946039122700519, 4.394237712663405127, -3.176412064022072990 ) ) ;
#3274 = ORIENTED_EDGE ( 'NONE', *, *, #4183, .F. ) ;
#3275 = CARTESIAN_POINT ( 'NONE',  ( -3.553452495938350886, 5.448233070885942553, -13.33481819457975348 ) ) ;
#3276 = ORIENTED_EDGE ( 'NONE', *, *, #8355, .T. ) ;
#3277 = CARTESIAN_POINT ( 'NONE',  ( -1.650730820798779863, 4.278913697253745596, 11.88595434381283411 ) ) ;
#3278 = DIRECTION ( 'NONE',  ( -0.7071067811865476838, 0.000000000000000000, -0.7071067811865474617 ) ) ;
#3279 = LINE ( 'NONE', #3196, #2030 ) ;
#3280 = DIRECTION ( 'NONE',  ( 0.7071067811865475727, 0.000000000000000000, 0.7071067811865475727 ) ) ;
#3281 = ADVANCED_FACE ( 'NONE', ( #7034 ), #3047, .F. ) ;
#3282 = ADVANCED_FACE ( 'NONE', ( #2415 ), #8161, .T. ) ;
#3283 = ORIENTED_EDGE ( 'NONE', *, *, #5035, .F. ) ;
#3284 = DIRECTION ( 'NONE',  ( 0.8660254037844432595, 0.000000000000000000, -0.4999999999999920064 ) ) ;
#3285 = ORIENTED_EDGE ( 'NONE', *, *, #2834, .F. ) ;
#3286 = CARTESIAN_POINT ( 'NONE',  ( -2.299077124466732069, 5.662603574272011109, -11.77800533193468802 ) ) ;
#3287 = AXIS2_PLACEMENT_3D ( 'NONE', #6516, #3996, #1268 ) ;
#3288 = VERTEX_POINT ( 'NONE', #8330 ) ;
#3289 = VERTEX_POINT ( 'NONE', #7553 ) ;
#3290 = CARTESIAN_POINT ( 'NONE',  ( -10.44438976665383834, 16.00100000000000122, -5.273018338884901013 ) ) ;
#3291 = FACE_OUTER_BOUND ( 'NONE', #4954, .T. ) ;
#3292 = CIRCLE ( 'NONE', #4366, 10.99999999999999822 ) ;
#3293 = ADVANCED_FACE ( 'NONE', ( #2540 ), #529, .F. ) ;
#3294 = AXIS2_PLACEMENT_3D ( 'NONE', #4607, #5199, #867 ) ;
#3295 = CARTESIAN_POINT ( 'NONE',  ( 0.000000000000000000, 15.50000000000000000, 0.000000000000000000 ) ) ;
#3296 = ORIENTED_EDGE ( 'NONE', *, *, #3222, .T. ) ;
#3297 = ORIENTED_EDGE ( 'NONE', *, *, #1592, .F. ) ;
#3298 = CARTESIAN_POINT ( 'NONE',  ( 10.83288528313430099, 16.00000000000000000, -1.910129954336162950 ) ) ;
#3299 = CARTESIAN_POINT ( 'NONE',  ( 3.176758021206825156, 4.390906040717225345, -13.42937856328873103 ) ) ;
#3300 = DIRECTION ( 'NONE',  ( 0.000000000000000000, 0.000000000000000000, 1.000000000000000000 ) ) ;
#3301 = EDGE_CURVE ( 'NONE', #2211, #6647, #1277, .T. ) ;
#3302 = ADVANCED_FACE ( 'NONE', ( #3086 ), #3842, .F. ) ;
#3303 = AXIS2_PLACEMENT_3D ( 'NONE', #6320, #5692, #3089 ) ;
#3304 = ORIENTED_EDGE ( 'NONE', *, *, #4337, .F. ) ;
#3305 = LINE ( 'NONE', #7937, #7230 ) ;
#3306 = CARTESIAN_POINT ( 'NONE',  ( -12.56248611206308041, 5.027862843882718202, -10.86542983721537681 ) ) ;
#3307 = VERTEX_POINT ( 'NONE', #4311 ) ;
#3308 = DIRECTION ( 'NONE',  ( 0.7071067811865475727, 0.000000000000000000, -0.7071067811865475727 ) ) ;
#3309 = VECTOR ( 'NONE', #2367, 1000.000000000000114 ) ;
#3310 = DIRECTION ( 'NONE',  ( -0.000000000000000000, -1.000000000000000000, -0.000000000000000000 ) ) ;
#3311 = CARTESIAN_POINT ( 'NONE',  ( 9.500000000000000000, 2.000000000000000000, -1.249999999999993339 ) ) ;
#3312 = CARTESIAN_POINT ( 'NONE',  ( 3.762221576582328808, 16.00000000000000000, 10.33661882864500292 ) ) ;
#3313 = ORIENTED_EDGE ( 'NONE', *, *, #2481, .T. ) ;
#3314 = AXIS2_PLACEMENT_3D ( 'NONE', #8215, #6966, #4992 ) ;
#3315 = APPROVAL_STATUS ( 'not_yet_approved' ) ;
#3316 = ORIENTED_EDGE ( 'NONE', *, *, #5833, .F. ) ;
#3317 = CARTESIAN_POINT ( 'NONE',  ( -1.748904150487007092, 3.972765084985546036, 11.87199123121923350 ) ) ;
#3318 = LINE ( 'NONE', #3983, #8085 ) ;
#3319 = CIRCLE ( 'NONE', #5064, 13.79999999999999893 ) ;
#3320 = CARTESIAN_POINT ( 'NONE',  ( 8.426488874308748933, 16.00000000000000000, 7.070663706551944649 ) ) ;
#3321 = LINE ( 'NONE', #7744, #5595 ) ;
#3322 = AXIS2_PLACEMENT_3D ( 'NONE', #1824, #3755, #4390 ) ;
#3323 = VERTEX_POINT ( 'NONE', #6869 ) ;
#3324 = FACE_OUTER_BOUND ( 'NONE', #2315, .T. ) ;
#3325 = ORIENTED_EDGE ( 'NONE', *, *, #3385, .T. ) ;
#3326 = FACE_OUTER_BOUND ( 'NONE', #3791, .T. ) ;
#3327 = ORIENTED_EDGE ( 'NONE', *, *, #5937, .F. ) ;
#3328 = DIRECTION ( 'NONE',  ( -0.000000000000000000, -1.000000000000000000, 0.000000000000000000 ) ) ;
#3329 = VECTOR ( 'NONE', #1305, 1000.000000000000227 ) ;
#3330 = EDGE_CURVE ( 'NONE', #6128, #4571, #4356, .T. ) ;
#3331 = EDGE_LOOP ( 'NONE', ( #5093, #3285 ) ) ;
#3332 = ADVANCED_FACE ( 'NONE', ( #6950 ), #7988, .T. ) ;
#3333 = FACE_OUTER_BOUND ( 'NONE', #519, .T. ) ;
#3334 = DIRECTION ( 'NONE',  ( 0.000000000000000000, 1.000000000000000000, 0.000000000000000000 ) ) ;
#3335 = UNCERTAINTY_MEASURE_WITH_UNIT (LENGTH_MEASURE( 1.000000000000000082E-05 ), #3148, 'distance_accuracy_value', 'NONE');
#3336 = AXIS2_PLACEMENT_3D ( 'NONE', #3856, #4532, #1332 ) ;
#3337 = CARTESIAN_POINT ( 'NONE',  ( 0.000000000000000000, 0.000000000000000000, 0.000000000000000000 ) ) ;
#3338 = VERTEX_POINT ( 'NONE', #3760 ) ;
#3339 = EDGE_LOOP ( 'NONE', ( #44, #1308, #3206, #8177, #1929, #2621, #7345, #637, #8139, #4276, #6179, #2610, #1088, #1990, #7369, #4163, #234, #63 ) ) ;
#3340 = DIRECTION ( 'NONE',  ( -1.000000000000000000, 0.000000000000000000, 1.064489405713042080E-14 ) ) ;
#3341 = CARTESIAN_POINT ( 'NONE',  ( 0.000000000000000000, 16.00000000000000000, 0.000000000000000000 ) ) ;
#3342 = CARTESIAN_POINT ( 'NONE',  ( -9.526279441628874523, 16.00000000000000000, 5.499999999999911182 ) ) ;
#3343 = ORIENTED_EDGE ( 'NONE', *, *, #4837, .F. ) ;
#3344 = ORIENTED_EDGE ( 'NONE', *, *, #838, .F. ) ;
#3345 = DIRECTION ( 'NONE',  ( -0.000000000000000000, -1.000000000000000000, -0.000000000000000000 ) ) ;
#3346 = EDGE_CURVE ( 'NONE', #2275, #6683, #2739, .T. ) ;
#3347 = EDGE_CURVE ( 'NONE', #5517, #3868, #49, .T. ) ;
#3348 = DIRECTION ( 'NONE',  ( 0.000000000000000000, 1.000000000000000000, 0.000000000000000000 ) ) ;
#3349 = DIRECTION ( 'NONE',  ( 0.000000000000000000, 1.000000000000000000, 0.000000000000000000 ) ) ;
#3350 = DIRECTION ( 'NONE',  ( 0.000000000000000000, -1.000000000000000000, -0.000000000000000000 ) ) ;
#3351 = CARTESIAN_POINT ( 'NONE',  ( 0.000000000000000000, 8.000000000000000000, 0.000000000000000000 ) ) ;
#3352 = AXIS2_PLACEMENT_3D ( 'NONE', #2308, #8093, #1807 ) ;
#3353 = CARTESIAN_POINT ( 'NONE',  ( 0.000000000000000000, 16.50000000000000711, 0.000000000000000000 ) ) ;
#3354 = ORIENTED_EDGE ( 'NONE', *, *, #655, .F. ) ;
#3355 = CC_DESIGN_SECURITY_CLASSIFICATION ( #6570, ( #8359 ) ) ;
#3356 = CALENDAR_DATE ( 2024, 28, 12 ) ;
#3357 = EDGE_LOOP ( 'NONE', ( #5061, #2301, #2391, #563, #3582, #5099, #3730, #7708, #2880, #3574, #3354, #6725, #362, #5588, #2169, #6836 ) ) ;
#3358 = CARTESIAN_POINT ( 'NONE',  ( -2.081510617043222044, 16.00100000000000122, 8.480487417368550496 ) ) ;
#3359 = CARTESIAN_POINT ( 'NONE',  ( 0.000000000000000000, 0.000000000000000000, 0.000000000000000000 ) ) ;
#3360 = CARTESIAN_POINT ( 'NONE',  ( 1.777088338804358347, 13.50000000000000178, -5.445643595929342773 ) ) ;
#3361 = LINE ( 'NONE', #6383, #868 ) ;
#3362 = VERTEX_POINT ( 'NONE', #2069 ) ;
#3363 = FACE_OUTER_BOUND ( 'NONE', #1604, .T. ) ;
#3364 = ORIENTED_EDGE ( 'NONE', *, *, #1956, .T. ) ;
#3365 = CARTESIAN_POINT ( 'NONE',  ( 1.777088338804422518, 17.50000000000000000, 5.445643595929321457 ) ) ;
#3366 = ORIENTED_EDGE ( 'NONE', *, *, #5722, .F. ) ;
#3367 = DIRECTION ( 'NONE',  ( -0.8294259869447414557, -0.000000000000000000, 0.5586166236165386323 ) ) ;
#3368 = ORIENTED_EDGE ( 'NONE', *, *, #3475, .F. ) ;
#3369 = ADVANCED_FACE ( 'NONE', ( #2583 ), #2108, .F. ) ;
#3370 = AXIS2_PLACEMENT_3D ( 'NONE', #1044, #8170, #5540 ) ;
#3371 = DIRECTION ( 'NONE',  ( -1.000000000000000000, 0.000000000000000000, -3.491481338843133355E-15 ) ) ;
#3372 = DIRECTION ( 'NONE',  ( 0.000000000000000000, 1.000000000000000000, 0.000000000000000000 ) ) ;
#3373 = EDGE_CURVE ( 'NONE', #2052, #1712, #6485, .T. ) ;
#3374 = EDGE_CURVE ( 'NONE', #5785, #4514, #1397, .T. ) ;
#3375 = AXIS2_PLACEMENT_3D ( 'NONE', #1616, #3600, #411 ) ;
#3376 = DIRECTION ( 'NONE',  ( 0.000000000000000000, 0.000000000000000000, 1.000000000000000000 ) ) ;
#3377 = ORIENTED_EDGE ( 'NONE', *, *, #5604, .T. ) ;
#3378 = ORIENTED_EDGE ( 'NONE', *, *, #8043, .T. ) ;
#3379 = LINE ( 'NONE', #3298, #2061 ) ;
#3380 = DIRECTION ( 'NONE',  ( -0.1736481776669272226, 0.000000000000000000, 0.9848077530122086864 ) ) ;
#3381 = CYLINDRICAL_SURFACE ( 'NONE', #7329, 11.00000000000000000 ) ;
#3382 = CIRCLE ( 'NONE', #4188, 5.000000000000000000 ) ;
#3383 = ORIENTED_EDGE ( 'NONE', *, *, #1146, .T. ) ;
#3384 = EDGE_CURVE ( 'NONE', #6304, #3502, #10, .T. ) ;
#3385 = EDGE_CURVE ( 'NONE', #7208, #2093, #3137, .T. ) ;
#3386 = FACE_OUTER_BOUND ( 'NONE', #4089, .T. ) ;
#3387 = ORIENTED_EDGE ( 'NONE', *, *, #3976, .T. ) ;
#3388 = AXIS2_PLACEMENT_3D ( 'NONE', #6906, #1698, #1030 ) ;
#3389 = DIRECTION ( 'NONE',  ( 0.000000000000000000, 0.000000000000000000, -1.000000000000000000 ) ) ;
#3390 = CARTESIAN_POINT ( 'NONE',  ( -6.183015309176970398, 13.50000000000000178, 1.474514954580286030E-14 ) ) ;
#3391 = CARTESIAN_POINT ( 'NONE',  ( 11.87220925787383408, 3.976108037984200649, 1.747406918793467323 ) ) ;
#3392 = DIRECTION ( 'NONE',  ( 1.224646799147353207E-16, 0.000000000000000000, -1.000000000000000000 ) ) ;
#3393 = DIRECTION ( 'NONE',  ( 0.000000000000000000, 1.000000000000000000, 0.000000000000000000 ) ) ;
#3394 = CIRCLE ( 'NONE', #8115, 10.99999999999999822 ) ;
#3395 = EDGE_CURVE ( 'NONE', #438, #1011, #5152, .T. ) ;
#3396 = FACE_OUTER_BOUND ( 'NONE', #7717, .T. ) ;
#3397 = VERTEX_POINT ( 'NONE', #1479 ) ;
#3398 = CIRCLE ( 'NONE', #2995, 0.5999999999999983125 ) ;
#3399 = EDGE_LOOP ( 'NONE', ( #6266, #3119, #5765, #7592, #4362, #7168 ) ) ;
#3400 = DIRECTION ( 'NONE',  ( 0.000000000000000000, -1.000000000000000000, 0.000000000000000000 ) ) ;
#3401 = DIRECTION ( 'NONE',  ( -0.000000000000000000, -1.000000000000000000, -0.000000000000000000 ) ) ;
#3402 = CARTESIAN_POINT ( 'NONE',  ( 0.000000000000000000, 17.50000000000000000, -12.75000000000000178 ) ) ;
#3403 = DIRECTION ( 'NONE',  ( 0.000000000000000000, 0.000000000000000000, 1.000000000000000000 ) ) ;
#3404 = ADVANCED_FACE ( 'NONE', ( #3964 ), #6442, .F. ) ;
#3405 = VERTEX_POINT ( 'NONE', #3216 ) ;
#3406 = CARTESIAN_POINT ( 'NONE',  ( 0.000000000000000000, 13.50000000000000178, 0.000000000000000000 ) ) ;
#3407 = ORIENTED_EDGE ( 'NONE', *, *, #7848, .F. ) ;
#3408 = CARTESIAN_POINT ( 'NONE',  ( 0.000000000000000000, 8.000000000000000000, 0.000000000000000000 ) ) ;
#3409 = ORIENTED_EDGE ( 'NONE', *, *, #6686, .T. ) ;
#3410 = CARTESIAN_POINT ( 'NONE',  ( -8.896404679647162084, 13.50000000000000178, -7.675707379515719353 ) ) ;
#3411 = ORIENTED_EDGE ( 'NONE', *, *, #3374, .T. ) ;
#3412 = CIRCLE ( 'NONE', #2877, 5.000000000000000000 ) ;
#3413 = FACE_OUTER_BOUND ( 'NONE', #4889, .T. ) ;
#3414 = FACE_OUTER_BOUND ( 'NONE', #351, .T. ) ;
#3415 = AXIS2_PLACEMENT_3D ( 'NONE', #1103, #6984, #1228 ) ;
#3416 = FACE_OUTER_BOUND ( 'NONE', #6777, .T. ) ;
#3417 = VERTEX_POINT ( 'NONE', #7203 ) ;
#3418 = ORIENTED_EDGE ( 'NONE', *, *, #3085, .T. ) ;
#3419 = DIRECTION ( 'NONE',  ( 0.7660444431189749048, 0.000000000000000000, 0.6427876096865432487 ) ) ;
#3420 = VECTOR ( 'NONE', #188, 1000.000000000000000 ) ;
#3421 = CARTESIAN_POINT ( 'NONE',  ( -4.804803964988719756, 6.000000000000000000, 12.93653194863401978 ) ) ;
#3422 = CARTESIAN_POINT ( 'NONE',  ( -4.330127018922164339, 16.00000000000000000, -2.500000000000050182 ) ) ;
#3423 = CIRCLE ( 'NONE', #6234, 5.000000000000000888 ) ;
#3424 = ORIENTED_EDGE ( 'NONE', *, *, #1452, .T. ) ;
#3425 = CARTESIAN_POINT ( 'NONE',  ( -12.90348790056395067, 17.50000000000000000, -4.749999999999969802 ) ) ;
#3426 = ORIENTED_EDGE ( 'NONE', *, *, #4965, .F. ) ;
#3427 = CARTESIAN_POINT ( 'NONE',  ( 0.000000000000000000, 8.000000000000000000, 0.000000000000000000 ) ) ;
#3428 = CARTESIAN_POINT ( 'NONE',  ( 4.804803964988680676, 3.000000000000000000, 12.93653194863403755 ) ) ;
#3429 = FACE_OUTER_BOUND ( 'NONE', #8340, .T. ) ;
#3430 = EDGE_CURVE ( 'NONE', #8334, #1645, #4609, .T. ) ;
#3431 = DIRECTION ( 'NONE',  ( 0.000000000000000000, 0.000000000000000000, -1.000000000000000000 ) ) ;
#3432 = DIRECTION ( 'NONE',  ( 0.000000000000000000, -1.000000000000000000, -0.000000000000000000 ) ) ;
#3433 = VECTOR ( 'NONE', #2417, 1000.000000000000000 ) ;
#3434 = DIRECTION ( 'NONE',  ( 0.000000000000000000, -1.000000000000000000, -0.000000000000000000 ) ) ;
#3435 = VECTOR ( 'NONE', #6902, 1000.000000000000000 ) ;
#3436 = VERTEX_POINT ( 'NONE', #1356 ) ;
#3437 = APPROVAL_STATUS ( 'not_yet_approved' ) ;
#3438 = VERTEX_POINT ( 'NONE', #6566 ) ;
#3439 = CARTESIAN_POINT ( 'NONE',  ( 4.698463103929540807, 16.00000000000000000, -1.710100716628346174 ) ) ;
#3440 = LINE ( 'NONE', #3942, #5771 ) ;
#3441 = CARTESIAN_POINT ( 'NONE',  ( 0.000000000000000000, 16.00000000000000000, 0.000000000000000000 ) ) ;
#3442 = CARTESIAN_POINT ( 'NONE',  ( 10.56536461825805517, 13.50000000000000178, 8.799748319313506428 ) ) ;
#3443 = VECTOR ( 'NONE', #1610, 1000.000000000000000 ) ;
#3444 = VERTEX_POINT ( 'NONE', #6525 ) ;
#3445 = DIRECTION ( 'NONE',  ( 0.8660254037844328234, 0.000000000000000000, 0.5000000000000099920 ) ) ;
#3446 = ORIENTED_EDGE ( 'NONE', *, *, #3449, .F. ) ;
#3447 = FACE_OUTER_BOUND ( 'NONE', #1918, .T. ) ;
#3448 = ORIENTED_EDGE ( 'NONE', *, *, #2164, .F. ) ;
#3449 = EDGE_CURVE ( 'NONE', #7624, #788, #3379, .T. ) ;
#3450 = DIRECTION ( 'NONE',  ( 0.6325057399790078305, 0.4470715577927284468, 0.6325057399790067203 ) ) ;
#3451 = VECTOR ( 'NONE', #5968, 1000.000000000000000 ) ;
#3452 = EDGE_CURVE ( 'NONE', #2112, #5911, #7447, .T. ) ;
#3453 = ORIENTED_EDGE ( 'NONE', *, *, #4376, .T. ) ;
#3454 = CIRCLE ( 'NONE', #5598, 7.300000000000000711 ) ;
#3455 = CARTESIAN_POINT ( 'NONE',  ( 1.500000000000000000, 0.000000000000000000, 0.000000000000000000 ) ) ;
#3456 = DIRECTION ( 'NONE',  ( -0.7071067811865476838, 0.000000000000000000, -0.7071067811865474617 ) ) ;
#3457 = ORIENTED_EDGE ( 'NONE', *, *, #485, .T. ) ;
#3458 = AXIS2_PLACEMENT_3D ( 'NONE', #7315, #2094, #6510 ) ;
#3459 = ORIENTED_EDGE ( 'NONE', *, *, #1894, .T. ) ;
#3460 = VERTEX_POINT ( 'NONE', #2027 ) ;
#3461 = EDGE_CURVE ( 'NONE', #7849, #1712, #1693, .T. ) ;
#3462 = DIRECTION ( 'NONE',  ( 0.000000000000000000, -1.000000000000000000, 0.000000000000000000 ) ) ;
#3463 = DIRECTION ( 'NONE',  ( 0.000000000000000000, 0.000000000000000000, -1.000000000000000000 ) ) ;
#3464 = DIRECTION ( 'NONE',  ( 0.000000000000000000, 1.000000000000000000, 0.000000000000000000 ) ) ;
#3465 = AXIS2_PLACEMENT_3D ( 'NONE', #3406, #4831, #2220 ) ;
#3466 = ORIENTED_EDGE ( 'NONE', *, *, #4529, .T. ) ;
#3467 = CARTESIAN_POINT ( 'NONE',  ( 11.51359854670576333, 3.000000000000001332, -3.381870563060467738 ) ) ;
#3468 = EDGE_LOOP ( 'NONE', ( #2105, #176, #3254, #4130 ) ) ;
#3469 = CARTESIAN_POINT ( 'NONE',  ( 11.88808833175173341, 4.391400646573070610, -1.635040004546796322 ) ) ;
#3470 = AXIS2_PLACEMENT_3D ( 'NONE', #6837, #3013, #3647 ) ;
#3471 = LINE ( 'NONE', #5407, #4336 ) ;
#3472 = DIRECTION ( 'NONE',  ( -0.5000000000000009992, 0.000000000000000000, 0.8660254037844381525 ) ) ;
#3473 = PLANE ( 'NONE',  #2428 ) ;
#3474 = CARTESIAN_POINT ( 'NONE',  ( 0.000000000000000000, 16.00000000000000000, 0.000000000000000000 ) ) ;
#3475 = EDGE_CURVE ( 'NONE', #4447, #2358, #1318, .T. ) ;
#3476 = VECTOR ( 'NONE', #298, 1000.000000000000000 ) ;
#3477 = ADVANCED_FACE ( 'NONE', ( #5144 ), #8133, .T. ) ;
#3478 = DIRECTION ( 'NONE',  ( 0.000000000000000000, 1.000000000000000000, 0.000000000000000000 ) ) ;
#3479 = VERTEX_POINT ( 'NONE', #728 ) ;
#3480 = APPROVAL_ROLE ( '' ) ;
#3481 = ORIENTED_EDGE ( 'NONE', *, *, #5955, .T. ) ;
#3482 = LINE ( 'NONE', #420, #3936 ) ;
#3483 = VECTOR ( 'NONE', #1049, 1000.000000000000114 ) ;
#3484 = DIRECTION ( 'NONE',  ( -1.000000000000000000, 0.000000000000000000, 3.548298019043473862E-15 ) ) ;
#3485 = CARTESIAN_POINT ( 'NONE',  ( 0.000000000000000000, 16.00000000000000000, 0.000000000000000000 ) ) ;
#3486 = DIRECTION ( 'NONE',  ( 0.000000000000000000, 1.000000000000000000, 0.000000000000000000 ) ) ;
#3487 = CARTESIAN_POINT ( 'NONE',  ( -6.183015309176970398, 15.50000000000000000, 1.474514954580286030E-14 ) ) ;
#3488 = EDGE_LOOP ( 'NONE', ( #428, #7600, #5385, #6322, #2193 ) ) ;
#3489 = DIRECTION ( 'NONE',  ( -0.000000000000000000, -1.000000000000000000, -0.000000000000000000 ) ) ;
#3490 = ORIENTED_EDGE ( 'NONE', *, *, #5936, .F. ) ;
#3491 = CARTESIAN_POINT ( 'NONE',  ( -3.381870563060429546, 6.000000000000000000, -11.51359854670577754 ) ) ;
#3492 = VERTEX_POINT ( 'NONE', #5519 ) ;
#3493 = CYLINDRICAL_SURFACE ( 'NONE', #2479, 10.99999999999999822 ) ;
#3494 = CARTESIAN_POINT ( 'NONE',  ( 2.572438380456181672, 3.171147012002705878, 11.72279952002517511 ) ) ;
#3495 = AXIS2_PLACEMENT_3D ( 'NONE', #2174, #4744, #7309 ) ;
#3496 = ADVANCED_FACE ( 'NONE', ( #2151 ), #897, .T. ) ;
#3497 = EDGE_CURVE ( 'NONE', #3417, #3220, #6221, .T. ) ;
#3498 = CARTESIAN_POINT ( 'NONE',  ( 0.000000000000000000, -8.899999999999998579, 1.500000000000000222 ) ) ;
#3499 = ORIENTED_EDGE ( 'NONE', *, *, #5323, .T. ) ;
#3500 = TOROIDAL_SURFACE ( 'NONE', #7401, 1.837044042515924236, 0.5999999999999983125 ) ;
#3501 = ORIENTED_EDGE ( 'NONE', *, *, #6697, .F. ) ;
#3502 = VERTEX_POINT ( 'NONE', #6018 ) ;
#3503 = PLANE ( 'NONE',  #2884 ) ;
#3504 = CARTESIAN_POINT ( 'NONE',  ( -3.176840390873973075, 4.390252983690110966, 13.42935908058430527 ) ) ;
#3505 = DIRECTION ( 'NONE',  ( -0.000000000000000000, -1.000000000000000000, 0.000000000000000000 ) ) ;
#3506 = VECTOR ( 'NONE', #3049, 1000.000000000000000 ) ;
#3507 = ORIENTED_EDGE ( 'NONE', *, *, #3874, .T. ) ;
#3508 = ADVANCED_FACE ( 'NONE', ( #5479 ), #3589, .T. ) ;
#3509 = PRODUCT_RELATED_PRODUCT_CATEGORY ( 'detail', '', ( #3006 ) ) ;
#3510 = DIRECTION ( 'NONE',  ( -0.000000000000000000, 1.000000000000000000, 0.000000000000000000 ) ) ;
#3511 = VERTEX_POINT ( 'NONE', #6780 ) ;
#3512 = EDGE_CURVE ( 'NONE', #5336, #2234, #4082, .T. ) ;
#3513 = CARTESIAN_POINT ( 'NONE',  ( -10.73180085994851396, 4.435569463351222375, -9.034744585100797920 ) ) ;
#3514 = DIRECTION ( 'NONE',  ( 0.000000000000000000, 1.000000000000000000, 0.000000000000000000 ) ) ;
#3515 = AXIS2_PLACEMENT_3D ( 'NONE', #2854, #1417, #1378 ) ;
#3516 = DIRECTION ( 'NONE',  ( 0.000000000000000000, 1.000000000000000000, 0.000000000000000000 ) ) ;
#3517 = CARTESIAN_POINT ( 'NONE',  ( 0.000000000000000000, 18.90000000000000213, 0.000000000000000000 ) ) ;
#3518 = VECTOR ( 'NONE', #1165, 1000.000000000000000 ) ;
#3519 = EDGE_CURVE ( 'NONE', #1930, #533, #5438, .T. ) ;
#3520 = DIRECTION ( 'NONE',  ( -0.000000000000000000, 1.000000000000000000, 0.000000000000000000 ) ) ;
#3521 = ORIENTED_EDGE ( 'NONE', *, *, #1198, .F. ) ;
#3522 = COORDINATED_UNIVERSAL_TIME_OFFSET ( 8, 0, .AHEAD. ) ;
#3523 = ORIENTED_EDGE ( 'NONE', *, *, #532, .T. ) ;
#3524 = CARTESIAN_POINT ( 'NONE',  ( 0.000000000000000000, 0.000000000000000000, 0.000000000000000000 ) ) ;
#3525 = CARTESIAN_POINT ( 'NONE',  ( -12.90348790056393113, 13.50000000000000178, 4.750000000000030198 ) ) ;
#3526 = AXIS2_PLACEMENT_3D ( 'NONE', #2332, #3597, #7473 ) ;
#3527 = CARTESIAN_POINT ( 'NONE',  ( 5.196152422706659557, 15.50000000000000000, 2.999999999999952038 ) ) ;
#3528 = CARTESIAN_POINT ( 'NONE',  ( -8.480487417368530956, 16.00100000000000122, 4.281510617043302602 ) ) ;
#3529 = CIRCLE ( 'NONE', #5142, 3.407039166088960958 ) ;
#3530 = CARTESIAN_POINT ( 'NONE',  ( -3.762221576582472249, 8.000000000000000000, 10.33661882864494963 ) ) ;
#3531 = VERTEX_POINT ( 'NONE', #2831 ) ;
#3532 = CARTESIAN_POINT ( 'NONE',  ( 0.000000000000000000, 8.000000000000000000, 0.000000000000000000 ) ) ;
#3533 = EDGE_LOOP ( 'NONE', ( #4131, #931 ) ) ;
#3534 = DIRECTION ( 'NONE',  ( 0.8660254037844431485, 0.000000000000000000, 0.4999999999999920064 ) ) ;
#3535 = CARTESIAN_POINT ( 'NONE',  ( 4.330127018922182991, 16.00000000000000000, 2.500000000000020428 ) ) ;
#3536 = DIRECTION ( 'NONE',  ( -1.000000000000000000, 0.000000000000000000, 3.491481338843132961E-15 ) ) ;
#3537 = EDGE_CURVE ( 'NONE', #1141, #6182, #2338, .T. ) ;
#3538 = ADVANCED_FACE ( 'NONE', ( #2791 ), #1651, .F. ) ;
#3539 = CARTESIAN_POINT ( 'NONE',  ( 2.385293570413040687, 5.729808192910512687, 11.76178592546982671 ) ) ;
#3540 = EDGE_LOOP ( 'NONE', ( #5053, #3159, #4552, #7412 ) ) ;
#3541 = DIRECTION ( 'NONE',  ( 0.000000000000000000, 1.000000000000000000, 0.000000000000000000 ) ) ;
#3542 = ORIENTED_EDGE ( 'NONE', *, *, #4111, .F. ) ;
#3543 = EDGE_LOOP ( 'NONE', ( #6364, #3630 ) ) ;
#3544 = ORIENTED_EDGE ( 'NONE', *, *, #4305, .T. ) ;
#3545 = CARTESIAN_POINT ( 'NONE',  ( -17.86586399182264628, 3.000000000000001332, 9.734136008177353361 ) ) ;
#3546 = ADVANCED_FACE ( 'NONE', ( #6143 ), #8143, .T. ) ;
#3547 = DIRECTION ( 'NONE',  ( 0.7071067811865475727, 0.000000000000000000, 0.7071067811865475727 ) ) ;
#3548 = CARTESIAN_POINT ( 'NONE',  ( 0.000000000000000000, 18.90000000000000213, 0.000000000000000000 ) ) ;
#3549 = VECTOR ( 'NONE', #5258, 1000.000000000000000 ) ;
#3550 = DIRECTION ( 'NONE',  ( -0.000000000000000000, -1.000000000000000000, -0.000000000000000000 ) ) ;
#3551 = ORIENTED_EDGE ( 'NONE', *, *, #83, .T. ) ;
#3552 = DIRECTION ( 'NONE',  ( 0.000000000000000000, -1.000000000000000000, -0.000000000000000000 ) ) ;
#3553 = DIRECTION ( 'NONE',  ( 0.000000000000000000, -1.000000000000000000, 0.000000000000000000 ) ) ;
#3554 = CARTESIAN_POINT ( 'NONE',  ( -2.338123282305887063, 16.50000000000001066, -13.54974831931350465 ) ) ;
#3555 = AXIS2_PLACEMENT_3D ( 'NONE', #972, #3059, #3536 ) ;
#3556 = EDGE_CURVE ( 'NONE', #4571, #6128, #1811, .T. ) ;
#3557 = LINE ( 'NONE', #2333, #1120 ) ;
#3558 = ADVANCED_FACE ( 'NONE', ( #853 ), #4721, .F. ) ;
#3559 = CARTESIAN_POINT ( 'NONE',  ( 1.690012582823347332E-15, 1.000000000000007772, 13.79999999999999893 ) ) ;
#3560 = CARTESIAN_POINT ( 'NONE',  ( 5.041970302557169603, 13.50000000000000178, -0.6587826417294637693 ) ) ;
#3561 = FACE_OUTER_BOUND ( 'NONE', #5835, .T. ) ;
#3562 = ORIENTED_EDGE ( 'NONE', *, *, #842, .T. ) ;
#3563 = COORDINATED_UNIVERSAL_TIME_OFFSET ( 8, 0, .AHEAD. ) ;
#3564 = ORIENTED_EDGE ( 'NONE', *, *, #6690, .F. ) ;
#3565 = LINE ( 'NONE', #2934, #3272 ) ;
#3566 = CIRCLE ( 'NONE', #8291, 1.500000000000000222 ) ;
#3567 = EDGE_CURVE ( 'NONE', #2054, #6306, #3012, .T. ) ;
#3568 = CARTESIAN_POINT ( 'NONE',  ( 0.000000000000000000, 19.00000000000000355, -1.500000000000000000 ) ) ;
#3569 = CC_DESIGN_PERSON_AND_ORGANIZATION_ASSIGNMENT ( #2850, #5910, ( #5762 ) ) ;
#3570 = DIRECTION ( 'NONE',  ( -0.7071067811865475727, 0.000000000000000000, 0.7071067811865475727 ) ) ;
#3571 = VECTOR ( 'NONE', #7804, 1000.000000000000000 ) ;
#3572 = PERSON ( 'æœª', 'æœª', 'æœª', ('æœª'), ('æœª'), ('æœª') ) ;
#3573 = CARTESIAN_POINT ( 'NONE',  ( 1.469576158976824144E-15, 2.000000000000000000, -12.00000000000000178 ) ) ;
#3574 = ORIENTED_EDGE ( 'NONE', *, *, #7823, .F. ) ;
#3575 = FACE_BOUND ( 'NONE', #6441, .T. ) ;
#3576 = EDGE_LOOP ( 'NONE', ( #5265, #3267, #752, #4338, #6432, #4064, #7326, #1018, #1837, #5796, #1157, #7676, #6211, #3586, #6550, #4286, #1982, #2537, #6172, #1600, #2567, #3426, #6500, #6898, #5679, #5136, #1232, #3163, #4505, #1375, #3887, #3606 ) ) ;
#3577 = DIRECTION ( 'NONE',  ( 1.224646799147353207E-16, 0.000000000000000000, -1.000000000000000000 ) ) ;
#3578 = CARTESIAN_POINT ( 'NONE',  ( 13.38281896719152897, 5.197796750254777720, -3.367851565612191234 ) ) ;
#3579 = CIRCLE ( 'NONE', #8302, 3.407039166088960958 ) ;
#3580 = PLANE ( 'NONE',  #1290 ) ;
#3581 = CIRCLE ( 'NONE', #4394, 5.000000000000000000 ) ;
#3582 = ORIENTED_EDGE ( 'NONE', *, *, #619, .F. ) ;
#3583 = CARTESIAN_POINT ( 'NONE',  ( 0.000000000000000000, 16.00000000000000000, 0.000000000000000000 ) ) ;
#3584 = EDGE_LOOP ( 'NONE', ( #1334, #6137, #7908, #8012, #4436 ) ) ;
#3585 = ADVANCED_FACE ( 'NONE', ( #5975 ), #4763, .F. ) ;
#3586 = ORIENTED_EDGE ( 'NONE', *, *, #4347, .F. ) ;
#3587 = AXIS2_PLACEMENT_3D ( 'NONE', #525, #5484, #5606 ) ;
#3588 = ORIENTED_EDGE ( 'NONE', *, *, #2284, .T. ) ;
#3589 = CYLINDRICAL_SURFACE ( 'NONE', #460, 1.500000000000000222 ) ;
#3590 = DIRECTION ( 'NONE',  ( -0.000000000000000000, -1.000000000000000000, -0.000000000000000000 ) ) ;
#3591 = CARTESIAN_POINT ( 'NONE',  ( 1.567547902908612578E-15, 0.000000000000000000, -12.80000000000000426 ) ) ;
#3592 = AXIS2_PLACEMENT_3D ( 'NONE', #3042, #7116, #5723 ) ;
#3593 = DIRECTION ( 'NONE',  ( 0.000000000000000000, 1.000000000000000000, 0.000000000000000000 ) ) ;
#3594 = EDGE_LOOP ( 'NONE', ( #6533, #6998, #3274, #1695, #6650 ) ) ;
#3595 = CARTESIAN_POINT ( 'NONE',  ( -10.33661882864493542, 16.00000000000000000, -3.762221576582507776 ) ) ;
#3596 = CARTESIAN_POINT ( 'NONE',  ( 0.000000000000000000, 16.00000000000000000, 0.000000000000000000 ) ) ;
#3597 = DIRECTION ( 'NONE',  ( 0.000000000000000000, 1.000000000000000000, 0.000000000000000000 ) ) ;
#3598 = DIRECTION ( 'NONE',  ( 0.7071067811865452413, -0.000000000000000000, 0.7071067811865499042 ) ) ;
#3599 = CIRCLE ( 'NONE', #4668, 11.00000000000000000 ) ;
#3600 = DIRECTION ( 'NONE',  ( 0.000000000000000000, 1.000000000000000000, 0.000000000000000000 ) ) ;
#3601 = DIRECTION ( 'NONE',  ( 0.4999999999999888423, 0.000000000000000000, 0.8660254037844450359 ) ) ;
#3602 = ADVANCED_FACE ( 'NONE', ( #6738 ), #7375, .F. ) ;
#3603 = B_SPLINE_CURVE_WITH_KNOTS ( 'NONE', 3,
 ( #8130, #8087, #4196, #4910, #1713, #6759, #6037, #3016, #5579, #4281, #1001, #4869, #7441, #8168, #2385, #6840, #6674, #290, #2852, #5418, #7994, #4363, #1161, #7046 ),
 .UNSPECIFIED., .F., .F.,
 ( 4, 2, 2, 2, 2, 2, 2, 2, 2, 2, 2, 4 ),
 ( 0.002436398328105361666, 0.003061170133995787766, 0.003685941939886214300, 0.004310713745776640834, 0.004623099648721854318, 0.004935485551667069537, 0.005560257357557497372, 0.005872643260502712591, 0.006185029163447926942, 0.006809800969338353910, 0.007122186872283567394, 0.007434572775228780878 ),
 .UNSPECIFIED. ) ;
#3604 = EDGE_CURVE ( 'NONE', #3531, #2779, #56, .T. ) ;
#3605 = VECTOR ( 'NONE', #4159, 1000.000000000000114 ) ;
#3606 = ORIENTED_EDGE ( 'NONE', *, *, #4173, .F. ) ;
#3607 = CARTESIAN_POINT ( 'NONE',  ( 5.604609863433032579, 13.50000000000000178, -1.183818151790995588 ) ) ;
#3608 = COORDINATED_UNIVERSAL_TIME_OFFSET ( 8, 0, .AHEAD. ) ;
#3609 = ORIENTED_EDGE ( 'NONE', *, *, #7009, .T. ) ;
#3610 = CARTESIAN_POINT ( 'NONE',  ( 8.480487417368559377, 0.000000000000000000, -4.281510617043243094 ) ) ;
#3611 = DIRECTION ( 'NONE',  ( -0.5000000000000071054, 0.000000000000000000, 0.8660254037844345998 ) ) ;
#3612 = DIRECTION ( 'NONE',  ( -1.000000000000000000, 0.000000000000000000, -1.047444401652940164E-14 ) ) ;
#3613 = VECTOR ( 'NONE', #1363, 1000.000000000000000 ) ;
#3614 = AXIS2_PLACEMENT_3D ( 'NONE', #693, #3264, #4603 ) ;
#3615 = CARTESIAN_POINT ( 'NONE',  ( 3.827521524628622274, 13.50000000000000178, 4.261825444138377605 ) ) ;
#3616 = ORIENTED_EDGE ( 'NONE', *, *, #1790, .F. ) ;
#3617 = AXIS2_PLACEMENT_3D ( 'NONE', #1345, #7793, #7625 ) ;
#3618 = FACE_BOUND ( 'NONE', #394, .T. ) ;
#3619 = ORIENTED_EDGE ( 'NONE', *, *, #4074, .F. ) ;
#3620 = CARTESIAN_POINT ( 'NONE',  ( 4.698463103929540807, 8.000000000000000000, -1.710100716628346174 ) ) ;
#3621 = DIRECTION ( 'NONE',  ( 0.000000000000000000, 1.000000000000000000, 0.000000000000000000 ) ) ;
#3622 = CARTESIAN_POINT ( 'NONE',  ( 3.091507654588422582, 13.50000000000000178, -5.354648329735387513 ) ) ;
#3623 = AXIS2_PLACEMENT_3D ( 'NONE', #4878, #508, #2944 ) ;
#3624 = ORIENTED_EDGE ( 'NONE', *, *, #5389, .T. ) ;
#3625 = CARTESIAN_POINT ( 'NONE',  ( -2.081510617043222044, 0.000000000000000000, 8.480487417368550496 ) ) ;
#3626 = ORIENTED_EDGE ( 'NONE', *, *, #6262, .T. ) ;
#3627 = ADVANCED_FACE ( 'NONE', ( #941 ), #3503, .F. ) ;
#3628 = VERTEX_POINT ( 'NONE', #4302 ) ;
#3629 = APPROVAL_PERSON_ORGANIZATION ( #2546, #2113, #1795 ) ;
#3630 = ORIENTED_EDGE ( 'NONE', *, *, #2405, .F. ) ;
#3631 = DIRECTION ( 'NONE',  ( -0.000000000000000000, 1.000000000000000000, -0.000000000000000000 ) ) ;
#3632 = DIRECTION ( 'NONE',  ( 0.000000000000000000, -1.000000000000000000, 0.000000000000000000 ) ) ;
#3633 = DIRECTION ( 'NONE',  ( -0.000000000000000000, -1.000000000000000000, -0.000000000000000000 ) ) ;
#3634 = FACE_OUTER_BOUND ( 'NONE', #5507, .T. ) ;
#3635 = VERTEX_POINT ( 'NONE', #3792 ) ;
#3636 = CARTESIAN_POINT ( 'NONE',  ( 11.62840080806524767, 3.034915884355526838, -2.970224493703168989 ) ) ;
#3637 = LINE ( 'NONE', #4228, #1362 ) ;
#3638 = DIRECTION ( 'NONE',  ( -5.329070518200751394E-15, 0.000000000000000000, -1.000000000000000000 ) ) ;
#3639 = DIRECTION ( 'NONE',  ( -0.7071067811865475727, 0.000000000000000000, -0.7071067811865475727 ) ) ;
#3640 = CARTESIAN_POINT ( 'NONE',  ( 0.000000000000000000, 0.000000000000000000, 0.000000000000000000 ) ) ;
#3641 = CARTESIAN_POINT ( 'NONE',  ( -11.51359854670576510, 3.000000000000001776, 3.381870563060469959 ) ) ;
#3642 = VECTOR ( 'NONE', #5115, 1000.000000000000000 ) ;
#3643 = ADVANCED_FACE ( 'NONE', ( #4343 ), #2364, .F. ) ;
#3644 = ADVANCED_FACE ( 'NONE', ( #4388 ), #6942, .T. ) ;
#3645 = ORIENTED_EDGE ( 'NONE', *, *, #7503, .T. ) ;
#3646 = AXIS2_PLACEMENT_3D ( 'NONE', #4312, #4978, #7680 ) ;
#3647 = DIRECTION ( 'NONE',  ( -1.000000000000000000, 0.000000000000000000, 3.491481338843132961E-15 ) ) ;
#3648 = CLOSED_SHELL ( 'NONE', ( #6004, #5091, #5070, #8246, #3282, #212, #825, #2082 ) ) ;
#3649 = SHAPE_DEFINITION_REPRESENTATION ( #4144, #7556 ) ;
#3650 = ORIENTED_EDGE ( 'NONE', *, *, #3384, .F. ) ;
#3651 = CARTESIAN_POINT ( 'NONE',  ( 3.213938048432689598, 8.000000000000000000, -3.830222215594895729 ) ) ;
#3652 = DIRECTION ( 'NONE',  ( 0.000000000000000000, -1.000000000000000000, 0.000000000000000000 ) ) ;
#3654 = ADVANCED_FACE ( 'NONE', ( #5095 ), #6270, .F. ) ;
#3653 = DIRECTION ( 'NONE',  ( 0.000000000000000000, -1.000000000000000000, 0.000000000000000000 ) ) ;
#3655 = AXIS2_PLACEMENT_3D ( 'NONE', #6821, #1063, #440 ) ;
#3656 = LINE ( 'NONE', #5463, #8187 ) ;
#3657 = EDGE_LOOP ( 'NONE', ( #3075, #4666, #155, #4340, #2361 ) ) ;
#3658 = LINE ( 'NONE', #4833, #5227 ) ;
#3659 = VECTOR ( 'NONE', #3553, 1000.000000000000000 ) ;
#3660 = ORIENTED_EDGE ( 'NONE', *, *, #323, .F. ) ;
#3661 = DIRECTION ( 'NONE',  ( 0.000000000000000000, -1.000000000000000000, -0.000000000000000000 ) ) ;
#3662 = ORIENTED_EDGE ( 'NONE', *, *, #3395, .T. ) ;
#3663 = EDGE_CURVE ( 'NONE', #4628, #4750, #1186, .T. ) ;
#3664 = CARTESIAN_POINT ( 'NONE',  ( 0.000000000000000000, 16.50000000000000711, 0.000000000000000000 ) ) ;
#3665 = VECTOR ( 'NONE', #2290, 1000.000000000000227 ) ;
#3666 = EDGE_LOOP ( 'NONE', ( #7136, #3297, #940, #3276 ) ) ;
#3667 = CARTESIAN_POINT ( 'NONE',  ( 0.000000000000000000, 2.000000000000000000, 0.000000000000000000 ) ) ;
#3668 = ORIENTED_EDGE ( 'NONE', *, *, #402, .T. ) ;
#3669 = VERTEX_POINT ( 'NONE', #6860 ) ;
#3670 = ORIENTED_EDGE ( 'NONE', *, *, #4287, .F. ) ;
#3671 = AXIS2_PLACEMENT_3D ( 'NONE', #7321, #844, #123 ) ;
#3672 = DIRECTION ( 'NONE',  ( 0.000000000000000000, 0.000000000000000000, 1.000000000000000000 ) ) ;
#3673 = CARTESIAN_POINT ( 'NONE',  ( 0.000000000000000000, 8.000000000000000000, 0.000000000000000000 ) ) ;
#3674 = DIRECTION ( 'NONE',  ( 0.000000000000000000, 1.000000000000000000, 0.000000000000000000 ) ) ;
#3675 = CARTESIAN_POINT ( 'NONE',  ( 0.000000000000000000, 16.50000000000000711, -13.75000000000000178 ) ) ;
#3676 = ORIENTED_EDGE ( 'NONE', *, *, #2882, .T. ) ;
#3677 = CARTESIAN_POINT ( 'NONE',  ( 1.836970198721030181E-16, 19.00000000000000355, 1.500000000000000222 ) ) ;
#3678 = FACE_OUTER_BOUND ( 'NONE', #1579, .T. ) ;
#3679 = CARTESIAN_POINT ( 'NONE',  ( 2.382523837999165561, 5.728005307731358187, -11.76233435075874212 ) ) ;
#3680 = CARTESIAN_POINT ( 'NONE',  ( -0.8682408883346373063, 8.000000000000000000, -4.924038765061042433 ) ) ;
#3681 = CARTESIAN_POINT ( 'NONE',  ( 0.000000000000000000, -1.402220585023716934E-15, 6.750000000000013323 ) ) ;
#3682 = VECTOR ( 'NONE', #4091, 1000.000000000000114 ) ;
#3683 = ORIENTED_EDGE ( 'NONE', *, *, #1983, .T. ) ;
#3684 = AXIS2_PLACEMENT_3D ( 'NONE', #357, #2323, #2956 ) ;
#3685 = CARTESIAN_POINT ( 'NONE',  ( 4.412072388826874914, 5.964129400454310392, 13.07718764993904337 ) ) ;
#3686 = EDGE_CURVE ( 'NONE', #4259, #1896, #6350, .T. ) ;
#3687 = EDGE_CURVE ( 'NONE', #4416, #2277, #595, .T. ) ;
#3688 = PERSON_AND_ORGANIZATION_ROLE ( 'creator' ) ;
#3689 = VERTEX_POINT ( 'NONE', #5720 ) ;
#3690 = DIRECTION ( 'NONE',  ( -1.577021341797098793E-15, 0.000000000000000000, -1.000000000000000000 ) ) ;
#3691 = DIRECTION ( 'NONE',  ( -1.000000000000000000, 0.000000000000000000, -3.491481338843133355E-15 ) ) ;
#3692 = CARTESIAN_POINT ( 'NONE',  ( -10.28739452976831004, 16.83340189783331198, 8.612536060784629299 ) ) ;
#3693 = CYLINDRICAL_SURFACE ( 'NONE', #6060, 0.5999999999999983125 ) ;
#3694 = AXIS2_PLACEMENT_3D ( 'NONE', #3186, #3733, #1924 ) ;
#3695 = DIRECTION ( 'NONE',  ( 0.000000000000000000, -1.000000000000000000, 0.000000000000000000 ) ) ;
#3696 = DIRECTION ( 'NONE',  ( -0.8294259869447440092, 0.000000000000000000, -0.5586166236165349686 ) ) ;
#3697 = EDGE_LOOP ( 'NONE', ( #4720, #6461 ) ) ;
#3698 = DIRECTION ( 'NONE',  ( -0.7071067811865544561, 0.000000000000000000, 0.7071067811865405783 ) ) ;
#3699 = VERTEX_POINT ( 'NONE', #8321 ) ;
#3700 = CARTESIAN_POINT ( 'NONE',  ( 2.338123282305887063, 16.50000000000001066, 13.54974831931350465 ) ) ;
#3701 = CARTESIAN_POINT ( 'NONE',  ( 13.10790991828089602, 5.928741282834315562, -4.316524503637742427 ) ) ;
#3702 = DIRECTION ( 'NONE',  ( -0.000000000000000000, -1.000000000000000000, -0.000000000000000000 ) ) ;
#3703 = AXIS2_PLACEMENT_3D ( 'NONE', #5185, #7890, #4048 ) ;
#3704 = ORIENTED_EDGE ( 'NONE', *, *, #857, .F. ) ;
#3705 = EDGE_CURVE ( 'NONE', #1773, #3289, #7504, .T. ) ;
#3706 = DIRECTION ( 'NONE',  ( -0.8660254037844398178, 0.000000000000000000, 0.4999999999999980571 ) ) ;
#3707 = ORIENTED_EDGE ( 'NONE', *, *, #2864, .F. ) ;
#3708 = EDGE_CURVE ( 'NONE', #1770, #6336, #2742, .T. ) ;
#3709 = VERTEX_POINT ( 'NONE', #6226 ) ;
#3710 = VECTOR ( 'NONE', #3505, 1000.000000000000000 ) ;
#3711 = ORIENTED_EDGE ( 'NONE', *, *, #2164, .T. ) ;
#3712 = CARTESIAN_POINT ( 'NONE',  ( 0.000000000000000000, 0.000000000000000000, 0.000000000000000000 ) ) ;
#3713 = CARTESIAN_POINT ( 'NONE',  ( -0.1159493471538552006, 15.50000000000000000, -1.611207921342249882 ) ) ;
#3714 = CARTESIAN_POINT ( 'NONE',  ( -11.51359854670576510, 3.000000000000001776, 3.381870563060469959 ) ) ;
#3715 = ORIENTED_EDGE ( 'NONE', *, *, #901, .T. ) ;
#3716 = CIRCLE ( 'NONE', #7620, 7.300000000000000711 ) ;
#3717 = ADVANCED_FACE ( 'NONE', ( #1061, #7670, #598 ), #2406, .T. ) ;
#3718 = CARTESIAN_POINT ( 'NONE',  ( -7.744759189546649658, 4.435569463351222375, -9.441815464394359481 ) ) ;
#3719 = DIRECTION ( 'NONE',  ( -0.000000000000000000, -1.000000000000000000, -0.000000000000000000 ) ) ;
#3720 = CARTESIAN_POINT ( 'NONE',  ( 0.000000000000000000, 8.000000000000000000, 0.000000000000000000 ) ) ;
#3721 = CIRCLE ( 'NONE', #2238, 0.5999999999999983125 ) ;
#3722 = CYLINDRICAL_SURFACE ( 'NONE', #680, 2.199999999999997957 ) ;
#3723 = FACE_OUTER_BOUND ( 'NONE', #3840, .T. ) ;
#3724 = VECTOR ( 'NONE', #1099, 1000.000000000000000 ) ;
#3725 = ORIENTED_EDGE ( 'NONE', *, *, #5510, .T. ) ;
#3726 = DIRECTION ( 'NONE',  ( 0.000000000000000000, 0.000000000000000000, 1.000000000000000000 ) ) ;
#3727 = VECTOR ( 'NONE', #6813, 1000.000000000000114 ) ;
#3728 = SECURITY_CLASSIFICATION_LEVEL ( 'unclassified' ) ;
#3729 = ADVANCED_FACE ( 'NONE', ( #3164 ), #6820, .F. ) ;
#3730 = ORIENTED_EDGE ( 'NONE', *, *, #5656, .F. ) ;
#3731 = CARTESIAN_POINT ( 'NONE',  ( -13.40599454309915117, 5.010624515114555422, 3.274390269317623225 ) ) ;
#3732 = CARTESIAN_POINT ( 'NONE',  ( -12.60237228453317293, 16.83340189783330487, 4.602876971140201334 ) ) ;
#3733 = DIRECTION ( 'NONE',  ( -0.9976122870613959304, 0.000000000000000000, 0.06906319355583728781 ) ) ;
#3734 = CARTESIAN_POINT ( 'NONE',  ( 10.44438976665383834, 16.00100000000000122, 5.273018338884901013 ) ) ;
#3735 = AXIS2_PLACEMENT_3D ( 'NONE', #3937, #6626, #5990 ) ;
#3736 = ADVANCED_FACE ( 'NONE', ( #6186 ), #1735, .T. ) ;
#3737 = LINE ( 'NONE', #6292, #7755 ) ;
#3738 = CARTESIAN_POINT ( 'NONE',  ( 5.499999999999944045, 8.000000000000000000, 9.526279441628856759 ) ) ;
#3739 = ORIENTED_EDGE ( 'NONE', *, *, #5937, .T. ) ;
#3740 = ORIENTED_EDGE ( 'NONE', *, *, #83, .F. ) ;
#3741 = CARTESIAN_POINT ( 'NONE',  ( 5.273018338884864598, 16.00100000000000122, -10.44438976665385610 ) ) ;
#3742 = CIRCLE ( 'NONE', #6828, 11.00000000000000000 ) ;
#3743 = FACE_OUTER_BOUND ( 'NONE', #2171, .T. ) ;
#3744 = CARTESIAN_POINT ( 'NONE',  ( 5.196152422706659557, 17.50000000000000000, 2.999999999999952038 ) ) ;
#3745 = AXIS2_PLACEMENT_3D ( 'NONE', #7231, #1467, #6594 ) ;
#3746 = ORIENTED_EDGE ( 'NONE', *, *, #4512, .F. ) ;
#3747 = DIRECTION ( 'NONE',  ( 0.000000000000000000, 0.000000000000000000, 1.000000000000000000 ) ) ;
#3748 = VERTEX_POINT ( 'NONE', #439 ) ;
#3749 = ORIENTED_EDGE ( 'NONE', *, *, #4221, .T. ) ;
#3750 = EDGE_LOOP ( 'NONE', ( #1149, #5909, #4768, #6958 ) ) ;
#3751 = CARTESIAN_POINT ( 'NONE',  ( 7.070663706551914451, 16.00000000000000000, -8.426488874308772026 ) ) ;
#3752 = AXIS2_PLACEMENT_3D ( 'NONE', #1763, #4289, #6927 ) ;
#3753 = CARTESIAN_POINT ( 'NONE',  ( -10.73180085994851396, 4.435569463351222375, -9.034744585100797920 ) ) ;
#3754 = ADVANCED_FACE ( 'NONE', ( #478 ), #4969, .T. ) ;
#3755 = DIRECTION ( 'NONE',  ( 0.000000000000000000, 1.000000000000000000, 0.000000000000000000 ) ) ;
#3756 = LOCAL_TIME ( 11, 36, 54.00000000000000000, #6285 ) ;
#3757 = ORIENTED_EDGE ( 'NONE', *, *, #5860, .F. ) ;
#3758 = ORIENTED_EDGE ( 'NONE', *, *, #242, .F. ) ;
#3759 = CYLINDRICAL_SURFACE ( 'NONE', #1109, 1.499999999999999778 ) ;
#3760 = CARTESIAN_POINT ( 'NONE',  ( -9.459008653812729150, 4.435569463351222375, -10.30753679123658273 ) ) ;
#3761 = CARTESIAN_POINT ( 'NONE',  ( 3.290002895201666888, 2.000000000000000000, -6.516585068083180055 ) ) ;
#3762 = CARTESIAN_POINT ( 'NONE',  ( -8.426488874308697419, 16.00000000000000000, -7.070663706552003269 ) ) ;
#3763 = ADVANCED_FACE ( 'NONE', ( #8277 ), #3078, .F. ) ;
#3764 = AXIS2_PLACEMENT_3D ( 'NONE', #667, #6381, #7059 ) ;
#3765 = ORIENTED_EDGE ( 'NONE', *, *, #2586, .T. ) ;
#3766 = FACE_OUTER_BOUND ( 'NONE', #7438, .T. ) ;
#3767 = CIRCLE ( 'NONE', #2019, 11.00000000000000000 ) ;
#3768 = ORIENTED_EDGE ( 'NONE', *, *, #7606, .T. ) ;
#3769 = CARTESIAN_POINT ( 'NONE',  ( 0.8682408883346373063, 8.000000000000000000, -4.924038765061042433 ) ) ;
#3770 = DIRECTION ( 'NONE',  ( -0.7071067811865474617, -0.000000000000000000, 0.7071067811865476838 ) ) ;
#3771 = CARTESIAN_POINT ( 'NONE',  ( 5.510910596163088569E-16, 0.000000000000000000, 4.500000000000000000 ) ) ;
#3772 = CARTESIAN_POINT ( 'NONE',  ( -5.604609863433041461, 17.50000000000000000, 1.183818151790957174 ) ) ;
#3773 = EDGE_CURVE ( 'NONE', #5182, #465, #1400, .T. ) ;
#3774 = ADVANCED_FACE ( 'NONE', ( #1390 ), #759, .F. ) ;
#3775 = CARTESIAN_POINT ( 'NONE',  ( 6.516585068083218246, 16.00100000000000122, -3.290002895201654454 ) ) ;
#3776 = CARTESIAN_POINT ( 'NONE',  ( 11.82284333572327917, 5.460344350793156387, -2.055586284322881596 ) ) ;
#3777 = EDGE_LOOP ( 'NONE', ( #4443, #1192, #635, #3411 ) ) ;
#3778 =( NAMED_UNIT ( * ) PLANE_ANGLE_UNIT ( ) SI_UNIT ( $, .RADIAN. ) );
#3779 = ORIENTED_EDGE ( 'NONE', *, *, #4400, .T. ) ;
#3780 = CARTESIAN_POINT ( 'NONE',  ( 0.000000000000000000, 17.50000000000000000, 0.000000000000000000 ) ) ;
#3781 = DIRECTION ( 'NONE',  ( -0.3420201433256761514, 0.000000000000000000, 0.9396926207859057634 ) ) ;
#3782 = AXIS2_PLACEMENT_3D ( 'NONE', #5914, #6588, #834 ) ;
#3783 = FACE_OUTER_BOUND ( 'NONE', #5727, .T. ) ;
#3784 = ORIENTED_EDGE ( 'NONE', *, *, #3874, .F. ) ;
#3785 = CIRCLE ( 'NONE', #6469, 0.5999999999999983125 ) ;
#3786 = DIRECTION ( 'NONE',  ( 0.000000000000000000, 0.000000000000000000, 1.000000000000000000 ) ) ;
#3787 = VERTEX_POINT ( 'NONE', #1984 ) ;
#3788 = PLANE ( 'NONE',  #113 ) ;
#3789 = ORIENTED_EDGE ( 'NONE', *, *, #4278, .F. ) ;
#3790 = EDGE_CURVE ( 'NONE', #6976, #6638, #4492, .T. ) ;
#3791 = EDGE_LOOP ( 'NONE', ( #4727, #2156, #1581, #3135, #3104, #8106, #1687 ) ) ;
#3792 = CARTESIAN_POINT ( 'NONE',  ( 2.500000000000005329, 16.00000000000000000, -4.330127018922190985 ) ) ;
#3793 = DIRECTION ( 'NONE',  ( -0.8660254037844431485, 0.000000000000000000, -0.4999999999999920064 ) ) ;
#3794 = VECTOR ( 'NONE', #5689, 1000.000000000000000 ) ;
#3795 = LINE ( 'NONE', #6480, #375 ) ;
#3796 = ORIENTED_EDGE ( 'NONE', *, *, #5553, .F. ) ;
#3797 = AXIS2_PLACEMENT_3D ( 'NONE', #429, #4333, #6808 ) ;
#3798 = EDGE_LOOP ( 'NONE', ( #5039, #78, #5133, #6286, #1569, #2401 ) ) ;
#3799 = DIRECTION ( 'NONE',  ( 0.000000000000000000, -1.000000000000000000, -0.000000000000000000 ) ) ;
#3800 = DIRECTION ( 'NONE',  ( -0.000000000000000000, -1.000000000000000000, 0.000000000000000000 ) ) ;
#3801 = LINE ( 'NONE', #6360, #8099 ) ;
#3802 = CARTESIAN_POINT ( 'NONE',  ( -12.30054000329016617, 6.403653871900682581, -13.99759627813787155 ) ) ;
#3803 = AXIS2_PLACEMENT_3D ( 'NONE', #2592, #7003, #3057 ) ;
#3804 = VERTEX_POINT ( 'NONE', #6392 ) ;
#3805 = CYLINDRICAL_SURFACE ( 'NONE', #4544, 5.000000000000000000 ) ;
#3806 = EDGE_CURVE ( 'NONE', #5264, #4628, #4758, .T. ) ;
#3807 = ADVANCED_FACE ( 'NONE', ( #3333 ), #4507, .F. ) ;
#3808 = CIRCLE ( 'NONE', #1260, 5.000000000000000888 ) ;
#3809 = ORIENTED_EDGE ( 'NONE', *, *, #2047, .F. ) ;
#3810 = DIRECTION ( 'NONE',  ( 0.000000000000000000, 0.000000000000000000, -1.000000000000000000 ) ) ;
#3811 = DIRECTION ( 'NONE',  ( -0.6427876096865378086, 0.000000000000000000, 0.7660444431189793457 ) ) ;
#3812 = CYLINDRICAL_SURFACE ( 'NONE', #3822, 11.00000000000000000 ) ;
#3813 = CARTESIAN_POINT ( 'NONE',  ( 4.281510617043278621, 0.000000000000000000, -8.480487417368545167 ) ) ;
#3814 = AXIS2_PLACEMENT_3D ( 'NONE', #2195, #3419, #2912 ) ;
#3815 = CARTESIAN_POINT ( 'NONE',  ( -9.500000000000000000, 0.000000000000000000, -1.249999999999993339 ) ) ;
#3816 = DIRECTION ( 'NONE',  ( -0.000000000000000000, 1.000000000000000000, -0.000000000000000000 ) ) ;
#3817 = ORIENTED_EDGE ( 'NONE', *, *, #8097, .F. ) ;
#3818 = ADVANCED_FACE ( 'NONE', ( #46, #5884, #2615, #4471, #7070 ), #7028, .T. ) ;
#3819 = ORIENTED_EDGE ( 'NONE', *, *, #5994, .F. ) ;
#3820 = CARTESIAN_POINT ( 'NONE',  ( 3.091507654588485199, 17.50000000000000000, 5.354648329735351098 ) ) ;
#3821 = DIRECTION ( 'NONE',  ( 0.000000000000000000, 0.000000000000000000, 1.000000000000000000 ) ) ;
#3822 = AXIS2_PLACEMENT_3D ( 'NONE', #7941, #3432, #911 ) ;
#3823 = EDGE_CURVE ( 'NONE', #7990, #2025, #4586, .T. ) ;
#3824 = CARTESIAN_POINT ( 'NONE',  ( -10.30753679123658806, 4.435569463351222375, -9.459008653812725598 ) ) ;
#3825 = DIRECTION ( 'NONE',  ( 0.000000000000000000, 0.000000000000000000, 1.000000000000000000 ) ) ;
#3826 = CIRCLE ( 'NONE', #7186, 4.399999999999999467 ) ;
#3827 = ORIENTED_EDGE ( 'NONE', *, *, #4884, .T. ) ;
#3828 = LINE ( 'NONE', #672, #2382 ) ;
#3829 = EDGE_LOOP ( 'NONE', ( #7509, #7317, #3544, #5101 ) ) ;
#3830 = DIRECTION ( 'NONE',  ( 0.000000000000000000, 0.000000000000000000, -1.000000000000000000 ) ) ;
#3831 = ORIENTED_EDGE ( 'NONE', *, *, #7943, .T. ) ;
#3832 = ORIENTED_EDGE ( 'NONE', *, *, #5978, .T. ) ;
#3833 = DIRECTION ( 'NONE',  ( 1.000000000000000000, 0.000000000000000000, -1.025063872168114215E-14 ) ) ;
#3834 = AXIS2_PLACEMENT_3D ( 'NONE', #7165, #4008, #5977 ) ;
#3835 = LINE ( 'NONE', #6351, #3435 ) ;
#3836 = EDGE_CURVE ( 'NONE', #231, #3362, #4548, .T. ) ;
#3837 = EDGE_CURVE ( 'NONE', #4477, #8060, #6634, .T. ) ;
#3838 = DIRECTION ( 'NONE',  ( -0.8660254037844361541, 0.000000000000000000, 0.5000000000000041078 ) ) ;
#3839 = AXIS2_PLACEMENT_3D ( 'NONE', #4134, #1025, #6822 ) ;
#3840 = EDGE_LOOP ( 'NONE', ( #1638, #966, #3831, #5472, #514 ) ) ;
#3841 = ORIENTED_EDGE ( 'NONE', *, *, #6448, .F. ) ;
#3842 = PLANE ( 'NONE',  #2198 ) ;
#3843 = CARTESIAN_POINT ( 'NONE',  ( 3.830222215594885071, 8.000000000000000000, 3.213938048432703809 ) ) ;
#3844 = CARTESIAN_POINT ( 'NONE',  ( 0.000000000000000000, 16.00000000000000000, 0.000000000000000000 ) ) ;
#3845 = CIRCLE ( 'NONE', #3314, 1.249999999999994227 ) ;
#3846 = ORIENTED_EDGE ( 'NONE', *, *, #4519, .F. ) ;
#3847 = CARTESIAN_POINT ( 'NONE',  ( 3.176758021206781635, 4.609093959282769326, 13.42937856328873458 ) ) ;
#3848 = AXIS2_PLACEMENT_3D ( 'NONE', #3622, #432, #4378 ) ;
#3849 = VERTEX_POINT ( 'NONE', #6477 ) ;
#3850 = CARTESIAN_POINT ( 'NONE',  ( 0.000000000000000000, 8.000000000000000000, -11.00000000000000000 ) ) ;
#3851 = CARTESIAN_POINT ( 'NONE',  ( 3.827521524628572536, 17.50000000000000000, -4.261825444138422903 ) ) ;
#3852 = EDGE_CURVE ( 'NONE', #1685, #4176, #719, .T. ) ;
#3853 = EDGE_CURVE ( 'NONE', #1011, #5517, #4086, .T. ) ;
#3855 = DIRECTION ( 'NONE',  ( -0.000000000000000000, -1.000000000000000000, -0.000000000000000000 ) ) ;
#3854 = AXIS2_PLACEMENT_3D ( 'NONE', #1181, #1937, #3747 ) ;
#3856 = CARTESIAN_POINT ( 'NONE',  ( 0.000000000000000000, 16.00000000000000000, 0.000000000000000000 ) ) ;
#3857 = ORIENTED_EDGE ( 'NONE', *, *, #2890, .F. ) ;
#3858 = CARTESIAN_POINT ( 'NONE',  ( -3.367851565612144160, 5.197796750254777720, -13.38281896719153963 ) ) ;
#3859 = EDGE_LOOP ( 'NONE', ( #3981, #7522, #6681, #2670 ) ) ;
#3860 = CARTESIAN_POINT ( 'NONE',  ( 8.426488874308796895, 16.00000000000000000, -7.070663706551887806 ) ) ;
#3861 = LINE ( 'NONE', #8309, #5512 ) ;
#3862 = DIRECTION ( 'NONE',  ( 0.000000000000000000, 0.000000000000000000, -1.000000000000000000 ) ) ;
#3863 = CIRCLE ( 'NONE', #5342, 1.400000000000000133 ) ;
#3864 = DIRECTION ( 'NONE',  ( 0.000000000000000000, 0.000000000000000000, 1.000000000000000000 ) ) ;
#3865 = B_SPLINE_CURVE_WITH_KNOTS ( 'NONE', 3,
 ( #1379, #2730, #5792, #3904 ),
 .UNSPECIFIED., .F., .F.,
 ( 4, 4 ),
 ( 2.835790007758843248E-07, 0.001418470318416957749 ),
 .UNSPECIFIED. ) ;
#3866 = ORIENTED_EDGE ( 'NONE', *, *, #2863, .F. ) ;
#3867 = LINE ( 'NONE', #6471, #2925 ) ;
#3868 = VERTEX_POINT ( 'NONE', #170 ) ;
#3869 = CARTESIAN_POINT ( 'NONE',  ( -2.671196313537328670, 5.862649616186645041, -11.69935947898723150 ) ) ;
#3870 = ORIENTED_EDGE ( 'NONE', *, *, #1421, .F. ) ;
#3871 = EDGE_LOOP ( 'NONE', ( #2194, #6398, #4748, #41, #3749 ) ) ;
#3872 = DIRECTION ( 'NONE',  ( 0.8660254037844432595, 0.000000000000000000, -0.4999999999999919509 ) ) ;
#3873 = CARTESIAN_POINT ( 'NONE',  ( 12.90348790056389561, 13.50000000000000178, -4.750000000000120792 ) ) ;
#3874 = EDGE_CURVE ( 'NONE', #6142, #576, #2740, .T. ) ;
#3875 = DIRECTION ( 'NONE',  ( -0.3420201433256794266, 0.000000000000000000, 0.9396926207859044311 ) ) ;
#3876 = EDGE_LOOP ( 'NONE', ( #7790, #3052, #7751, #2565 ) ) ;
#3877 = ORIENTED_EDGE ( 'NONE', *, *, #4575, .F. ) ;
#3878 = AXIS2_PLACEMENT_3D ( 'NONE', #2735, #5254, #5425 ) ;
#3879 = DIRECTION ( 'NONE',  ( -0.7071067811865474617, -0.000000000000000000, 0.7071067811865476838 ) ) ;
#3880 = FACE_BOUND ( 'NONE', #6598, .T. ) ;
#3881 = DIRECTION ( 'NONE',  ( 0.000000000000000000, -1.000000000000000000, 0.000000000000000000 ) ) ;
#3882 = LOCAL_TIME ( 11, 36, 54.00000000000000000, #7947 ) ;
#3883 = EDGE_LOOP ( 'NONE', ( #2994, #1954, #1827, #8151 ) ) ;
#3884 = FACE_OUTER_BOUND ( 'NONE', #4090, .T. ) ;
#3885 = DIRECTION ( 'NONE',  ( 0.000000000000000000, 0.000000000000000000, -1.000000000000000000 ) ) ;
#3886 = PERSON_AND_ORGANIZATION ( #3572, #663 ) ;
#3887 = ORIENTED_EDGE ( 'NONE', *, *, #5071, .F. ) ;
#3888 = CARTESIAN_POINT ( 'NONE',  ( 11.87240625633546109, 5.020982675676092910, 1.746063517759817385 ) ) ;
#3889 = LOCAL_TIME ( 11, 36, 54.00000000000000000, #3181 ) ;
#3890 = ADVANCED_FACE ( 'NONE', ( #5761 ), #7155, .F. ) ;
#3891 = FACE_BOUND ( 'NONE', #2933, .T. ) ;
#3892 = EDGE_CURVE ( 'NONE', #956, #3241, #5158, .T. ) ;
#3893 = CARTESIAN_POINT ( 'NONE',  ( -2.500000000000035527, 16.00000000000000000, 4.330127018922173221 ) ) ;
#3894 = AXIS2_PLACEMENT_3D ( 'NONE', #8098, #3621, #2988 ) ;
#3895 = AXIS2_PLACEMENT_3D ( 'NONE', #7856, #2717, #1329 ) ;
#3896 = DIRECTION ( 'NONE',  ( -0.3420201433256596646, 0.000000000000000000, -0.9396926207859116476 ) ) ;
#3897 = EDGE_LOOP ( 'NONE', ( #998, #5513, #2298, #2474 ) ) ;
#3898 = CARTESIAN_POINT ( 'NONE',  ( 0.000000000000000000, 0.000000000000000000, 0.000000000000000000 ) ) ;
#3899 = ORIENTED_EDGE ( 'NONE', *, *, #2767, .T. ) ;
#3900 = DIRECTION ( 'NONE',  ( -0.000000000000000000, -1.000000000000000000, -0.000000000000000000 ) ) ;
#3901 = ADVANCED_FACE ( 'NONE', ( #803 ), #2572, .F. ) ;
#3902 = DIRECTION ( 'NONE',  ( 0.7071067811865475727, 0.000000000000000000, -0.7071067811865475727 ) ) ;
#3903 = LINE ( 'NONE', #8352, #6733 ) ;
#3904 = CARTESIAN_POINT ( 'NONE',  ( 11.99995723270230918, 17.50000000000000000, -4.308541100339580154 ) ) ;
#3905 = AXIS2_PLACEMENT_3D ( 'NONE', #4047, #7421, #3463 ) ;
#3906 = ORIENTED_EDGE ( 'NONE', *, *, #5614, .T. ) ;
#3907 = DIRECTION ( 'NONE',  ( -0.8660254037844328234, 0.000000000000000000, 0.5000000000000102141 ) ) ;
#3908 = ORIENTED_EDGE ( 'NONE', *, *, #7981, .T. ) ;
#3909 = LINE ( 'NONE', #81, #927 ) ;
#3910 = AXIS2_PLACEMENT_3D ( 'NONE', #668, #6382, #6422 ) ;
#3911 = ORIENTED_EDGE ( 'NONE', *, *, #3330, .T. ) ;
#3912 = ADVANCED_FACE ( 'NONE', ( #1124 ), #3493, .T. ) ;
#3913 = EDGE_CURVE ( 'NONE', #1518, #977, #7362, .T. ) ;
#3914 = VERTEX_POINT ( 'NONE', #2270 ) ;
#3915 = DIRECTION ( 'NONE',  ( -0.000000000000000000, -1.000000000000000000, 0.000000000000000000 ) ) ;
#3916 = PLANE ( 'NONE',  #5980 ) ;
#3917 = CIRCLE ( 'NONE', #4053, 1.237044042515925923 ) ;
#3918 = DIRECTION ( 'NONE',  ( 0.8660254037844328234, 0.000000000000000000, 0.5000000000000102141 ) ) ;
#3919 = VERTEX_POINT ( 'NONE', #6248 ) ;
#3920 = ORIENTED_EDGE ( 'NONE', *, *, #7627, .F. ) ;
#3921 = EDGE_CURVE ( 'NONE', #4592, #4176, #6903, .T. ) ;
#3922 = CIRCLE ( 'NONE', #307, 0.5999999999999983125 ) ;
#3923 = CARTESIAN_POINT ( 'NONE',  ( 0.000000000000000000, 6.000000000000000888, 0.000000000000000000 ) ) ;
#3924 = CARTESIAN_POINT ( 'NONE',  ( 4.034579327477938904, 5.824040818862682656, -13.19853290813028934 ) ) ;
#3925 = CARTESIAN_POINT ( 'NONE',  ( -0.8682408883346373063, 16.00000000000000000, 4.924038765061042433 ) ) ;
#3926 = AXIS2_PLACEMENT_3D ( 'NONE', #3084, #6193, #606 ) ;
#3927 = ORIENTED_EDGE ( 'NONE', *, *, #5435, .F. ) ;
#3928 = CARTESIAN_POINT ( 'NONE',  ( -4.281510617043213784, 2.000000000000000000, -8.480487417368575365 ) ) ;
#3929 = DIRECTION ( 'NONE',  ( 0.8660254037844361541, 0.000000000000000000, -0.5000000000000042188 ) ) ;
#3930 = EDGE_LOOP ( 'NONE', ( #543, #5883, #1860, #6408 ) ) ;
#3931 = CARTESIAN_POINT ( 'NONE',  ( 11.84847299175271296, 3.694188479803973024, 1.903896576515316630 ) ) ;
#3932 = DIRECTION ( 'NONE',  ( -0.000000000000000000, -1.000000000000000000, -0.000000000000000000 ) ) ;
#3933 = DIRECTION ( 'NONE',  ( 0.000000000000000000, -1.000000000000000000, 0.000000000000000000 ) ) ;
#3934 = CIRCLE ( 'NONE', #8254, 0.1000000000000002554 ) ;
#3935 = ADVANCED_FACE ( 'NONE', ( #7410 ), #7965, .F. ) ;
#3936 = VECTOR ( 'NONE', #1081, 1000.000000000000000 ) ;
#3937 = CARTESIAN_POINT ( 'NONE',  ( 6.183015309176969510, 17.50000000000000000, -5.767955557622883589E-14 ) ) ;
#3938 = EDGE_LOOP ( 'NONE', ( #6307, #8274, #5305, #8270 ) ) ;
#3939 = PERSON_AND_ORGANIZATION ( #3572, #663 ) ;
#3940 = ORIENTED_EDGE ( 'NONE', *, *, #1835, .T. ) ;
#3941 = CARTESIAN_POINT ( 'NONE',  ( -2.965407674655949233, 5.963806628567860812, 11.62959931485900711 ) ) ;
#3942 = CARTESIAN_POINT ( 'NONE',  ( 8.863631423264239473, 15.50000000000000000, 4.285638851823263096 ) ) ;
#3943 = DIRECTION ( 'NONE',  ( -0.7071067811865477948, 0.000000000000000000, -0.7071067811865473507 ) ) ;
#3944 = B_SPLINE_CURVE_WITH_KNOTS ( 'NONE', 3,
 ( #6600, #6771, #260, #4209, #303, #1513, #7364, #888, #1473, #4839, #216, #6093, #4800, #4713, #2186, #846 ),
 .UNSPECIFIED., .F., .F.,
 ( 4, 2, 2, 2, 2, 2, 2, 4 ),
 ( 4.336808689942017255E-19, 0.0006381967988967045952, 0.0009572951983450557001, 0.001276393597793406805, 0.001595491997241757802, 0.001914590396690109232, 0.002233688796138460445, 0.002552787195586811442 ),
 .UNSPECIFIED. ) ;
#3945 = DIRECTION ( 'NONE',  ( 0.000000000000000000, -1.000000000000000000, 0.000000000000000000 ) ) ;
#3946 = VECTOR ( 'NONE', #4676, 1000.000000000000000 ) ;
#3947 = ORIENTED_EDGE ( 'NONE', *, *, #6938, .T. ) ;
#3948 = DIRECTION ( 'NONE',  ( -0.8660254037844432595, 0.000000000000000000, -0.4999999999999919509 ) ) ;
#3949 = ORIENTED_EDGE ( 'NONE', *, *, #2580, .F. ) ;
#3950 = FACE_BOUND ( 'NONE', #7529, .T. ) ;
#3951 = AXIS2_PLACEMENT_3D ( 'NONE', #4, #1429, #1311 ) ;
#3952 = EDGE_LOOP ( 'NONE', ( #5867, #342 ) ) ;
#3953 = FACE_OUTER_BOUND ( 'NONE', #5051, .T. ) ;
#3954 = ORIENTED_EDGE ( 'NONE', *, *, #7642, .F. ) ;
#3955 = CARTESIAN_POINT ( 'NONE',  ( -4.281510617043220002, 0.000000000000000000, 8.480487417368573588 ) ) ;
#3956 = CARTESIAN_POINT ( 'NONE',  ( 3.174977546781559745, 5.999999999999999112, 11.57436889566470128 ) ) ;
#3957 = VECTOR ( 'NONE', #6589, 1000.000000000000000 ) ;
#3958 = EDGE_CURVE ( 'NONE', #4578, #90, #4223, .T. ) ;
#3959 = EDGE_CURVE ( 'NONE', #7540, #5735, #3944, .T. ) ;
#3960 = CARTESIAN_POINT ( 'NONE',  ( 0.000000000000000000, 3.000000000000000888, 0.000000000000000000 ) ) ;
#3961 = ORIENTED_EDGE ( 'NONE', *, *, #25, .T. ) ;
#3962 = ADVANCED_FACE ( 'NONE', ( #3413 ), #7725, .T. ) ;
#3963 = ORIENTED_EDGE ( 'NONE', *, *, #1823, .F. ) ;
#3964 = FACE_OUTER_BOUND ( 'NONE', #2213, .T. ) ;
#3965 = DIRECTION ( 'NONE',  ( -0.8660254037844398178, 0.000000000000000000, -0.4999999999999980016 ) ) ;
#3966 = DIRECTION ( 'NONE',  ( 1.000000000000000000, 0.000000000000000000, 3.491481338843133355E-15 ) ) ;
#3967 = ORIENTED_EDGE ( 'NONE', *, *, #4873, .T. ) ;
#3968 = CIRCLE ( 'NONE', #6376, 0.7999999999999937161 ) ;
#3969 = PRODUCT_DEFINITION ( 'æœ', '', #6024, #7632 ) ;
#3970 = VERTEX_POINT ( 'NONE', #347 ) ;
#3971 = CARTESIAN_POINT ( 'NONE',  ( 10.28739452976835267, 16.83340189783330842, 8.612536060784583114 ) ) ;
#3972 = CARTESIAN_POINT ( 'NONE',  ( 1.777088338804422518, 13.50000000000000178, 5.445643595929321457 ) ) ;
#3973 = CARTESIAN_POINT ( 'NONE',  ( -9.883272722524658604, 4.435569463351222375, -9.883272722524655052 ) ) ;
#3974 = DIRECTION ( 'NONE',  ( -0.5000000000000009992, 0.000000000000000000, 0.8660254037844380415 ) ) ;
#3975 = CYLINDRICAL_SURFACE ( 'NONE', #4767, 5.000000000000000888 ) ;
#3976 = EDGE_CURVE ( 'NONE', #5559, #4571, #2100, .T. ) ;
#3977 = DIRECTION ( 'NONE',  ( 0.7660444431189725734, 0.000000000000000000, 0.6427876096865458022 ) ) ;
#3978 = ORIENTED_EDGE ( 'NONE', *, *, #1406, .F. ) ;
#3979 = VECTOR ( 'NONE', #6945, 1000.000000000000000 ) ;
#3980 = APPLICATION_PROTOCOL_DEFINITION ( 'international standard', 'config_control_design', 1994, #1291 ) ;
#3981 = ORIENTED_EDGE ( 'NONE', *, *, #8044, .T. ) ;
#3982 = LINE ( 'NONE', #156, #2723 ) ;
#3983 = CARTESIAN_POINT ( 'NONE',  ( -1.710100716628395912, 16.00000000000000000, 4.698463103929523044 ) ) ;
#3984 = DIRECTION ( 'NONE',  ( 0.7071067811865452413, -0.000000000000000000, 0.7071067811865499042 ) ) ;
#3985 = EDGE_CURVE ( 'NONE', #4642, #7083, #4230, .T. ) ;
#3986 = CARTESIAN_POINT ( 'NONE',  ( 1.500000000000000000, 19.00000000000000355, 0.000000000000000000 ) ) ;
#3987 = AXIS2_PLACEMENT_3D ( 'NONE', #6353, #3167, #89 ) ;
#3988 = ORIENTED_EDGE ( 'NONE', *, *, #7428, .T. ) ;
#3989 = DIRECTION ( 'NONE',  ( 0.000000000000000000, -1.000000000000000000, 0.000000000000000000 ) ) ;
#3990 = ORIENTED_EDGE ( 'NONE', *, *, #984, .F. ) ;
#3991 = PLANE ( 'NONE',  #4550 ) ;
#3992 = ORIENTED_EDGE ( 'NONE', *, *, #8290, .F. ) ;
#3993 = LINE ( 'NONE', #5924, #38 ) ;
#3994 = AXIS2_PLACEMENT_3D ( 'NONE', #3583, #5514, #3706 ) ;
#3995 = ORIENTED_EDGE ( 'NONE', *, *, #2940, .F. ) ;
#3996 = DIRECTION ( 'NONE',  ( -0.000000000000000000, -1.000000000000000000, -0.000000000000000000 ) ) ;
#3997 = EDGE_CURVE ( 'NONE', #3914, #2505, #7923, .T. ) ;
#3998 = EDGE_CURVE ( 'NONE', #1388, #8062, #7256, .T. ) ;
#3999 = CARTESIAN_POINT ( 'NONE',  ( 3.381870563060433543, 5.999999999999998224, 11.51359854670577754 ) ) ;
#4000 = CIRCLE ( 'NONE', #2388, 13.75000000000000178 ) ;
#4001 = FACE_OUTER_BOUND ( 'NONE', #4674, .T. ) ;
#4002 = ORIENTED_EDGE ( 'NONE', *, *, #6891, .F. ) ;
#4003 = ORIENTED_EDGE ( 'NONE', *, *, #7768, .T. ) ;
#4004 = DIRECTION ( 'NONE',  ( 0.000000000000000000, 1.000000000000000000, -0.000000000000000000 ) ) ;
#4005 = ADVANCED_FACE ( 'NONE', ( #7609 ), #2594, .F. ) ;
#4006 = AXIS2_PLACEMENT_3D ( 'NONE', #3136, #4485, #1158 ) ;
#4007 = DIRECTION ( 'NONE',  ( 1.000000000000000000, 0.000000000000000000, 3.491481338843133355E-15 ) ) ;
#4008 = DIRECTION ( 'NONE',  ( -0.000000000000000000, -1.000000000000000000, -0.000000000000000000 ) ) ;
#4009 = ORIENTED_EDGE ( 'NONE', *, *, #4136, .F. ) ;
#4010 = DIRECTION ( 'NONE',  ( 0.000000000000000000, -1.000000000000000000, 0.000000000000000000 ) ) ;
#4011 = EDGE_LOOP ( 'NONE', ( #2724, #2017, #7915, #1741 ) ) ;
#4012 = CARTESIAN_POINT ( 'NONE',  ( 10.00937232694879420, 17.16674065569375074, 8.425288703366254239 ) ) ;
#4013 = CARTESIAN_POINT ( 'NONE',  ( -2.199155242852662617, 13.50000000000000178, 11.54236614467907351 ) ) ;
#4014 = DIRECTION ( 'NONE',  ( 0.000000000000000000, 0.000000000000000000, 1.000000000000000000 ) ) ;
#4015 = EDGE_CURVE ( 'NONE', #5911, #6839, #6328, .T. ) ;
#4016 = CARTESIAN_POINT ( 'NONE',  ( 3.827521524628572536, 13.50000000000000178, -4.261825444138422903 ) ) ;
#4017 = DIRECTION ( 'NONE',  ( 0.000000000000000000, 1.000000000000000000, 0.000000000000000000 ) ) ;
#4018 = PRODUCT_DEFINITION ( 'æœ', '', #6969, #5013 ) ;
#4019 = CC_DESIGN_SECURITY_CLASSIFICATION ( #117, ( #5762 ) ) ;
#4020 = CARTESIAN_POINT ( 'NONE',  ( 12.93653194863401623, 3.000000000000001332, -4.804803964988718867 ) ) ;
#4021 = ORIENTED_EDGE ( 'NONE', *, *, #5890, .F. ) ;
#4022 = SECURITY_CLASSIFICATION ( '', '', #494 ) ;
#4023 = PERSON_AND_ORGANIZATION ( #3572, #663 ) ;
#4024 = ORIENTED_EDGE ( 'NONE', *, *, #4920, .T. ) ;
#4025 = CARTESIAN_POINT ( 'NONE',  ( 0.000000000000000000, 2.000000000000000000, -1.499999999999999778 ) ) ;
#4026 = FACE_OUTER_BOUND ( 'NONE', #3256, .T. ) ;
#4027 = ADVANCED_FACE ( 'NONE', ( #4528 ), #658, .F. ) ;
#4028 = CARTESIAN_POINT ( 'NONE',  ( 2.499999999999974687, 16.00000000000000000, 4.330127018922207860 ) ) ;
#4029 = DIRECTION ( 'NONE',  ( -0.000000000000000000, 1.000000000000000000, -0.000000000000000000 ) ) ;
#4030 = EDGE_CURVE ( 'NONE', #7573, #6948, #3270, .T. ) ;
#4031 = AXIS2_PLACEMENT_3D ( 'NONE', #589, #4459, #3821 ) ;
#4032 = VERTEX_POINT ( 'NONE', #5156 ) ;
#4033 = DIRECTION ( 'NONE',  ( 0.000000000000000000, 1.000000000000000000, 0.000000000000000000 ) ) ;
#4034 = ORIENTED_EDGE ( 'NONE', *, *, #5239, .F. ) ;
#4035 = CYLINDRICAL_SURFACE ( 'NONE', #5495, 2.199999999999997957 ) ;
#4036 = ORIENTED_EDGE ( 'NONE', *, *, #5174, .F. ) ;
#4037 = LINE ( 'NONE', #5298, #3122 ) ;
#4038 = ORIENTED_EDGE ( 'NONE', *, *, #3567, .T. ) ;
#4039 = CARTESIAN_POINT ( 'NONE',  ( -9.731284662494479321, 17.50000000000000000, 8.237997257677358576 ) ) ;
#4040 = DIRECTION ( 'NONE',  ( 0.8660254037844361541, 0.000000000000000000, -0.5000000000000041078 ) ) ;
#4041 = CIRCLE ( 'NONE', #1225, 1.317565283458833392 ) ;
#4042 = DIRECTION ( 'NONE',  ( 0.000000000000000000, 0.000000000000000000, -1.000000000000000000 ) ) ;
#4043 = VERTEX_POINT ( 'NONE', #5075 ) ;
#4044 = EDGE_CURVE ( 'NONE', #4866, #3307, #1270, .T. ) ;
#4045 = ORIENTED_EDGE ( 'NONE', *, *, #3959, .T. ) ;
#4046 = CARTESIAN_POINT ( 'NONE',  ( 12.90348790056398443, 16.50000000000001066, 4.749999999999879208 ) ) ;
#4047 = CARTESIAN_POINT ( 'NONE',  ( 0.000000000000000000, 16.50000000000000711, 0.000000000000000000 ) ) ;
#4048 = DIRECTION ( 'NONE',  ( 0.000000000000000000, 0.000000000000000000, 1.000000000000000000 ) ) ;
#4049 = AXIS2_PLACEMENT_3D ( 'NONE', #3485, #1461, #7824 ) ;
#4050 = VERTEX_POINT ( 'NONE', #1289 ) ;
#4051 = FACE_OUTER_BOUND ( 'NONE', #3202, .T. ) ;
#4052 = EDGE_LOOP ( 'NONE', ( #1943, #1306, #1019, #2900 ) ) ;
#4053 = AXIS2_PLACEMENT_3D ( 'NONE', #5622, #8214, #4989 ) ;
#4054 = CARTESIAN_POINT ( 'NONE',  ( 9.731284662494513071, 17.50000000000000000, 8.237997257677312390 ) ) ;
#4055 = CARTESIAN_POINT ( 'NONE',  ( 12.90348790056398443, 13.50000000000000178, 4.749999999999879208 ) ) ;
#4056 = DIRECTION ( 'NONE',  ( 0.000000000000000000, 0.000000000000000000, -1.000000000000000000 ) ) ;
#4057 = CARTESIAN_POINT ( 'NONE',  ( 0.000000000000000000, 16.00000000000000000, 0.000000000000000000 ) ) ;
#4058 = CARTESIAN_POINT ( 'NONE',  ( -10.44438976665383834, 0.000000000000000000, -5.273018338884901013 ) ) ;
#4059 = VECTOR ( 'NONE', #6661, 1000.000000000000000 ) ;
#4060 = EDGE_CURVE ( 'NONE', #3919, #7807, #6371, .T. ) ;
#4061 = AXIS2_PLACEMENT_3D ( 'NONE', #6407, #3348, #7727 ) ;
#4062 = EDGE_CURVE ( 'NONE', #5923, #2954, #1246, .T. ) ;
#4063 = CARTESIAN_POINT ( 'NONE',  ( -8.426488874308844856, 16.00000000000000000, 7.070663706551828298 ) ) ;
#4064 = ORIENTED_EDGE ( 'NONE', *, *, #7365, .F. ) ;
#4065 = PERSON_AND_ORGANIZATION ( #3572, #663 ) ;
#4066 = CIRCLE ( 'NONE', #5543, 11.75000000000000178 ) ;
#4067 = VERTEX_POINT ( 'NONE', #8212 ) ;
#4068 = CYLINDRICAL_SURFACE ( 'NONE', #2451, 11.00000000000000000 ) ;
#4069 = DIRECTION ( 'NONE',  ( 0.000000000000000000, 1.000000000000000000, 0.000000000000000000 ) ) ;
#4070 = CARTESIAN_POINT ( 'NONE',  ( 0.000000000000000000, 8.000000000000000000, 0.000000000000000000 ) ) ;
#4071 = DIRECTION ( 'NONE',  ( 5.333194492811754300E-17, -1.000000000000000000, -5.333194492811719787E-17 ) ) ;
#4072 = VECTOR ( 'NONE', #5447, 1000.000000000000114 ) ;
#4073 = ORIENTED_EDGE ( 'NONE', *, *, #2928, .F. ) ;
#4074 = EDGE_CURVE ( 'NONE', #6263, #386, #1330, .T. ) ;
#4075 = DIRECTION ( 'NONE',  ( 0.4596547580548490108, -0.7598914440859811936, 0.4596547580548479006 ) ) ;
#4076 = ORIENTED_EDGE ( 'NONE', *, *, #6772, .T. ) ;
#4077 = DIRECTION ( 'NONE',  ( -0.7071067811865402453, -0.000000000000000000, -0.7071067811865549002 ) ) ;
#4078 = EDGE_CURVE ( 'NONE', #2628, #2981, #5963, .T. ) ;
#4079 = EDGE_LOOP ( 'NONE', ( #2920, #929, #6046, #6886, #4469, #8147, #4752, #1344, #4045, #596, #7711, #7773, #1611, #8314 ) ) ;
#4080 = DIRECTION ( 'NONE',  ( 0.7071067811865475727, 0.000000000000000000, 0.7071067811865474617 ) ) ;
#4081 = EDGE_LOOP ( 'NONE', ( #6427, #2673, #8011, #7749, #1184, #43 ) ) ;
#4082 = CIRCLE ( 'NONE', #2607, 5.000000000000001776 ) ;
#4083 = DIRECTION ( 'NONE',  ( 0.8660254037844328234, 0.000000000000000000, 0.5000000000000099920 ) ) ;
#4084 = CARTESIAN_POINT ( 'NONE',  ( 5.604609863433032579, 15.50000000000000000, -1.183818151790995588 ) ) ;
#4085 = ORIENTED_EDGE ( 'NONE', *, *, #4221, .F. ) ;
#4086 = CIRCLE ( 'NONE', #3287, 2.199999999999997957 ) ;
#4087 = DIRECTION ( 'NONE',  ( -0.000000000000000000, -1.000000000000000000, -0.000000000000000000 ) ) ;
#4088 = ORIENTED_EDGE ( 'NONE', *, *, #7931, .F. ) ;
#4089 = EDGE_LOOP ( 'NONE', ( #1648, #4655, #5107, #6269, #4212, #5282 ) ) ;
#4090 = EDGE_LOOP ( 'NONE', ( #5360, #5414, #8347, #7969, #5706, #2353 ) ) ;
#4091 = DIRECTION ( 'NONE',  ( -0.7071067811865402453, -0.000000000000000000, -0.7071067811865549002 ) ) ;
#4092 = DIRECTION ( 'NONE',  ( -1.000000000000000000, 0.000000000000000000, 3.154042683594197586E-15 ) ) ;
#4093 = LINE ( 'NONE', #6021, #5052 ) ;
#4094 = AXIS2_PLACEMENT_3D ( 'NONE', #7564, #5700, #698 ) ;
#4095 = ADVANCED_FACE ( 'NONE', ( #2426 ), #5662, .F. ) ;
#4096 = ORIENTED_EDGE ( 'NONE', *, *, #99, .F. ) ;
#4097 = LINE ( 'NONE', #6702, #3443 ) ;
#4098 = ORIENTED_EDGE ( 'NONE', *, *, #6817, .F. ) ;
#4099 = DIRECTION ( 'NONE',  ( 0.000000000000000000, 1.000000000000000000, 0.000000000000000000 ) ) ;
#4100 = DIRECTION ( 'NONE',  ( -0.000000000000000000, -1.000000000000000000, 0.000000000000000000 ) ) ;
#4101 = CARTESIAN_POINT ( 'NONE',  ( -3.091507654588485199, 15.50000000000000000, -4.037083046276517706 ) ) ;
#4102 = DIRECTION ( 'NONE',  ( 0.7071067811865475727, 0.000000000000000000, -0.7071067811865475727 ) ) ;
#4103 = DIRECTION ( 'NONE',  ( 0.5000000000000009992, 0.000000000000000000, -0.8660254037844380415 ) ) ;
#4104 = VECTOR ( 'NONE', #4274, 1000.000000000000114 ) ;
#4105 = DIRECTION ( 'NONE',  ( -0.000000000000000000, -1.000000000000000000, -0.000000000000000000 ) ) ;
#4106 = ORIENTED_EDGE ( 'NONE', *, *, #4920, .F. ) ;
#4107 = DIRECTION ( 'NONE',  ( 1.000000000000000000, 0.000000000000000000, 0.000000000000000000 ) ) ;
#4108 = VERTEX_POINT ( 'NONE', #8299 ) ;
#4109 = CARTESIAN_POINT ( 'NONE',  ( -1.707539045124056853, 4.072027953785676502, 11.87792630534956118 ) ) ;
#4110 = LINE ( 'NONE', #2386, #6987 ) ;
#4111 = EDGE_CURVE ( 'NONE', #2141, #4050, #601, .T. ) ;
#4113 = EDGE_CURVE ( 'NONE', #6818, #6812, #1005, .T. ) ;
#4112 = DIRECTION ( 'NONE',  ( 0.000000000000000000, 0.000000000000000000, -1.000000000000000000 ) ) ;
#4114 = DIRECTION ( 'NONE',  ( 0.000000000000000000, 0.000000000000000000, -1.000000000000000000 ) ) ;
#4115 = VECTOR ( 'NONE', #6332, 1000.000000000000000 ) ;
#4116 = VERTEX_POINT ( 'NONE', #3851 ) ;
#4117 = DIRECTION ( 'NONE',  ( -0.000000000000000000, -1.000000000000000000, 0.000000000000000000 ) ) ;
#4118 = ORIENTED_EDGE ( 'NONE', *, *, #5556, .F. ) ;
#4119 = DIRECTION ( 'NONE',  ( -0.000000000000000000, -1.000000000000000000, -0.000000000000000000 ) ) ;
#4120 = ORIENTED_EDGE ( 'NONE', *, *, #3245, .F. ) ;
#4121 = CARTESIAN_POINT ( 'NONE',  ( -13.42946039122700874, 4.500000000000001776, 3.176412064022069881 ) ) ;
#4122 = CIRCLE ( 'NONE', #5191, 11.00000000000000000 ) ;
#4123 = VERTEX_POINT ( 'NONE', #2466 ) ;
#4124 = CARTESIAN_POINT ( 'NONE',  ( -11.87220925787384473, 3.976108037984199761, -1.747406918793382280 ) ) ;
#4125 = ADVANCED_FACE ( 'NONE', ( #4409 ), #3812, .T. ) ;
#4126 = AXIS2_PLACEMENT_3D ( 'NONE', #7, #4509, #3918 ) ;
#4127 = FACE_OUTER_BOUND ( 'NONE', #8220, .T. ) ;
#4128 = ORIENTED_EDGE ( 'NONE', *, *, #6882, .T. ) ;
#4129 = AXIS2_PLACEMENT_3D ( 'NONE', #2483, #7664, #8315 ) ;
#4130 = ORIENTED_EDGE ( 'NONE', *, *, #3177, .F. ) ;
#4131 = ORIENTED_EDGE ( 'NONE', *, *, #8256, .F. ) ;
#4132 = DIRECTION ( 'NONE',  ( 0.000000000000000000, -1.000000000000000000, 0.000000000000000000 ) ) ;
#4133 = CARTESIAN_POINT ( 'NONE',  ( -3.239844780256095458, 4.082610281056528123, 13.41432285078497877 ) ) ;
#4134 = CARTESIAN_POINT ( 'NONE',  ( 0.000000000000000000, 16.00000000000000000, 0.000000000000000000 ) ) ;
#4135 = CONICAL_SURFACE ( 'NONE', #4811, 13.75000000000000178, 0.7853981633974526089 ) ;
#4136 = EDGE_CURVE ( 'NONE', #462, #3787, #5863, .T. ) ;
#4137 = ORIENTED_EDGE ( 'NONE', *, *, #6574, .F. ) ;
#4138 = CARTESIAN_POINT ( 'NONE',  ( 0.000000000000000000, 17.50000000000000000, -5.200000000000011724 ) ) ;
#4139 = ORIENTED_EDGE ( 'NONE', *, *, #8324, .T. ) ;
#4140 = DIRECTION ( 'NONE',  ( -0.000000000000000000, -1.000000000000000000, -0.000000000000000000 ) ) ;
#4141 = CIRCLE ( 'NONE', #4677, 13.79999999999999893 ) ;
#4142 = CYLINDRICAL_SURFACE ( 'NONE', #974, 1.249999999999993339 ) ;
#4143 = CARTESIAN_POINT ( 'NONE',  ( 1.649317299085373945, 4.713313111906048292, -11.88614899282778481 ) ) ;
#4144 = PRODUCT_DEFINITION_SHAPE ( 'NONE', 'NONE',  #3969 ) ;
#4145 = LINE ( 'NONE', #6831, #819 ) ;
#4146 = CARTESIAN_POINT ( 'NONE',  ( 0.000000000000000000, -8.899999999999998579, 0.000000000000000000 ) ) ;
#4147 = AXIS2_PLACEMENT_3D ( 'NONE', #256, #3489, #799 ) ;
#4148 = CARTESIAN_POINT ( 'NONE',  ( -13.80791988002335380, 5.866954954446399029, -12.11086360517563776 ) ) ;
#4149 = ORIENTED_EDGE ( 'NONE', *, *, #3556, .F. ) ;
#4150 = EDGE_CURVE ( 'NONE', #1068, #1797, #1536, .T. ) ;
#4151 = PERSON_AND_ORGANIZATION_ROLE ( 'creator' ) ;
#4152 = EDGE_CURVE ( 'NONE', #2067, #3479, #5987, .T. ) ;
#4153 = VERTEX_POINT ( 'NONE', #1493 ) ;
#4154 = DIRECTION ( 'NONE',  ( -0.8660254037844397068, 0.000000000000000000, 0.4999999999999980016 ) ) ;
#4155 = CIRCLE ( 'NONE', #3623, 11.75000000000000178 ) ;
#4156 = DIRECTION ( 'NONE',  ( 0.9848077530122103518, 0.000000000000000000, -0.1736481776669168697 ) ) ;
#4157 = CARTESIAN_POINT ( 'NONE',  ( 0.000000000000000000, 16.00000000000000000, 0.000000000000000000 ) ) ;
#4158 = DIRECTION ( 'NONE',  ( 0.000000000000000000, -1.000000000000000000, -0.000000000000000000 ) ) ;
#4159 = DIRECTION ( 'NONE',  ( 0.3420201433256794266, 0.000000000000000000, -0.9396926207859044311 ) ) ;
#4160 = ORIENTED_EDGE ( 'NONE', *, *, #5583, .T. ) ;
#4161 = EDGE_CURVE ( 'NONE', #5972, #1361, #3423, .T. ) ;
#4162 = DIRECTION ( 'NONE',  ( 0.000000000000000000, -1.000000000000000000, -0.000000000000000000 ) ) ;
#4163 = ORIENTED_EDGE ( 'NONE', *, *, #5117, .F. ) ;
#4164 = DIRECTION ( 'NONE',  ( -0.000000000000000000, -1.000000000000000000, -0.000000000000000000 ) ) ;
#4165 = EDGE_LOOP ( 'NONE', ( #6342, #1847, #5772, #4598 ) ) ;
#4166 = DIRECTION ( 'NONE',  ( 0.000000000000000000, -1.000000000000000000, 0.000000000000000000 ) ) ;
#4167 = CARTESIAN_POINT ( 'NONE',  ( -2.314977754764769635, 16.83340189783330842, 13.21541303192476668 ) ) ;
#4168 = CIRCLE ( 'NONE', #7395, 12.00000000000000178 ) ;
#4169 = VERTEX_POINT ( 'NONE', #105 ) ;
#4170 = ADVANCED_FACE ( 'NONE', ( #148 ), #4901, .T. ) ;
#4171 = CARTESIAN_POINT ( 'NONE',  ( 0.000000000000000000, 8.000000000000000000, 0.000000000000000000 ) ) ;
#4172 = VERTEX_POINT ( 'NONE', #6579 ) ;
#4173 = EDGE_CURVE ( 'NONE', #1354, #6220, #2618, .T. ) ;
#4174 = VECTOR ( 'NONE', #6621, 1000.000000000000114 ) ;
#4175 = ORIENTED_EDGE ( 'NONE', *, *, #4864, .F. ) ;
#4176 = VERTEX_POINT ( 'NONE', #4058 ) ;
#4177 = DIRECTION ( 'NONE',  ( -0.000000000000000000, 1.000000000000000000, -0.000000000000000000 ) ) ;
#4178 = FACE_OUTER_BOUND ( 'NONE', #2018, .T. ) ;
#4179 = CARTESIAN_POINT ( 'NONE',  ( 10.83288528313428678, 16.00000000000000000, 1.910129954336236668 ) ) ;
#4180 = CIRCLE ( 'NONE', #7682, 11.75000000000000178 ) ;
#4181 = DIRECTION ( 'NONE',  ( 0.8660254037844363761, 0.000000000000000000, 0.5000000000000039968 ) ) ;
#4182 = ORIENTED_EDGE ( 'NONE', *, *, #5409, .T. ) ;
#4183 = EDGE_CURVE ( 'NONE', #2093, #682, #3019, .T. ) ;
#4184 = DIRECTION ( 'NONE',  ( -0.000000000000000000, -1.000000000000000000, -0.000000000000000000 ) ) ;
#4185 = DIRECTION ( 'NONE',  ( 0.000000000000000000, 0.000000000000000000, -1.000000000000000000 ) ) ;
#4186 = DIRECTION ( 'NONE',  ( -0.000000000000000000, -1.000000000000000000, 0.000000000000000000 ) ) ;
#4187 = AXIS2_PLACEMENT_3D ( 'NONE', #5900, #143, #2715 ) ;
#4188 = AXIS2_PLACEMENT_3D ( 'NONE', #5976, #227, #4809 ) ;
#4189 = PLANE ( 'NONE',  #7712 ) ;
#4190 = CARTESIAN_POINT ( 'NONE',  ( 0.000000000000000000, 17.50000000000000000, 0.000000000000000000 ) ) ;
#4191 = CARTESIAN_POINT ( 'NONE',  ( -11.99995723270234116, 17.50000000000000000, 4.308541100339497554 ) ) ;
#4192 = CARTESIAN_POINT ( 'NONE',  ( 5.273018338884787326, 16.00100000000000122, 10.44438976665389518 ) ) ;
#4193 = VERTEX_POINT ( 'NONE', #5237 ) ;
#4194 = CALENDAR_DATE ( 2024, 28, 12 ) ;
#4195 = ORIENTED_EDGE ( 'NONE', *, *, #67, .F. ) ;
#4196 = CARTESIAN_POINT ( 'NONE',  ( 13.07718764993898475, 3.035870599545686055, 4.412072388827049885 ) ) ;
#4197 = DIRECTION ( 'NONE',  ( 0.7071067811865482389, 0.000000000000000000, 0.7071067811865469066 ) ) ;
#4198 = AXIS2_PLACEMENT_3D ( 'NONE', #6706, #6153, #4817 ) ;
#4199 = CARTESIAN_POINT ( 'NONE',  ( 0.000000000000000000, 6.000000000000000000, 0.000000000000000000 ) ) ;
#4200 = EDGE_CURVE ( 'NONE', #2732, #2384, #5831, .T. ) ;
#4201 = ADVANCED_FACE ( 'NONE', ( #1409 ), #3975, .F. ) ;
#4202 = AXIS2_PLACEMENT_3D ( 'NONE', #2809, #6586, #7909 ) ;
#4203 = CARTESIAN_POINT ( 'NONE',  ( -6.516585068083194265, 16.00100000000000122, 3.290002895201699751 ) ) ;
#4204 = ORIENTED_EDGE ( 'NONE', *, *, #173, .T. ) ;
#4205 = CARTESIAN_POINT ( 'NONE',  ( 17.86586399182255036, 4.499999999999998224, 9.734136008177539878 ) ) ;
#4206 = ORIENTED_EDGE ( 'NONE', *, *, #1884, .T. ) ;
#4207 = CARTESIAN_POINT ( 'NONE',  ( -11.00000000000000000, 8.000000000000000000, -1.152188841818234133E-13 ) ) ;
#4208 = VERTEX_POINT ( 'NONE', #3311 ) ;
#4209 = CARTESIAN_POINT ( 'NONE',  ( -11.69879483116462815, 5.863665064087367540, 2.673679392281004041 ) ) ;
#4210 = FACE_BOUND ( 'NONE', #8307, .T. ) ;
#4211 = CIRCLE ( 'NONE', #583, 13.79999999999999893 ) ;
#4212 = ORIENTED_EDGE ( 'NONE', *, *, #4597, .F. ) ;
#4213 = DIRECTION ( 'NONE',  ( 0.7071067811865475727, 0.000000000000000000, 0.7071067811865475727 ) ) ;
#4214 = ORIENTED_EDGE ( 'NONE', *, *, #2939, .T. ) ;
#4215 = AXIS2_PLACEMENT_3D ( 'NONE', #4818, #4902, #4858 ) ;
#4216 = EDGE_LOOP ( 'NONE', ( #7002, #4887, #6313, #7124 ) ) ;
#4217 = VERTEX_POINT ( 'NONE', #4566 ) ;
#4218 = CARTESIAN_POINT ( 'NONE',  ( 0.000000000000000000, 16.00000000000000000, 0.000000000000000000 ) ) ;
#4219 = CARTESIAN_POINT ( 'NONE',  ( 0.000000000000000000, 6.000000000000000000, 0.000000000000000000 ) ) ;
#4220 = CARTESIAN_POINT ( 'NONE',  ( 1.690012582823347332E-15, 8.000000000000000000, 13.79999999999999893 ) ) ;
#4221 = EDGE_CURVE ( 'NONE', #5593, #1412, #60, .T. ) ;
#4222 = EDGE_CURVE ( 'NONE', #4511, #1591, #1138, .T. ) ;
#4223 = CIRCLE ( 'NONE', #3555, 11.69999999999999574 ) ;
#4224 = EDGE_CURVE ( 'NONE', #16, #6416, #2001, .T. ) ;
#4225 = DIRECTION ( 'NONE',  ( 0.7071067811865475727, 0.000000000000000000, -0.7071067811865475727 ) ) ;
#4226 = ORIENTED_EDGE ( 'NONE', *, *, #1916, .T. ) ;
#4227 = CARTESIAN_POINT ( 'NONE',  ( 18.92652416360246903, 4.500000000000001776, -8.673475836397532390 ) ) ;
#4228 = CARTESIAN_POINT ( 'NONE',  ( 1.777088338804358569, 13.50000000000000178, -5.445643595929342773 ) ) ;
#4229 = DIRECTION ( 'NONE',  ( 0.000000000000000000, -1.000000000000000000, 0.000000000000000000 ) ) ;
#4230 = CIRCLE ( 'NONE', #7458, 5.000000000000000000 ) ;
#4231 = LINE ( 'NONE', #992, #4072 ) ;
#4232 = DIRECTION ( 'NONE',  ( -0.000000000000000000, -1.000000000000000000, -0.000000000000000000 ) ) ;
#4233 = LINE ( 'NONE', #283, #3023 ) ;
#4234 = AXIS2_PLACEMENT_3D ( 'NONE', #4942, #7476, #4777 ) ;
#4235 = DIRECTION ( 'NONE',  ( 0.8660254037844328234, 0.000000000000000000, 0.5000000000000101030 ) ) ;
#4236 = DATE_TIME_ROLE ( 'creation_date' ) ;
#4237 = ORIENTED_EDGE ( 'NONE', *, *, #1716, .F. ) ;
#4238 = LINE ( 'NONE', #5500, #6893 ) ;
#4239 = CIRCLE ( 'NONE', #5306, 0.5999999999999983125 ) ;
#4240 = FACE_OUTER_BOUND ( 'NONE', #1510, .T. ) ;
#4241 = CARTESIAN_POINT ( 'NONE',  ( 0.000000000000000000, 0.000000000000000000, 0.000000000000000000 ) ) ;
#4242 = EDGE_CURVE ( 'NONE', #1770, #7426, #2676, .T. ) ;
#4243 = AXIS2_PLACEMENT_3D ( 'NONE', #3080, #1229, #5683 ) ;
#4244 = DIRECTION ( 'NONE',  ( 0.6325057399790080526, 0.4470715577927284468, 0.6325057399790066093 ) ) ;
#4245 = ORIENTED_EDGE ( 'NONE', *, *, #7368, .T. ) ;
#4246 = DIRECTION ( 'NONE',  ( 0.000000000000000000, -1.000000000000000000, 0.000000000000000000 ) ) ;
#4247 = EDGE_LOOP ( 'NONE', ( #8238, #7150, #8239, #389, #4925 ) ) ;
#4248 = CARTESIAN_POINT ( 'NONE',  ( 1.836970198721029688E-16, 15.49999999999999822, 1.499999999999999556 ) ) ;
#4249 = DIRECTION ( 'NONE',  ( 0.000000000000000000, -1.000000000000000000, 0.000000000000000000 ) ) ;
#4250 = CARTESIAN_POINT ( 'NONE',  ( 3.279137510637801345, 2.999999999999968026, 11.54377415899867110 ) ) ;
#4251 = VECTOR ( 'NONE', #5981, 1000.000000000000000 ) ;
#4252 = ORIENTED_EDGE ( 'NONE', *, *, #7931, .T. ) ;
#4253 = CARTESIAN_POINT ( 'NONE',  ( 9.734136008177349808, 3.000000000000000000, -17.86586399182264628 ) ) ;
#4254 = CIRCLE ( 'NONE', #2229, 11.75000000000000178 ) ;
#4255 = ORIENTED_EDGE ( 'NONE', *, *, #4661, .F. ) ;
#4256 = ORIENTED_EDGE ( 'NONE', *, *, #1812, .F. ) ;
#4257 = VECTOR ( 'NONE', #7325, 1000.000000000000000 ) ;
#4258 = EDGE_CURVE ( 'NONE', #8167, #5575, #4627, .T. ) ;
#4259 = VERTEX_POINT ( 'NONE', #4650 ) ;
#4260 = EDGE_CURVE ( 'NONE', #4866, #977, #7214, .T. ) ;
#4261 = CARTESIAN_POINT ( 'NONE',  ( 17.86586399182255036, 3.000000000000000000, 9.734136008177539878 ) ) ;
#4262 = CARTESIAN_POINT ( 'NONE',  ( -11.51359854670575267, 3.000000000000000000, -3.381870563060505042 ) ) ;
#4263 = CARTESIAN_POINT ( 'NONE',  ( 0.000000000000000000, 16.00000000000000000, 0.000000000000000000 ) ) ;
#4264 = AXIS2_PLACEMENT_3D ( 'NONE', #2858, #4075, #2692 ) ;
#4265 = CARTESIAN_POINT ( 'NONE',  ( -11.72289317254226937, 3.171495231248712798, 2.571933650635945590 ) ) ;
#4266 = ORIENTED_EDGE ( 'NONE', *, *, #4873, .F. ) ;
#4267 = CARTESIAN_POINT ( 'NONE',  ( 0.000000000000000000, 16.00000000000000000, 0.000000000000000000 ) ) ;
#4268 = CARTESIAN_POINT ( 'NONE',  ( -3.213938048432636307, 16.00000000000000000, -3.830222215594940138 ) ) ;
#4269 = EDGE_CURVE ( 'NONE', #786, #6063, #3826, .T. ) ;
#4270 = DIRECTION ( 'NONE',  ( 0.5000000000000009992, 0.000000000000000000, -0.8660254037844380415 ) ) ;
#4271 = DIRECTION ( 'NONE',  ( 1.000000000000000000, 0.000000000000000000, 1.047444401652940007E-14 ) ) ;
#4272 = CIRCLE ( 'NONE', #772, 1.317565283458833392 ) ;
#4273 = CARTESIAN_POINT ( 'NONE',  ( 0.000000000000000000, 3.000000000000000888, 0.000000000000000000 ) ) ;
#4274 = DIRECTION ( 'NONE',  ( 0.06906319355583728781, 0.000000000000000000, 0.9976122870613959304 ) ) ;
#4275 = AXIS2_PLACEMENT_3D ( 'NONE', #28, #5666, #7655 ) ;
#4276 = ORIENTED_EDGE ( 'NONE', *, *, #7446, .F. ) ;
#4277 = CYLINDRICAL_SURFACE ( 'NONE', #3470, 11.69999999999999574 ) ;
#4278 = EDGE_CURVE ( 'NONE', #4153, #2981, #2759, .T. ) ;
#4279 = COORDINATED_UNIVERSAL_TIME_OFFSET ( 8, 0, .AHEAD. ) ;
#4280 = ORIENTED_EDGE ( 'NONE', *, *, #7176, .T. ) ;
#4281 = CARTESIAN_POINT ( 'NONE',  ( 13.42626121519761462, 4.285309919537533929, 3.190008605103318295 ) ) ;
#4282 = CARTESIAN_POINT ( 'NONE',  ( 6.516585068083218246, 2.000000000000000000, -3.290002895201654454 ) ) ;
#4283 = DIRECTION ( 'NONE',  ( -0.7071067811865476838, 0.000000000000000000, -0.7071067811865474617 ) ) ;
#4284 = AXIS2_PLACEMENT_3D ( 'NONE', #1076, #287, #8082 ) ;
#4285 = DIRECTION ( 'NONE',  ( 0.000000000000000000, 1.000000000000000000, 0.000000000000000000 ) ) ;
#4286 = ORIENTED_EDGE ( 'NONE', *, *, #2647, .F. ) ;
#4287 = EDGE_CURVE ( 'NONE', #6572, #2280, #3566, .T. ) ;
#4288 = CIRCLE ( 'NONE', #6019, 12.75000000000000000 ) ;
#4289 = DIRECTION ( 'NONE',  ( 0.000000000000000000, 1.000000000000000000, 0.000000000000000000 ) ) ;
#4290 = ORIENTED_EDGE ( 'NONE', *, *, #6792, .T. ) ;
#4291 = LINE ( 'NONE', #4918, #2322 ) ;
#4292 = ORIENTED_EDGE ( 'NONE', *, *, #6403, .T. ) ;
#4293 = DIRECTION ( 'NONE',  ( 1.000000000000000000, 0.000000000000000000, -1.047444401652940007E-14 ) ) ;
#4294 = APPROVAL_PERSON_ORGANIZATION ( #2766, #8056, #3480 ) ;
#4295 = VERTEX_POINT ( 'NONE', #327 ) ;
#4296 = CYLINDRICAL_SURFACE ( 'NONE', #2247, 2.199999999999997957 ) ;
#4297 = ORIENTED_EDGE ( 'NONE', *, *, #4374, .F. ) ;
#4298 = ORIENTED_EDGE ( 'NONE', *, *, #1013, .F. ) ;
#4299 = CC_DESIGN_APPROVAL ( #7367, ( #4022 ) ) ;
#4300 = ORIENTED_EDGE ( 'NONE', *, *, #3266, .T. ) ;
#4301 = AXIS2_PLACEMENT_3D ( 'NONE', #6259, #3068, #7017 ) ;
#4302 = CARTESIAN_POINT ( 'NONE',  ( 2.338123282305729411, 13.50000000000000178, -13.54974831931353307 ) ) ;
#4303 = LINE ( 'NONE', #6465, #150 ) ;
#4304 = CARTESIAN_POINT ( 'NONE',  ( 4.698463103929540807, 16.00000000000000000, -1.710100716628346174 ) ) ;
#4305 = EDGE_CURVE ( 'NONE', #1591, #4116, #4633, .T. ) ;
#4306 = AXIS2_PLACEMENT_3D ( 'NONE', #2120, #1450, #4527 ) ;
#4307 = DIRECTION ( 'NONE',  ( -0.000000000000000000, -1.000000000000000000, -0.000000000000000000 ) ) ;
#4308 = EDGE_LOOP ( 'NONE', ( #1285, #223, #5941, #6755 ) ) ;
#4309 = CARTESIAN_POINT ( 'NONE',  ( 0.000000000000000000, 16.00000000000000000, 0.000000000000000000 ) ) ;
#4310 = CARTESIAN_POINT ( 'NONE',  ( 0.000000000000000000, 17.50000000000000000, 0.000000000000000000 ) ) ;
#4311 = CARTESIAN_POINT ( 'NONE',  ( -2.338123282305824446, 13.50000000000000178, 13.54974831931352064 ) ) ;
#4312 = CARTESIAN_POINT ( 'NONE',  ( 0.000000000000000000, 16.00000000000000000, 0.000000000000000000 ) ) ;
#4313 = DIRECTION ( 'NONE',  ( 0.000000000000000000, 1.000000000000000000, 0.000000000000000000 ) ) ;
#4314 = AXIS2_PLACEMENT_3D ( 'NONE', #1357, #135, #3965 ) ;
#4315 = ORIENTED_EDGE ( 'NONE', *, *, #7654, .T. ) ;
#4316 = AXIS2_PLACEMENT_3D ( 'NONE', #8029, #2845, #7985 ) ;
#4317 = CYLINDRICAL_SURFACE ( 'NONE', #5354, 1.499999999999999556 ) ;
#4318 = CLOSED_SHELL ( 'NONE', ( #6385, #7932, #1364, #4937, #4125, #225, #2403, #8181 ) ) ;
#4319 = CALENDAR_DATE ( 2024, 28, 12 ) ;
#4320 = ORIENTED_EDGE ( 'NONE', *, *, #2756, .T. ) ;
#4321 = PLANE ( 'NONE',  #45 ) ;
#4322 = DIRECTION ( 'NONE',  ( 0.000000000000000000, -1.000000000000000000, 0.000000000000000000 ) ) ;
#4323 = CYLINDRICAL_SURFACE ( 'NONE', #5405, 1.317565283458833170 ) ;
#4324 = CIRCLE ( 'NONE', #691, 11.00000000000000000 ) ;
#4325 = EDGE_CURVE ( 'NONE', #5667, #2743, #1074, .T. ) ;
#4326 = EDGE_CURVE ( 'NONE', #4885, #1275, #3155, .T. ) ;
#4327 = DIRECTION ( 'NONE',  ( 1.000000000000000000, 0.000000000000000000, 1.047444401652940164E-14 ) ) ;
#4328 = CARTESIAN_POINT ( 'NONE',  ( 0.000000000000000000, 16.00000000000000000, 0.000000000000000000 ) ) ;
#4329 = VERTEX_POINT ( 'NONE', #4821 ) ;
#4330 = CARTESIAN_POINT ( 'NONE',  ( -4.804803964988677123, 6.000000000000001776, -12.93653194863403399 ) ) ;
#4331 = VECTOR ( 'NONE', #8255, 1000.000000000000000 ) ;
#4332 = ORIENTED_EDGE ( 'NONE', *, *, #3519, .T. ) ;
#4333 = DIRECTION ( 'NONE',  ( 0.000000000000000000, 1.000000000000000000, 0.000000000000000000 ) ) ;
#4334 = CARTESIAN_POINT ( 'NONE',  ( 1.950462647968635554, 13.50000000000000178, -4.695865688005957495 ) ) ;
#4335 = FACE_OUTER_BOUND ( 'NONE', #975, .T. ) ;
#4336 = VECTOR ( 'NONE', #2539, 1000.000000000000000 ) ;
#4337 = EDGE_CURVE ( 'NONE', #7835, #1346, #1276, .T. ) ;
#4338 = ORIENTED_EDGE ( 'NONE', *, *, #7009, .F. ) ;
#4339 = DIRECTION ( 'NONE',  ( 0.000000000000000000, 0.000000000000000000, -1.000000000000000000 ) ) ;
#4340 = ORIENTED_EDGE ( 'NONE', *, *, #5803, .T. ) ;
#4341 = ORIENTED_EDGE ( 'NONE', *, *, #6964, .T. ) ;
#4342 = ORIENTED_EDGE ( 'NONE', *, *, #3958, .T. ) ;
#4343 = FACE_OUTER_BOUND ( 'NONE', #593, .T. ) ;
#4344 = B_SPLINE_CURVE_WITH_KNOTS ( 'NONE', 3,
 ( #219, #4167, #5345, #7924 ),
 .UNSPECIFIED., .F., .F.,
 ( 4, 4 ),
 ( 2.835790007795756414E-07, 0.001418470318416957098 ),
 .UNSPECIFIED. ) ;
#4345 = CARTESIAN_POINT ( 'NONE',  ( 4.503332099679109746, 15.50000000000000000, 2.599999999999961897 ) ) ;
#4346 = CIRCLE ( 'NONE', #2192, 2.199999999999997957 ) ;
#4347 = EDGE_CURVE ( 'NONE', #3492, #1729, #6794, .T. ) ;
#4348 = DIRECTION ( 'NONE',  ( 0.4596547580548490108, -0.7598914440859811936, 0.4596547580548479006 ) ) ;
#4349 = VERTEX_POINT ( 'NONE', #3641 ) ;
#4350 = DIRECTION ( 'NONE',  ( 0.000000000000000000, 1.000000000000000000, 0.000000000000000000 ) ) ;
#4351 = DIRECTION ( 'NONE',  ( 0.000000000000000000, 1.000000000000000000, 0.000000000000000000 ) ) ;
#4352 = CARTESIAN_POINT ( 'NONE',  ( 1.746063517759693262, 5.020982675676092022, -11.87240625633547353 ) ) ;
#4353 = EDGE_CURVE ( 'NONE', #5141, #3849, #4233, .T. ) ;
#4354 = CARTESIAN_POINT ( 'NONE',  ( -10.86542983721536615, 5.027862843882718202, -12.56248611206309285 ) ) ;
#4355 = LINE ( 'NONE', #2110, #6517 ) ;
#4356 = CIRCLE ( 'NONE', #858, 0.7999999999999882760 ) ;
#4357 = APPLICATION_CONTEXT ( 'configuration controlled 3d designs of mechanical parts and assemblies' ) ;
#4358 = ORIENTED_EDGE ( 'NONE', *, *, #8276, .T. ) ;
#4359 = AXIS2_PLACEMENT_3D ( 'NONE', #1944, #3915, #7880 ) ;
#4360 = CARTESIAN_POINT ( 'NONE',  ( 0.000000000000000000, 0.000000000000000000, 0.000000000000000000 ) ) ;
#4361 = CONTEXT_DEPENDENT_SHAPE_REPRESENTATION ( #6175, #7445 ) ;
#4362 = ORIENTED_EDGE ( 'NONE', *, *, #4755, .T. ) ;
#4363 = CARTESIAN_POINT ( 'NONE',  ( 13.00866269416813559, 5.990793779393236207, 4.607089630164757921 ) ) ;
#4364 = CARTESIAN_POINT ( 'NONE',  ( 0.000000000000000000, 2.000000000000000000, 0.000000000000000000 ) ) ;
#4365 = CARTESIAN_POINT ( 'NONE',  ( 0.000000000000000000, 16.00000000000000000, 0.000000000000000000 ) ) ;
#4366 = AXIS2_PLACEMENT_3D ( 'NONE', #2177, #4746, #5377 ) ;
#4367 = LINE ( 'NONE', #3142, #4331 ) ;
#4368 = AXIS2_PLACEMENT_3D ( 'NONE', #7174, #7776, #4735 ) ;
#4369 = CARTESIAN_POINT ( 'NONE',  ( -9.034744585100801473, 4.435569463351222375, -10.73180085994851218 ) ) ;
#4370 = CARTESIAN_POINT ( 'NONE',  ( 1.710100716628329964, 8.000000000000000000, 4.698463103929547025 ) ) ;
#4371 = EDGE_LOOP ( 'NONE', ( #507, #2870, #5434, #331 ) ) ;
#4372 = CARTESIAN_POINT ( 'NONE',  ( -3.827521524628621830, 17.50000000000000000, -4.261825444138377605 ) ) ;
#4373 = ORIENTED_EDGE ( 'NONE', *, *, #335, .T. ) ;
#4374 = EDGE_CURVE ( 'NONE', #2402, #7045, #5574, .T. ) ;
#4375 = CARTESIAN_POINT ( 'NONE',  ( -9.441815464394363033, 4.435569463351222375, -7.744759189546645217 ) ) ;
#4376 = EDGE_CURVE ( 'NONE', #4169, #2052, #6156, .T. ) ;
#4377 = CARTESIAN_POINT ( 'NONE',  ( -10.44438976665384011, 16.00100000000000122, 5.273018338884896572 ) ) ;
#4378 = DIRECTION ( 'NONE',  ( -0.8660254037844328234, 0.000000000000000000, 0.5000000000000102141 ) ) ;
#4379 = ADVANCED_FACE ( 'NONE', ( #412 ), #7734, .T. ) ;
#4380 = AXIS2_PLACEMENT_3D ( 'NONE', #3548, #5521, #2325 ) ;
#4381 = ORIENTED_EDGE ( 'NONE', *, *, #191, .F. ) ;
#4382 = LINE ( 'NONE', #5132, #3054 ) ;
#4383 = EDGE_LOOP ( 'NONE', ( #7057, #4541, #4467, #1483 ) ) ;
#4384 = ORIENTED_EDGE ( 'NONE', *, *, #4222, .F. ) ;
#4385 = AXIS2_PLACEMENT_3D ( 'NONE', #4304, #6228, #4971 ) ;
#4386 = EDGE_CURVE ( 'NONE', #8167, #1412, #994, .T. ) ;
#4387 = ORIENTED_EDGE ( 'NONE', *, *, #4242, .T. ) ;
#4388 = FACE_OUTER_BOUND ( 'NONE', #725, .T. ) ;
#4389 = DIRECTION ( 'NONE',  ( 1.000000000000000000, 9.427844978134821433E-17, 8.881784197001252323E-16 ) ) ;
#4390 = DIRECTION ( 'NONE',  ( 1.000000000000000000, 0.000000000000000000, 1.047444401652940164E-14 ) ) ;
#4391 = ORIENTED_EDGE ( 'NONE', *, *, #3852, .T. ) ;
#4392 = VECTOR ( 'NONE', #1293, 1000.000000000000000 ) ;
#4393 = ORIENTED_EDGE ( 'NONE', *, *, #6974, .T. ) ;
#4394 = AXIS2_PLACEMENT_3D ( 'NONE', #3230, #1885, #660 ) ;
#4395 = FACE_OUTER_BOUND ( 'NONE', #21, .T. ) ;
#4396 = DIRECTION ( 'NONE',  ( 0.000000000000000000, 0.000000000000000000, 1.000000000000000000 ) ) ;
#4397 = AXIS2_PLACEMENT_3D ( 'NONE', #7578, #2356, #6339 ) ;
#4398 = LINE ( 'NONE', #2377, #5523 ) ;
#4399 = CARTESIAN_POINT ( 'NONE',  ( -9.441815464394363033, 4.435569463351222375, -7.744759189546645217 ) ) ;
#4400 = EDGE_CURVE ( 'NONE', #5719, #5814, #2378, .T. ) ;
#4401 = VECTOR ( 'NONE', #4759, 1000.000000000000000 ) ;
#4402 = ORIENTED_EDGE ( 'NONE', *, *, #4150, .F. ) ;
#4403 = LINE ( 'NONE', #5655, #7094 ) ;
#4404 = CIRCLE ( 'NONE', #4129, 11.00000000000000000 ) ;
#4405 = APPROVAL_ROLE ( '' ) ;
#4406 = ORIENTED_EDGE ( 'NONE', *, *, #1526, .T. ) ;
#4407 = CARTESIAN_POINT ( 'NONE',  ( -13.42640750364510360, 4.711100643526928700, 3.189391552733918278 ) ) ;
#4408 = FACE_OUTER_BOUND ( 'NONE', #914, .T. ) ;
#4409 = FACE_OUTER_BOUND ( 'NONE', #2267, .T. ) ;
#4410 = CARTESIAN_POINT ( 'NONE',  ( -9.866079533106290711, 4.435569463351222375, -7.320495120834717540 ) ) ;
#4411 = CIRCLE ( 'NONE', #7639, 5.000000000000000000 ) ;
#4412 = DIRECTION ( 'NONE',  ( -0.8660254037844432595, 0.000000000000000000, -0.4999999999999920064 ) ) ;
#4413 = EDGE_CURVE ( 'NONE', #5615, #3417, #4904, .T. ) ;
#4414 = ADVANCED_FACE ( 'NONE', ( #2887 ), #5177, .T. ) ;
#4415 = CARTESIAN_POINT ( 'NONE',  ( 11.88808833175173163, 4.500000000000001776, -1.635040004546794545 ) ) ;
#4416 = VERTEX_POINT ( 'NONE', #5573 ) ;
#4417 = ORIENTED_EDGE ( 'NONE', *, *, #6957, .F. ) ;
#4418 = CARTESIAN_POINT ( 'NONE',  ( -13.10776931489137276, 5.928903179917756283, -4.316961768045866954 ) ) ;
#4419 = AXIS2_PLACEMENT_3D ( 'NONE', #1404, #5232, #692 ) ;
#4420 = FACE_OUTER_BOUND ( 'NONE', #695, .T. ) ;
#4421 = CARTESIAN_POINT ( 'NONE',  ( -12.90348790056395067, 13.50000000000000178, -4.749999999999969802 ) ) ;
#4422 = EDGE_CURVE ( 'NONE', #6122, #82, #8163, .T. ) ;
#4423 = CIRCLE ( 'NONE', #790, 2.199999999999997957 ) ;
#4424 = ORIENTED_EDGE ( 'NONE', *, *, #964, .F. ) ;
#4425 = CARTESIAN_POINT ( 'NONE',  ( -10.33661882864493542, 8.000000000000000000, -3.762221576582507776 ) ) ;
#4426 = ORIENTED_EDGE ( 'NONE', *, *, #3384, .T. ) ;
#4427 = CARTESIAN_POINT ( 'NONE',  ( -2.967468940649685916, 5.964262174106207404, -11.62907287544344648 ) ) ;
#4428 = ORIENTED_EDGE ( 'NONE', *, *, #1218, .T. ) ;
#4429 = ORIENTED_EDGE ( 'NONE', *, *, #1395, .F. ) ;
#4430 = DIRECTION ( 'NONE',  ( -0.1736481776669272226, 0.000000000000000000, -0.9848077530122086864 ) ) ;
#4431 = LOCAL_TIME ( 11, 36, 54.00000000000000000, #2086 ) ;
#4432 = FACE_OUTER_BOUND ( 'NONE', #3339, .T. ) ;
#4433 = ADVANCED_FACE ( 'NONE', ( #6871 ), #6030, .T. ) ;
#4434 = EDGE_CURVE ( 'NONE', #2774, #397, #1953, .T. ) ;
#4435 = DIRECTION ( 'NONE',  ( 0.000000000000000000, -1.000000000000000000, 0.000000000000000000 ) ) ;
#4436 = ORIENTED_EDGE ( 'NONE', *, *, #4625, .F. ) ;
#4437 = VERTEX_POINT ( 'NONE', #4191 ) ;
#4438 = DIRECTION ( 'NONE',  ( 0.7071067811865474617, -0.000000000000000000, -0.7071067811865476838 ) ) ;
#4439 = CARTESIAN_POINT ( 'NONE',  ( -10.54303520136807215, 5.417892839593012155, -12.24009147621578286 ) ) ;
#4440 = DIRECTION ( 'NONE',  ( 0.000000000000000000, -0.000000000000000000, 1.000000000000000000 ) ) ;
#4441 = CARTESIAN_POINT ( 'NONE',  ( 9.797174393178716449E-17, 17.50000000000000000, -6.799999999999988276 ) ) ;
#4442 = EDGE_CURVE ( 'NONE', #2840, #5081, #4239, .T. ) ;
#4443 = ORIENTED_EDGE ( 'NONE', *, *, #1420, .T. ) ;
#4444 = EDGE_CURVE ( 'NONE', #979, #4067, #4911, .T. ) ;
#4445 = DIRECTION ( 'NONE',  ( -0.8660254037844363761, 0.000000000000000000, -0.5000000000000039968 ) ) ;
#4446 = CONICAL_SURFACE ( 'NONE', #1086, 12.80000000000000426, 0.7853981633974421728 ) ;
#4447 = VERTEX_POINT ( 'NONE', #7681 ) ;
#4448 = CARTESIAN_POINT ( 'NONE',  ( -1.910129954336199143, 16.00000000000000000, 10.83288528313429389 ) ) ;
#4449 = DIRECTION ( 'NONE',  ( 0.000000000000000000, 0.000000000000000000, 1.000000000000000000 ) ) ;
#4450 = CARTESIAN_POINT ( 'NONE',  ( 0.000000000000000000, 0.000000000000000000, 0.000000000000000000 ) ) ;
#4451 = LINE ( 'NONE', #2427, #5664 ) ;
#4452 = AXIS2_PLACEMENT_3D ( 'NONE', #5730, #4481, #6870 ) ;
#4453 = DIRECTION ( 'NONE',  ( -0.06906319355583728781, -0.000000000000000000, -0.9976122870613959304 ) ) ;
#4454 = DIRECTION ( 'NONE',  ( 0.7071067811865475727, 0.000000000000000000, 0.7071067811865475727 ) ) ;
#4455 = VERTEX_POINT ( 'NONE', #5105 ) ;
#4456 = DIRECTION ( 'NONE',  ( 0.000000000000000000, 0.000000000000000000, 1.000000000000000000 ) ) ;
#4457 = ORIENTED_EDGE ( 'NONE', *, *, #1065, .T. ) ;
#4458 = DIRECTION ( 'NONE',  ( 0.000000000000000000, 1.000000000000000000, 0.000000000000000000 ) ) ;
#4459 = DIRECTION ( 'NONE',  ( 0.000000000000000000, -1.000000000000000000, 0.000000000000000000 ) ) ;
#4460 = DIRECTION ( 'NONE',  ( 0.000000000000000000, -1.000000000000000000, 0.000000000000000000 ) ) ;
#4461 = EDGE_CURVE ( 'NONE', #918, #1282, #5974, .T. ) ;
#4462 = EDGE_CURVE ( 'NONE', #6978, #2516, #2493, .T. ) ;
#4463 = CARTESIAN_POINT ( 'NONE',  ( -11.06916870294462285, 5.807922835303304332, -11.06916870294463173 ) ) ;
#4464 = ORIENTED_EDGE ( 'NONE', *, *, #6355, .F. ) ;
#4465 = CIRCLE ( 'NONE', #5261, 2.199999999999997957 ) ;
#4466 = CARTESIAN_POINT ( 'NONE',  ( 11.51359854670576333, 6.000000000000000888, -3.381870563060468626 ) ) ;
#4467 = ORIENTED_EDGE ( 'NONE', *, *, #2788, .F. ) ;
#4468 = CARTESIAN_POINT ( 'NONE',  ( -1.695746995066184537, 4.930920583386165568, -11.88004633245060049 ) ) ;
#4469 = ORIENTED_EDGE ( 'NONE', *, *, #856, .T. ) ;
#4470 = ORIENTED_EDGE ( 'NONE', *, *, #7943, .F. ) ;
#4471 = FACE_BOUND ( 'NONE', #7076, .T. ) ;
#4472 = LINE ( 'NONE', #2446, #6522 ) ;
#4473 = CIRCLE ( 'NONE', #4198, 5.000000000000000000 ) ;
#4474 = DIRECTION ( 'NONE',  ( -7.999791739217630834E-17, 1.000000000000000000, 7.999791739217577832E-17 ) ) ;
#4475 = EDGE_LOOP ( 'NONE', ( #1212, #102, #2418, #6819 ) ) ;
#4476 = AXIS2_PLACEMENT_3D ( 'NONE', #2224, #6173, #4797 ) ;
#4477 = VERTEX_POINT ( 'NONE', #5770 ) ;
#4478 = ADVANCED_FACE ( 'NONE', ( #1831 ), #2585, .F. ) ;
#4479 = DIRECTION ( 'NONE',  ( 0.000000000000000000, -1.000000000000000000, -0.000000000000000000 ) ) ;
#4480 = ADVANCED_FACE ( 'NONE', ( #5652 ), #8244, .F. ) ;
#4481 = DIRECTION ( 'NONE',  ( 0.000000000000000000, 1.000000000000000000, 0.000000000000000000 ) ) ;
#4482 = CARTESIAN_POINT ( 'NONE',  ( -2.291827887858832291, 17.16674065569375429, -12.88101506275774177 ) ) ;
#4483 = AXIS2_PLACEMENT_3D ( 'NONE', #3973, #2801, #3308 ) ;
#4484 = ORIENTED_EDGE ( 'NONE', *, *, #1908, .T. ) ;
#4485 = DIRECTION ( 'NONE',  ( -0.000000000000000000, -1.000000000000000000, -0.000000000000000000 ) ) ;
#4486 = APPROVAL_STATUS ( 'not_yet_approved' ) ;
#4487 = AXIS2_PLACEMENT_3D ( 'NONE', #2246, #1072, #3639 ) ;
#4488 = VERTEX_POINT ( 'NONE', #2457 ) ;
#4489 = DIRECTION ( 'NONE',  ( 0.000000000000000000, -1.000000000000000000, 0.000000000000000000 ) ) ;
#4490 = DIRECTION ( 'NONE',  ( 0.000000000000000000, 0.000000000000000000, 1.000000000000000000 ) ) ;
#4491 = DIRECTION ( 'NONE',  ( 0.7071067811865452413, -0.000000000000000000, 0.7071067811865499042 ) ) ;
#4492 = CIRCLE ( 'NONE', #5563, 2.199999999999997957 ) ;
#4493 = CARTESIAN_POINT ( 'NONE',  ( 0.000000000000000000, 13.50000000000000178, 0.000000000000000000 ) ) ;
#4494 = CARTESIAN_POINT ( 'NONE',  ( -9.734136008177292965, 4.500000000000001776, -17.86586399182268181 ) ) ;
#4495 = ORIENTED_EDGE ( 'NONE', *, *, #3161, .T. ) ;
#4496 = EDGE_LOOP ( 'NONE', ( #518, #2223, #556, #4813 ) ) ;
#4497 = DIRECTION ( 'NONE',  ( 0.9396926207859082059, 0.000000000000000000, -0.3420201433256696011 ) ) ;
#4498 = DIRECTION ( 'NONE',  ( -0.8660254037844398178, 0.000000000000000000, -0.4999999999999980016 ) ) ;
#4499 = CARTESIAN_POINT ( 'NONE',  ( 0.000000000000000000, 8.000000000000000000, 0.000000000000000000 ) ) ;
#4500 = DIRECTION ( 'NONE',  ( 0.9396926207859034319, 0.000000000000000000, 0.3420201433256826462 ) ) ;
#4501 = EDGE_LOOP ( 'NONE', ( #716, #2107, #7971, #267, #4076, #1476 ) ) ;
#4502 = DIRECTION ( 'NONE',  ( 0.000000000000000000, 1.000000000000000000, 0.000000000000000000 ) ) ;
#4503 = VERTEX_POINT ( 'NONE', #3802 ) ;
#4504 = CARTESIAN_POINT ( 'NONE',  ( 2.199155242852715908, 15.50000000000000000, 11.54236614467906463 ) ) ;
#4505 = ORIENTED_EDGE ( 'NONE', *, *, #917, .T. ) ;
#4506 = ORIENTED_EDGE ( 'NONE', *, *, #2662, .F. ) ;
#4507 = PLANE ( 'NONE',  #2204 ) ;
#4508 = DIRECTION ( 'NONE',  ( 0.7071067811865475727, 0.000000000000000000, 0.7071067811865475727 ) ) ;
#4509 = DIRECTION ( 'NONE',  ( 0.000000000000000000, 1.000000000000000000, 0.000000000000000000 ) ) ;
#4510 = AXIS2_PLACEMENT_3D ( 'NONE', #7975, #5562, #1608 ) ;
#4511 = VERTEX_POINT ( 'NONE', #6994 ) ;
#4512 = EDGE_CURVE ( 'NONE', #6142, #6108, #531, .T. ) ;
#4513 = ADVANCED_FACE ( 'NONE', ( #1952 ), #8288, .T. ) ;
#4514 = VERTEX_POINT ( 'NONE', #4517 ) ;
#4515 = DIRECTION ( 'NONE',  ( 0.000000000000000000, 1.000000000000000000, 0.000000000000000000 ) ) ;
#4516 = DIRECTION ( 'NONE',  ( 0.000000000000000000, -1.000000000000000000, 0.000000000000000000 ) ) ;
#4517 = CARTESIAN_POINT ( 'NONE',  ( -3.213938048432717132, 8.000000000000000000, 3.830222215594873081 ) ) ;
#4518 = AXIS2_PLACEMENT_3D ( 'NONE', #987, #3510, #6106 ) ;
#4519 = EDGE_CURVE ( 'NONE', #4329, #3804, #1915, .T. ) ;
#4520 = ORIENTED_EDGE ( 'NONE', *, *, #4625, .T. ) ;
#4521 = CARTESIAN_POINT ( 'NONE',  ( 0.000000000000000000, 0.000000000000000000, 0.000000000000000000 ) ) ;
#4522 = CIRCLE ( 'NONE', #230, 13.75000000000000178 ) ;
#4523 = DIRECTION ( 'NONE',  ( -0.7071067811865475727, 0.000000000000000000, -0.7071067811865475727 ) ) ;
#4524 = SECURITY_CLASSIFICATION_LEVEL ( 'unclassified' ) ;
#4525 = ORIENTED_EDGE ( 'NONE', *, *, #7042, .T. ) ;
#4526 = CARTESIAN_POINT ( 'NONE',  ( 11.76178592546979296, 3.270191807089483760, 2.385293570413199671 ) ) ;
#4527 = DIRECTION ( 'NONE',  ( 0.8294259869447440092, 0.000000000000000000, 0.5586166236165349686 ) ) ;
#4528 = FACE_OUTER_BOUND ( 'NONE', #7284, .T. ) ;
#4529 = EDGE_CURVE ( 'NONE', #2547, #2054, #2123, .T. ) ;
#4531 = DIRECTION ( 'NONE',  ( 0.000000000000000000, 1.000000000000000000, 0.000000000000000000 ) ) ;
#4530 = CIRCLE ( 'NONE', #5475, 0.7999999999999883871 ) ;
#4532 = DIRECTION ( 'NONE',  ( 0.000000000000000000, -1.000000000000000000, 0.000000000000000000 ) ) ;
#4533 = VERTEX_POINT ( 'NONE', #3762 ) ;
#4534 = CARTESIAN_POINT ( 'NONE',  ( 0.000000000000000000, 0.000000000000000000, 0.000000000000000000 ) ) ;
#4535 = VERTEX_POINT ( 'NONE', #3681 ) ;
#4536 = DIRECTION ( 'NONE',  ( 0.7071067811865482389, 0.000000000000000000, -0.7071067811865467956 ) ) ;
#4537 = CARTESIAN_POINT ( 'NONE',  ( -2.199155242852662617, 15.50000000000000000, 11.54236614467907529 ) ) ;
#4538 = FACE_OUTER_BOUND ( 'NONE', #1624, .T. ) ;
#4539 = CIRCLE ( 'NONE', #2117, 12.00000000000000178 ) ;
#4540 = FACE_OUTER_BOUND ( 'NONE', #5163, .T. ) ;
#4541 = ORIENTED_EDGE ( 'NONE', *, *, #5117, .T. ) ;
#4542 = CARTESIAN_POINT ( 'NONE',  ( -8.480487417368529179, 16.00100000000000122, -4.281510617043308820 ) ) ;
#4543 = ORIENTED_EDGE ( 'NONE', *, *, #8125, .T. ) ;
#4544 = AXIS2_PLACEMENT_3D ( 'NONE', #7645, #1955, #6875 ) ;
#4545 = CARTESIAN_POINT ( 'NONE',  ( 0.8682408883346373063, 16.00000000000000000, 4.924038765061042433 ) ) ;
#4546 = EDGE_LOOP ( 'NONE', ( #152, #5211, #3961, #4737 ) ) ;
#4547 = ORIENTED_EDGE ( 'NONE', *, *, #7055, .F. ) ;
#4548 = LINE ( 'NONE', #7796, #3549 ) ;
#4549 = DIRECTION ( 'NONE',  ( 0.4999999999999888423, 0.000000000000000000, 0.8660254037844450359 ) ) ;
#4550 = AXIS2_PLACEMENT_3D ( 'NONE', #2096, #6554, #4665 ) ;
#4551 = CYLINDRICAL_SURFACE ( 'NONE', #2784, 1.499999999999999778 ) ;
#4552 = ORIENTED_EDGE ( 'NONE', *, *, #3836, .T. ) ;
#4553 = VERTEX_POINT ( 'NONE', #8204 ) ;
#4554 = APPROVAL_PERSON_ORGANIZATION ( #7393, #2012, #1041 ) ;
#4555 = DIRECTION ( 'NONE',  ( 0.7071067811865475727, 0.000000000000000000, 0.7071067811865475727 ) ) ;
#4556 = CARTESIAN_POINT ( 'NONE',  ( 3.190008605103180184, 4.285309919537536594, -13.42626121519764659 ) ) ;
#4557 = DIRECTION ( 'NONE',  ( 0.000000000000000000, 0.000000000000000000, 1.000000000000000000 ) ) ;
#4558 = ADVANCED_FACE ( 'NONE', ( #3723 ), #6237, .T. ) ;
#4559 = ORGANIZATION ( 'NAUO-ORG2', 'UNSPECIFIED', 'UNSPECIFIED' ) ;
#4560 = ORIENTED_EDGE ( 'NONE', *, *, #7216, .T. ) ;
#4561 = PLANE ( 'NONE',  #4419 ) ;
#4562 = CYLINDRICAL_SURFACE ( 'NONE', #6979, 0.7999999999999936051 ) ;
#4563 = EDGE_LOOP ( 'NONE', ( #3683, #7843, #850, #5343, #7948, #1936, #1333 ) ) ;
#4564 = CARTESIAN_POINT ( 'NONE',  ( 0.000000000000000000, 16.00000000000000000, 0.000000000000000000 ) ) ;
#4565 = PLANE ( 'NONE',  #4306 ) ;
#4566 = CARTESIAN_POINT ( 'NONE',  ( 9.526279441628837219, 8.000000000000000000, -5.499999999999977796 ) ) ;
#4567 = VECTOR ( 'NONE', #7700, 1000.000000000000227 ) ;
#4568 = CIRCLE ( 'NONE', #2294, 0.1000000000000000472 ) ;
#4569 = DIRECTION ( 'NONE',  ( 0.000000000000000000, 1.000000000000000000, 0.000000000000000000 ) ) ;
#4570 = VERTEX_POINT ( 'NONE', #7641 ) ;
#4571 = VERTEX_POINT ( 'NONE', #4441 ) ;
#4572 = DIRECTION ( 'NONE',  ( -0.8660254037844432595, 0.000000000000000000, 0.4999999999999920064 ) ) ;
#4573 = ADVANCED_FACE ( 'NONE', ( #3050 ), #1872, .T. ) ;
#4575 = EDGE_CURVE ( 'NONE', #6390, #231, #3175, .T. ) ;
#4574 = CARTESIAN_POINT ( 'NONE',  ( -9.731284662494479321, 17.50000000000000000, 8.237997257677358576 ) ) ;
#4576 = CARTESIAN_POINT ( 'NONE',  ( 0.000000000000000000, 16.00000000000000000, 0.000000000000000000 ) ) ;
#4577 = AXIS2_PLACEMENT_3D ( 'NONE', #2028, #7164, #1398 ) ;
#4578 = VERTEX_POINT ( 'NONE', #7555 ) ;
#4579 = CARTESIAN_POINT ( 'NONE',  ( -3.290002895201621591, 0.000000000000000000, 6.516585068083203147 ) ) ;
#4580 = ORIENTED_EDGE ( 'NONE', *, *, #1802, .F. ) ;
#4581 = CARTESIAN_POINT ( 'NONE',  ( -1.851703639773133681, 5.211737141051898448, -11.85638892384874588 ) ) ;
#4582 = AXIS2_PLACEMENT_3D ( 'NONE', #4499, #7102, #5832 ) ;
#4583 = ORIENTED_EDGE ( 'NONE', *, *, #1718, .T. ) ;
#4584 = CARTESIAN_POINT ( 'NONE',  ( 1.836970198721030181E-16, -8.899999999999998579, -1.500000000000000222 ) ) ;
#4585 = ORIENTED_EDGE ( 'NONE', *, *, #6742, .F. ) ;
#4586 = LINE ( 'NONE', #2700, #1940 ) ;
#4587 = DIRECTION ( 'NONE',  ( 0.000000000000000000, 1.000000000000000000, 0.000000000000000000 ) ) ;
#4588 = PRODUCT_RELATED_PRODUCT_CATEGORY ( 'detail', '', ( #6410 ) ) ;
#4589 = VECTOR ( 'NONE', #2344, 1000.000000000000000 ) ;
#4590 = LINE ( 'NONE', #7716, #8173 ) ;
#4591 = ORIENTED_EDGE ( 'NONE', *, *, #7353, .T. ) ;
#4592 = VERTEX_POINT ( 'NONE', #1789 ) ;
#4593 = CIRCLE ( 'NONE', #5668, 1.249999999999993339 ) ;
#4594 = CARTESIAN_POINT ( 'NONE',  ( 1.710100716628329964, 16.00000000000000000, 4.698463103929547025 ) ) ;
#4595 = DIRECTION ( 'NONE',  ( 0.000000000000000000, 1.000000000000000000, 0.000000000000000000 ) ) ;
#4596 = DIRECTION ( 'NONE',  ( 0.000000000000000000, -1.000000000000000000, 0.000000000000000000 ) ) ;
#4597 = EDGE_CURVE ( 'NONE', #6302, #4477, #4355, .T. ) ;
#4598 = ORIENTED_EDGE ( 'NONE', *, *, #5043, .T. ) ;
#4599 = VECTOR ( 'NONE', #2946, 1000.000000000000000 ) ;
#4600 = ORIENTED_EDGE ( 'NONE', *, *, #3837, .T. ) ;
#4601 = FACE_OUTER_BOUND ( 'NONE', #3859, .T. ) ;
#4602 = EDGE_CURVE ( 'NONE', #8232, #1729, #3165, .T. ) ;
#4603 = DIRECTION ( 'NONE',  ( 0.7071067811865475727, 0.000000000000000000, -0.7071067811865475727 ) ) ;
#4604 = ADVANCED_FACE ( 'NONE', ( #2748 ), #3381, .T. ) ;
#4605 = CYLINDRICAL_SURFACE ( 'NONE', #4883, 0.7999999999999937161 ) ;
#4606 = DIRECTION ( 'NONE',  ( -0.000000000000000000, 1.000000000000000000, 0.000000000000000000 ) ) ;
#4607 = CARTESIAN_POINT ( 'NONE',  ( -3.091507654588460774, 17.50000000000000000, 5.354648329735367085 ) ) ;
#4608 = CIRCLE ( 'NONE', #4483, 0.5999999999999983125 ) ;
#4609 = CIRCLE ( 'NONE', #995, 1.317565283458833392 ) ;
#4610 = CARTESIAN_POINT ( 'NONE',  ( 13.42946039122700697, 4.500000000000001776, -3.176412064022069437 ) ) ;
#4611 = ORIENTED_EDGE ( 'NONE', *, *, #2605, .T. ) ;
#4612 = EDGE_CURVE ( 'NONE', #8003, #662, #5842, .T. ) ;
#4613 = PERSON_AND_ORGANIZATION_ROLE ( 'design_owner' ) ;
#4614 = EDGE_CURVE ( 'NONE', #5215, #7689, #6610, .T. ) ;
#4615 = VERTEX_POINT ( 'NONE', #6568 ) ;
#4616 = CARTESIAN_POINT ( 'NONE',  ( -10.33661882864501358, 8.000000000000000000, 3.762221576582292837 ) ) ;
#4617 = LINE ( 'NONE', #6631, #4968 ) ;
#4618 = CARTESIAN_POINT ( 'NONE',  ( -11.09555992249988776, 15.50000000000000000, -3.866658765163317302 ) ) ;
#4619 = DIRECTION ( 'NONE',  ( 0.000000000000000000, 1.000000000000000000, 0.000000000000000000 ) ) ;
#4620 = AXIS2_PLACEMENT_3D ( 'NONE', #7289, #398, #6103 ) ;
#4621 = ORIENTED_EDGE ( 'NONE', *, *, #6100, .T. ) ;
#4622 = CARTESIAN_POINT ( 'NONE',  ( -12.37865191399589193, 4.223722372889497478, -12.37865191399588483 ) ) ;
#4623 = AXIS2_PLACEMENT_3D ( 'NONE', #7311, #4702, #4114 ) ;
#4624 = ORIENTED_EDGE ( 'NONE', *, *, #4519, .T. ) ;
#4625 = EDGE_CURVE ( 'NONE', #2341, #2487, #2938, .T. ) ;
#4626 = FACE_OUTER_BOUND ( 'NONE', #6591, .T. ) ;
#4627 = CIRCLE ( 'NONE', #6107, 0.5999999999999977573 ) ;
#4628 = VERTEX_POINT ( 'NONE', #3925 ) ;
#4629 = CARTESIAN_POINT ( 'NONE',  ( -13.08328538147004672, 2.999999999999999556, 4.409682647597060523 ) ) ;
#4630 = ORIENTED_EDGE ( 'NONE', *, *, #3090, .F. ) ;
#4631 = DIRECTION ( 'NONE',  ( -0.7660444431189837866, 0.000000000000000000, 0.6427876096865324795 ) ) ;
#4632 = CARTESIAN_POINT ( 'NONE',  ( 3.830222215594906832, 16.00000000000000000, -3.213938048432676720 ) ) ;
#4633 = CIRCLE ( 'NONE', #1008, 1.317565283458833614 ) ;
#4634 = DIRECTION ( 'NONE',  ( -0.000000000000000000, 1.000000000000000000, -0.000000000000000000 ) ) ;
#4635 = ORIENTED_EDGE ( 'NONE', *, *, #1084, .F. ) ;
#4636 = EDGE_CURVE ( 'NONE', #4329, #1861, #5230, .T. ) ;
#4637 = EDGE_LOOP ( 'NONE', ( #4506, #1028, #7371, #3784 ) ) ;
#4638 = CARTESIAN_POINT ( 'NONE',  ( 0.000000000000000000, 2.000000000000000000, 0.000000000000000000 ) ) ;
#4639 = CARTESIAN_POINT ( 'NONE',  ( -11.91769684036847998, 5.807922835303304332, -10.22064056552077638 ) ) ;
#4640 = CARTESIAN_POINT ( 'NONE',  ( -4.038640919069147905, 3.183589386719517744, -13.19612337753715003 ) ) ;
#4641 = VERTEX_POINT ( 'NONE', #3342 ) ;
#4642 = VERTEX_POINT ( 'NONE', #3422 ) ;
#4643 = EDGE_CURVE ( 'NONE', #4455, #6572, #7605, .T. ) ;
#4644 = DIRECTION ( 'NONE',  ( 0.000000000000000000, 1.000000000000000000, 0.000000000000000000 ) ) ;
#4645 = CARTESIAN_POINT ( 'NONE',  ( -3.762221576582256422, 16.00000000000000000, -10.33661882864502601 ) ) ;
#4646 = EDGE_CURVE ( 'NONE', #4108, #1505, #228, .T. ) ;
#4647 = FACE_OUTER_BOUND ( 'NONE', #1180, .T. ) ;
#4648 = VECTOR ( 'NONE', #5643, 1000.000000000000000 ) ;
#4649 = DIRECTION ( 'NONE',  ( 1.000000000000000000, -0.000000000000000000, 1.224646799147353207E-16 ) ) ;
#4650 = CARTESIAN_POINT ( 'NONE',  ( 7.070663706551914451, 16.00000000000000000, -8.426488874308772026 ) ) ;
#4651 = CARTESIAN_POINT ( 'NONE',  ( 0.000000000000000000, -8.999999999999998224, 0.000000000000000000 ) ) ;
#4652 = VERTEX_POINT ( 'NONE', #7930 ) ;
#4653 = VECTOR ( 'NONE', #1147, 1000.000000000000000 ) ;
#4654 = CALENDAR_DATE ( 2024, 28, 12 ) ;
#4655 = ORIENTED_EDGE ( 'NONE', *, *, #7432, .F. ) ;
#4656 = LINE ( 'NONE', #2684, #7157 ) ;
#4657 = CARTESIAN_POINT ( 'NONE',  ( 0.000000000000000000, 6.000000000000000888, 0.000000000000000000 ) ) ;
#4658 = CYLINDRICAL_SURFACE ( 'NONE', #7685, 5.000000000000000000 ) ;
#4659 = DIRECTION ( 'NONE',  ( 0.000000000000000000, 1.000000000000000000, 0.000000000000000000 ) ) ;
#4660 = AXIS2_PLACEMENT_3D ( 'NONE', #1656, #6864, #6784 ) ;
#4661 = EDGE_CURVE ( 'NONE', #4259, #6558, #6919, .T. ) ;
#4662 = VERTEX_POINT ( 'NONE', #6444 ) ;
#4663 = DIRECTION ( 'NONE',  ( 0.000000000000000000, 1.000000000000000000, 0.000000000000000000 ) ) ;
#4664 = ORIENTED_EDGE ( 'NONE', *, *, #4242, .F. ) ;
#4665 = DIRECTION ( 'NONE',  ( -0.7660444431189771253, 0.000000000000000000, -0.6427876096865404731 ) ) ;
#4666 = ORIENTED_EDGE ( 'NONE', *, *, #2420, .T. ) ;
#4667 = LINE ( 'NONE', #7233, #1925 ) ;
#4668 = AXIS2_PLACEMENT_3D ( 'NONE', #253, #4663, #5380 ) ;
#4669 = ORIENTED_EDGE ( 'NONE', *, *, #5323, .F. ) ;
#4670 = DIRECTION ( 'NONE',  ( -0.000000000000000000, -1.000000000000000000, 0.000000000000000000 ) ) ;
#4671 = CARTESIAN_POINT ( 'NONE',  ( -3.091507654588460774, 13.50000000000000178, 5.354648329735367085 ) ) ;
#4672 = VECTOR ( 'NONE', #2306, 1000.000000000000000 ) ;
#4673 = CYLINDRICAL_SURFACE ( 'NONE', #2513, 11.69999999999999574 ) ;
#4674 = EDGE_LOOP ( 'NONE', ( #3704, #5925, #8228, #1677 ) ) ;
#4675 = ORIENTED_EDGE ( 'NONE', *, *, #5276, .F. ) ;
#4676 = DIRECTION ( 'NONE',  ( 0.000000000000000000, 1.000000000000000000, 0.000000000000000000 ) ) ;
#4677 = AXIS2_PLACEMENT_3D ( 'NONE', #2930, #913, #5576 ) ;
#4678 = FACE_BOUND ( 'NONE', #3543, .T. ) ;
#4679 = CARTESIAN_POINT ( 'NONE',  ( -9.734136008177349808, 3.000000000000000000, 17.86586399182264628 ) ) ;
#4680 = EDGE_CURVE ( 'NONE', #4928, #7069, #3968, .T. ) ;
#4681 = EDGE_CURVE ( 'NONE', #1455, #5351, #355, .T. ) ;
#4682 = ORIENTED_EDGE ( 'NONE', *, *, #7245, .T. ) ;
#4683 = PLANE ( 'NONE',  #4518 ) ;
#4684 = CIRCLE ( 'NONE', #3072, 0.5999999999999983125 ) ;
#4685 = EDGE_LOOP ( 'NONE', ( #6968, #476, #1443, #3156 ) ) ;
#4686 = CARTESIAN_POINT ( 'NONE',  ( 4.412667289948847049, 3.044792118702583927, 13.07589183724112125 ) ) ;
#4687 = LINE ( 'NONE', #1489, #6074 ) ;
#4688 = CARTESIAN_POINT ( 'NONE',  ( -7.744759189546649658, 4.435569463351222375, -9.441815464394359481 ) ) ;
#4689 = FACE_OUTER_BOUND ( 'NONE', #419, .T. ) ;
#4690 = DIRECTION ( 'NONE',  ( 0.000000000000000000, -1.000000000000000000, 0.000000000000000000 ) ) ;
#4691 = LOCAL_TIME ( 11, 36, 54.00000000000000000, #2682 ) ;
#4692 = EDGE_CURVE ( 'NONE', #1528, #1588, #7469, .T. ) ;
#4693 = CARTESIAN_POINT ( 'NONE',  ( -13.80791988002335380, 5.866954954446399029, -12.11086360517563776 ) ) ;
#4694 = ORIENTED_EDGE ( 'NONE', *, *, #5398, .F. ) ;
#4695 = LOCAL_TIME ( 11, 36, 54.00000000000000000, #7602 ) ;
#4696 = MECHANICAL_CONTEXT ( 'NONE', #6495, 'mechanical' ) ;
#4697 = ORIENTED_EDGE ( 'NONE', *, *, #3823, .T. ) ;
#4698 = CYLINDRICAL_SURFACE ( 'NONE', #5010, 10.99999999999999822 ) ;
#4699 = DIRECTION ( 'NONE',  ( -1.000000000000000000, 6.285229985423214289E-17, -3.552713678800500929E-15 ) ) ;
#4700 = B_SPLINE_CURVE_WITH_KNOTS ( 'NONE', 3,
 ( #2162, #8119, #1701, #6028, #7341, #6662, #908, #2844, #5408, #7984, #2205, #1572, #4143, #2497, #4352, #4938, #607, #3679, #7638, #8286, #8200, #6910, #1112, #6235 ),
 .UNSPECIFIED., .F., .F.,
 ( 4, 2, 2, 2, 2, 2, 2, 2, 2, 2, 2, 4 ),
 ( 0.002470875822172922606, 0.003112234140884011235, 0.003753592459595100298, 0.004394950778306189361, 0.004715629937661733675, 0.005036309097017278857, 0.005356988256372822305, 0.005677667415728367487, 0.006319025734439457850, 0.006960384053150549949, 0.007281063212506095131, 0.007601742371861641180 ),
 .UNSPECIFIED. ) ;
#4701 = FACE_OUTER_BOUND ( 'NONE', #5293, .T. ) ;
#4702 = DIRECTION ( 'NONE',  ( -0.000000000000000000, -1.000000000000000000, -0.000000000000000000 ) ) ;
#4703 = VECTOR ( 'NONE', #2561, 1000.000000000000114 ) ;
#4704 = ORIENTED_EDGE ( 'NONE', *, *, #2103, .T. ) ;
#4705 = DIRECTION ( 'NONE',  ( 0.000000000000000000, 0.000000000000000000, -1.000000000000000000 ) ) ;
#4706 = ORIENTED_EDGE ( 'NONE', *, *, #6473, .F. ) ;
#4707 = CYLINDRICAL_SURFACE ( 'NONE', #2669, 11.00000000000000000 ) ;
#4708 = ORIENTED_EDGE ( 'NONE', *, *, #7301, .T. ) ;
#4709 = LINE ( 'NONE', #7152, #2447 ) ;
#4710 = EDGE_CURVE ( 'NONE', #7265, #7573, #2760, .T. ) ;
#4711 = ORIENTED_EDGE ( 'NONE', *, *, #3604, .F. ) ;
#4712 = CIRCLE ( 'NONE', #4972, 2.199999999999997957 ) ;
#4713 = CARTESIAN_POINT ( 'NONE',  ( -11.88608397618484780, 4.716083780336454367, 1.649791441475383813 ) ) ;
#4714 = CARTESIAN_POINT ( 'NONE',  ( 1.902120431588402827, 3.696430646112614848, 11.84875564596696229 ) ) ;
#4715 = AXIS2_PLACEMENT_3D ( 'NONE', #7845, #4595, #2070 ) ;
#4716 = CARTESIAN_POINT ( 'NONE',  ( -1.777088338804422518, 13.50000000000000178, -5.445643595929321457 ) ) ;
#4717 = CLOSED_SHELL ( 'NONE', ( #4604, #1134, #7302, #6178, #1633, #779, #2274, #6834 ) ) ;
#4718 = ORIENTED_EDGE ( 'NONE', *, *, #6557, .T. ) ;
#4719 = ORIENTED_EDGE ( 'NONE', *, *, #1470, .F. ) ;
#4720 = ORIENTED_EDGE ( 'NONE', *, *, #3708, .F. ) ;
#4721 = PLANE ( 'NONE',  #3814 ) ;
#4722 = CARTESIAN_POINT ( 'NONE',  ( 4.924038765061039769, 8.000000000000000000, 0.8682408883346546258 ) ) ;
#4723 = LINE ( 'NONE', #5440, #7200 ) ;
#4724 = CIRCLE ( 'NONE', #3782, 5.000000000000000000 ) ;
#4725 = ORIENTED_EDGE ( 'NONE', *, *, #7025, .T. ) ;
#4726 = CARTESIAN_POINT ( 'NONE',  ( -11.88808833175173341, 4.393299599175986891, 1.635040004546793879 ) ) ;
#4727 = ORIENTED_EDGE ( 'NONE', *, *, #7567, .T. ) ;
#4728 = AXIS2_PLACEMENT_3D ( 'NONE', #7550, #1784, #6277 ) ;
#4729 = CARTESIAN_POINT ( 'NONE',  ( 0.000000000000000000, 17.50000000000000000, 0.000000000000000000 ) ) ;
#4730 = EDGE_CURVE ( 'NONE', #2277, #6055, #8013, .T. ) ;
#4731 = EDGE_CURVE ( 'NONE', #6108, #5182, #5269, .T. ) ;
#4732 = DIRECTION ( 'NONE',  ( 0.000000000000000000, 1.000000000000000000, 0.000000000000000000 ) ) ;
#4733 = DIRECTION ( 'NONE',  ( -0.000000000000000000, -1.000000000000000000, -0.000000000000000000 ) ) ;
#4734 = DIRECTION ( 'NONE',  ( -0.000000000000000000, -1.000000000000000000, -0.000000000000000000 ) ) ;
#4735 = DIRECTION ( 'NONE',  ( -0.8660254037844361541, 0.000000000000000000, 0.5000000000000041078 ) ) ;
#4736 = CARTESIAN_POINT ( 'NONE',  ( -9.734136008177292965, 3.000000000000001332, -17.86586399182268181 ) ) ;
#4737 = ORIENTED_EDGE ( 'NONE', *, *, #264, .F. ) ;
#4738 = ADVANCED_FACE ( 'NONE', ( #1692 ), #880, .T. ) ;
#4739 = PERSON_AND_ORGANIZATION ( #3572, #663 ) ;
#4740 = CIRCLE ( 'NONE', #1792, 1.317565283458833170 ) ;
#4741 = APPROVAL ( #6796, 'æœª' ) ;
#4742 = ORIENTED_EDGE ( 'NONE', *, *, #5638, .F. ) ;
#4743 = CARTESIAN_POINT ( 'NONE',  ( 8.426488874308796895, 8.000000000000000000, -7.070663706551887806 ) ) ;
#4744 = DIRECTION ( 'NONE',  ( 0.000000000000000000, 1.000000000000000000, 0.000000000000000000 ) ) ;
#4745 = DIRECTION ( 'NONE',  ( -0.06906319355582574149, 0.000000000000000000, 0.9976122870613965965 ) ) ;
#4746 = DIRECTION ( 'NONE',  ( 0.000000000000000000, 1.000000000000000000, 0.000000000000000000 ) ) ;
#4747 = EDGE_CURVE ( 'NONE', #7026, #8316, #2357, .T. ) ;
#4748 = ORIENTED_EDGE ( 'NONE', *, *, #1759, .T. ) ;
#4749 = DIRECTION ( 'NONE',  ( -0.7071067811865474617, -0.000000000000000000, 0.7071067811865476838 ) ) ;
#4750 = VERTEX_POINT ( 'NONE', #7291 ) ;
#4751 = FACE_OUTER_BOUND ( 'NONE', #6241, .T. ) ;
#4752 = ORIENTED_EDGE ( 'NONE', *, *, #3998, .T. ) ;
#4753 = DIRECTION ( 'NONE',  ( 0.7071067811865475727, 0.000000000000000000, -0.7071067811865475727 ) ) ;
#4754 = ORIENTED_EDGE ( 'NONE', *, *, #4779, .T. ) ;
#4755 = EDGE_CURVE ( 'NONE', #5923, #6531, #5580, .T. ) ;
#4756 = CARTESIAN_POINT ( 'NONE',  ( -11.62851540572745357, 3.035013404635030554, -2.969776669781081679 ) ) ;
#4757 = CARTESIAN_POINT ( 'NONE',  ( -5.041970302557174044, 15.50000000000000000, 0.6587826417294286863 ) ) ;
#4758 = CIRCLE ( 'NONE', #5432, 5.000000000000000000 ) ;
#4759 = DIRECTION ( 'NONE',  ( 0.000000000000000000, -0.7071067811865444641, -0.7071067811865505703 ) ) ;
#4760 = ORIENTED_EDGE ( 'NONE', *, *, #5352, .F. ) ;
#4761 = ORIENTED_EDGE ( 'NONE', *, *, #4222, .T. ) ;
#4762 = VERTEX_POINT ( 'NONE', #2283 ) ;
#4763 = CYLINDRICAL_SURFACE ( 'NONE', #2612, 2.199999999999997069 ) ;
#4764 = CIRCLE ( 'NONE', #1003, 2.207039166088965221 ) ;
#4765 = DIRECTION ( 'NONE',  ( 0.000000000000000000, 1.000000000000000000, 0.000000000000000000 ) ) ;
#4766 = CARTESIAN_POINT ( 'NONE',  ( -4.330127018922164339, 16.00000000000000000, -2.500000000000050182 ) ) ;
#4767 = AXIS2_PLACEMENT_3D ( 'NONE', #6540, #1533, #4103 ) ;
#4768 = ORIENTED_EDGE ( 'NONE', *, *, #2863, .T. ) ;
#4769 = ADVANCED_FACE ( 'NONE', ( #4850 ), #5400, .T. ) ;
#4770 = EDGE_CURVE ( 'NONE', #4642, #3436, #1653, .T. ) ;
#4771 = DIRECTION ( 'NONE',  ( 0.4999999999999888978, 0.000000000000000000, 0.8660254037844451469 ) ) ;
#4772 = VERTEX_POINT ( 'NONE', #2958 ) ;
#4773 = CARTESIAN_POINT ( 'NONE',  ( 3.290002895201631805, 0.000000000000000000, 6.516585068083228904 ) ) ;
#4774 = LINE ( 'NONE', #5446, #7828 ) ;
#4775 = DIRECTION ( 'NONE',  ( -0.000000000000000000, -1.000000000000000000, 0.000000000000000000 ) ) ;
#4776 = DIRECTION ( 'NONE',  ( 0.000000000000000000, 1.000000000000000000, 0.000000000000000000 ) ) ;
#4777 = DIRECTION ( 'NONE',  ( 0.7071067811865475727, 0.000000000000000000, -0.7071067811865475727 ) ) ;
#4778 = VECTOR ( 'NONE', #1663, 1000.000000000000000 ) ;
#4779 = EDGE_CURVE ( 'NONE', #7218, #3288, #5718, .T. ) ;
#4780 = CARTESIAN_POINT ( 'NONE',  ( 0.000000000000000000, 16.00000000000000000, 0.000000000000000000 ) ) ;
#4781 = CIRCLE ( 'NONE', #3176, 0.5999999999999983125 ) ;
#4782 = APPLICATION_CONTEXT ( 'configuration controlled 3d designs of mechanical parts and assemblies' ) ;
#4783 = ORIENTED_EDGE ( 'NONE', *, *, #3537, .F. ) ;
#4784 = DATE_AND_TIME ( #2300, #2407 ) ;
#4785 = VERTEX_POINT ( 'NONE', #4220 ) ;
#4786 = DIRECTION ( 'NONE',  ( 0.000000000000000000, 0.000000000000000000, 1.000000000000000000 ) ) ;
#4787 = CARTESIAN_POINT ( 'NONE',  ( -2.500000000000035083, 8.000000000000000000, 4.330127018922172333 ) ) ;
#4788 = FACE_OUTER_BOUND ( 'NONE', #5143, .T. ) ;
#4789 = CARTESIAN_POINT ( 'NONE',  ( 0.000000000000000000, 13.50000000000000178, 0.000000000000000000 ) ) ;
#4790 = EDGE_CURVE ( 'NONE', #1140, #1669, #4093, .T. ) ;
#4791 = ADVANCED_FACE ( 'NONE', ( #6700 ), #2833, .F. ) ;
#4792 = CIRCLE ( 'NONE', #3587, 0.5999999999999983125 ) ;
#4793 = LINE ( 'NONE', #3530, #3605 ) ;
#4794 = ORIENTED_EDGE ( 'NONE', *, *, #4636, .T. ) ;
#4795 = CARTESIAN_POINT ( 'NONE',  ( 6.516585068083218246, 0.000000000000000000, -3.290002895201654454 ) ) ;
#4796 = ORIENTED_EDGE ( 'NONE', *, *, #2555, .F. ) ;
#4797 = DIRECTION ( 'NONE',  ( -1.000000000000000000, 0.000000000000000000, -3.491481338843133355E-15 ) ) ;
#4798 = AXIS2_PLACEMENT_3D ( 'NONE', #7103, #3280, #3239 ) ;
#4799 = CARTESIAN_POINT ( 'NONE',  ( 13.33481819457974105, 5.448233070885942553, -3.553452495938397071 ) ) ;
#4800 = CARTESIAN_POINT ( 'NONE',  ( -11.87815423472154741, 4.923687296620237852, 1.705947263384835377 ) ) ;
#4801 = CARTESIAN_POINT ( 'NONE',  ( 0.000000000000000000, 16.00000000000000000, 0.000000000000000000 ) ) ;
#4802 = EDGE_CURVE ( 'NONE', #4896, #1938, #2197, .T. ) ;
#4803 = FACE_OUTER_BOUND ( 'NONE', #5599, .T. ) ;
#4804 = VERTEX_POINT ( 'NONE', #7465 ) ;
#4805 = CONICAL_SURFACE ( 'NONE', #1177, 13.75000000000000178, 0.7853981633974526089 ) ;
#4806 = VERTEX_POINT ( 'NONE', #899 ) ;
#4807 = ORIENTED_EDGE ( 'NONE', *, *, #1421, .T. ) ;
#4808 = CARTESIAN_POINT ( 'NONE',  ( 0.000000000000000000, -8.999999999999998224, 0.000000000000000000 ) ) ;
#4809 = DIRECTION ( 'NONE',  ( -1.000000000000000000, 0.000000000000000000, -3.491481338843133355E-15 ) ) ;
#4810 = CARTESIAN_POINT ( 'NONE',  ( -7.070663706551974848, 16.00000000000000000, 8.426488874308724064 ) ) ;
#4811 = AXIS2_PLACEMENT_3D ( 'NONE', #3353, #5201, #7780 ) ;
#4812 = CARTESIAN_POINT ( 'NONE',  ( 10.83288528313428678, 16.00000000000000000, 1.910129954336236668 ) ) ;
#4813 = ORIENTED_EDGE ( 'NONE', *, *, #4325, .F. ) ;
#4814 = LINE ( 'NONE', #363, #1736 ) ;
#4815 = CARTESIAN_POINT ( 'NONE',  ( -5.273018338884791767, 16.00100000000000122, 10.44438976665389340 ) ) ;
#4816 = VECTOR ( 'NONE', #6200, 1000.000000000000114 ) ;
#4817 = DIRECTION ( 'NONE',  ( -0.8660254037844398178, 0.000000000000000000, 0.4999999999999980571 ) ) ;
#4818 = CARTESIAN_POINT ( 'NONE',  ( 0.000000000000000000, 15.50000000000000000, 0.000000000000000000 ) ) ;
#4819 = ADVANCED_FACE ( 'NONE', ( #2999 ), #7378, .F. ) ;
#4820 = CARTESIAN_POINT ( 'NONE',  ( -1.635040004546753467, 4.500000000000001776, -11.88808833175173696 ) ) ;
#4821 = CARTESIAN_POINT ( 'NONE',  ( -4.698463103929552354, 16.00000000000000000, 1.710100716628313977 ) ) ;
#4822 = CARTESIAN_POINT ( 'NONE',  ( -17.86586399182264628, 4.500000000000001776, 9.734136008177353361 ) ) ;
#4823 = VERTEX_POINT ( 'NONE', #359 ) ;
#4824 = PERSON_AND_ORGANIZATION_ROLE ( 'creator' ) ;
#4825 = ORIENTED_EDGE ( 'NONE', *, *, #2231, .T. ) ;
#4826 = FACE_OUTER_BOUND ( 'NONE', #8092, .T. ) ;
#4827 = CC_DESIGN_APPROVAL ( #5712, ( #4018 ) ) ;
#4828 = FACE_OUTER_BOUND ( 'NONE', #4011, .T. ) ;
#4829 = DIRECTION ( 'NONE',  ( 0.000000000000000000, 1.000000000000000000, 0.000000000000000000 ) ) ;
#4830 = CARTESIAN_POINT ( 'NONE',  ( -10.83288528313431520, 16.00000000000000000, 1.910129954336087454 ) ) ;
#4831 = DIRECTION ( 'NONE',  ( 0.000000000000000000, 1.000000000000000000, 0.000000000000000000 ) ) ;
#4832 = ORIENTED_EDGE ( 'NONE', *, *, #1545, .T. ) ;
#4833 = CARTESIAN_POINT ( 'NONE',  ( 10.33661882864496562, 8.000000000000000000, 3.762221576582435834 ) ) ;
#4834 = ORIENTED_EDGE ( 'NONE', *, *, #6214, .T. ) ;
#4835 = EDGE_CURVE ( 'NONE', #4123, #4193, #6118, .T. ) ;
#4836 = CARTESIAN_POINT ( 'NONE',  ( 8.426488874308796895, 16.00000000000000000, -7.070663706551887806 ) ) ;
#4837 = EDGE_CURVE ( 'NONE', #4641, #8327, #1064, .T. ) ;
#4838 = ORIENTED_EDGE ( 'NONE', *, *, #8134, .T. ) ;
#4839 = CARTESIAN_POINT ( 'NONE',  ( -11.84652552319117547, 5.299434056407450910, 1.914398693678887486 ) ) ;
#4840 = CARTESIAN_POINT ( 'NONE',  ( 1.704818361101117841, 4.079497206296509582, 11.87831552823949544 ) ) ;
#4841 = CIRCLE ( 'NONE', #3229, 11.00000000000000000 ) ;
#4842 = ORIENTED_EDGE ( 'NONE', *, *, #125, .T. ) ;
#4843 = DIRECTION ( 'NONE',  ( -0.7071067811865474617, -0.000000000000000000, 0.7071067811865476838 ) ) ;
#4844 = ORIENTED_EDGE ( 'NONE', *, *, #5435, .T. ) ;
#4845 = AXIS2_PLACEMENT_3D ( 'NONE', #3517, #5531, #2926 ) ;
#4846 = VERTEX_POINT ( 'NONE', #6059 ) ;
#4847 = ORIENTED_EDGE ( 'NONE', *, *, #337, .F. ) ;
#4848 = DIRECTION ( 'NONE',  ( 0.000000000000000000, -1.000000000000000000, 0.000000000000000000 ) ) ;
#4849 = FACE_OUTER_BOUND ( 'NONE', #6170, .T. ) ;
#4850 = FACE_OUTER_BOUND ( 'NONE', #3399, .T. ) ;
#4851 = CIRCLE ( 'NONE', #688, 11.00000000000000000 ) ;
#4852 = CARTESIAN_POINT ( 'NONE',  ( -11.76244587324208091, 3.272416136829613187, 2.381943599236785669 ) ) ;
#4853 = ORIENTED_EDGE ( 'NONE', *, *, #4353, .F. ) ;
#4854 = CARTESIAN_POINT ( 'NONE',  ( 0.000000000000000000, 15.50000000000000000, -5.200000000000006395 ) ) ;
#4855 = CARTESIAN_POINT ( 'NONE',  ( 0.000000000000000000, 16.00000000000000000, 0.000000000000000000 ) ) ;
#4856 = DIRECTION ( 'NONE',  ( 0.000000000000000000, -1.000000000000000000, 0.000000000000000000 ) ) ;
#4857 = AXIS2_PLACEMENT_3D ( 'NONE', #5208, #5601, #1974 ) ;
#4858 = DIRECTION ( 'NONE',  ( 0.000000000000000000, 0.000000000000000000, -1.000000000000000000 ) ) ;
#4859 = DIRECTION ( 'NONE',  ( 0.000000000000000000, -1.000000000000000000, 0.000000000000000000 ) ) ;
#4860 = CARTESIAN_POINT ( 'NONE',  ( 0.7203435945077143465, 15.50000000000000000, 9.818949408240474241 ) ) ;
#4861 = ADVANCED_FACE ( 'NONE', ( #316 ), #6188, .F. ) ;
#4862 = AXIS2_PLACEMENT_3D ( 'NONE', #6290, #2512, #3060 ) ;
#4863 = EDGE_CURVE ( 'NONE', #7629, #6627, #4723, .T. ) ;
#4864 = EDGE_CURVE ( 'NONE', #1874, #1282, #2914, .T. ) ;
#4865 = LINE ( 'NONE', #4192, #7643 ) ;
#4866 = VERTEX_POINT ( 'NONE', #1105 ) ;
#4867 = PERSON_AND_ORGANIZATION ( #3572, #663 ) ;
#4868 = EDGE_LOOP ( 'NONE', ( #6095, #1100, #5477, #2872 ) ) ;
#4869 = CARTESIAN_POINT ( 'NONE',  ( 13.42961918032005819, 4.705463247500004442, 3.175740725761874828 ) ) ;
#4870 = CARTESIAN_POINT ( 'NONE',  ( -4.698463103929552354, 16.00000000000000000, 1.710100716628313977 ) ) ;
#4871 = AXIS2_PLACEMENT_3D ( 'NONE', #5341, #1469, #6642 ) ;
#4872 = DIRECTION ( 'NONE',  ( 0.7071067811865499042, 0.000000000000000000, -0.7071067811865451302 ) ) ;
#4873 = EDGE_CURVE ( 'NONE', #3689, #6036, #5056, .T. ) ;
#4874 = EDGE_CURVE ( 'NONE', #1056, #4846, #3835, .T. ) ;
#4875 = AXIS2_PLACEMENT_3D ( 'NONE', #2088, #2214, #4786 ) ;
#4876 = CARTESIAN_POINT ( 'NONE',  ( 5.888972745734207592, 17.50000000000000000, 3.399999999999942624 ) ) ;
#4877 = VERTEX_POINT ( 'NONE', #5721 ) ;
#4878 = CARTESIAN_POINT ( 'NONE',  ( 0.000000000000000000, 15.50000000000000000, 0.000000000000000000 ) ) ;
#4879 = ORIENTED_EDGE ( 'NONE', *, *, #7237, .T. ) ;
#4880 = DIRECTION ( 'NONE',  ( 0.000000000000000000, 0.000000000000000000, -1.000000000000000000 ) ) ;
#4881 = CARTESIAN_POINT ( 'NONE',  ( 13.24839561660946252, 5.714130997070779650, -3.863719948811875859 ) ) ;
#4882 = DIRECTION ( 'NONE',  ( 0.000000000000000000, 1.000000000000000000, 0.000000000000000000 ) ) ;
#4883 = AXIS2_PLACEMENT_3D ( 'NONE', #865, #7855, #696 ) ;
#4884 = EDGE_CURVE ( 'NONE', #2135, #2993, #5602, .T. ) ;
#4885 = VERTEX_POINT ( 'NONE', #6310 ) ;
#4886 = DIRECTION ( 'NONE',  ( -1.000000000000000000, 0.000000000000000000, 1.047444401652940007E-14 ) ) ;
#4887 = ORIENTED_EDGE ( 'NONE', *, *, #2003, .T. ) ;
#4888 = AXIS2_PLACEMENT_3D ( 'NONE', #3923, #5308, #768 ) ;
#4889 = EDGE_LOOP ( 'NONE', ( #5839, #6001, #3588, #6583 ) ) ;
#4890 = ORIENTED_EDGE ( 'NONE', *, *, #8009, .F. ) ;
#4891 = DIRECTION ( 'NONE',  ( -0.8294259869447413447, 0.000000000000000000, 0.5586166236165386323 ) ) ;
#4892 = CARTESIAN_POINT ( 'NONE',  ( -3.190191137705365332, 4.284150382046202132, 13.42621809185858872 ) ) ;
#4893 = DIRECTION ( 'NONE',  ( 0.000000000000000000, 0.000000000000000000, 1.000000000000000000 ) ) ;
#4894 = EDGE_CURVE ( 'NONE', #3323, #5006, #4781, .T. ) ;
#4895 = CARTESIAN_POINT ( 'NONE',  ( -9.017551395682433579, 4.435569463351222375, -8.169023258258574671 ) ) ;
#4896 = VERTEX_POINT ( 'NONE', #1738 ) ;
#4897 = CARTESIAN_POINT ( 'NONE',  ( 11.87826295951019873, 4.078503662318324174, -1.705185765663866038 ) ) ;
#4898 = CARTESIAN_POINT ( 'NONE',  ( 0.000000000000000000, 9.797174393178825657E-16, -11.75000000000000178 ) ) ;
#4899 = VECTOR ( 'NONE', #3223, 1000.000000000000000 ) ;
#4900 = CARTESIAN_POINT ( 'NONE',  ( -1.777088338804422518, 17.50000000000000000, -5.445643595929321457 ) ) ;
#4901 = CONICAL_SURFACE ( 'NONE', #2345, 13.75000000000000178, 0.7853981633974526089 ) ;
#4902 = DIRECTION ( 'NONE',  ( -0.000000000000000000, -1.000000000000000000, -0.000000000000000000 ) ) ;
#4903 = DIRECTION ( 'NONE',  ( 0.8660254037844433705, 0.000000000000000000, -0.4999999999999918954 ) ) ;
#4904 = LINE ( 'NONE', #1576, #4104 ) ;
#4905 = ADVANCED_FACE ( 'NONE', ( #640 ), #7671, .F. ) ;
#4906 = EDGE_LOOP ( 'NONE', ( #1021, #2579, #2005, #6659 ) ) ;
#4907 = DIRECTION ( 'NONE',  ( -0.000000000000000000, 1.000000000000000000, -0.000000000000000000 ) ) ;
#4908 = APPROVAL_STATUS ( 'not_yet_approved' ) ;
#4909 = ORIENTED_EDGE ( 'NONE', *, *, #2047, .T. ) ;
#4910 = CARTESIAN_POINT ( 'NONE',  ( 13.19840887615070102, 3.175710426879422510, 4.034999719196157741 ) ) ;
#4911 = CIRCLE ( 'NONE', #6246, 0.5999999999999983125 ) ;
#4912 = DIRECTION ( 'NONE',  ( 1.577021341797098793E-15, 0.000000000000000000, 1.000000000000000000 ) ) ;
#4913 = DIRECTION ( 'NONE',  ( 0.000000000000000000, -1.000000000000000000, 0.000000000000000000 ) ) ;
#4914 = VECTOR ( 'NONE', #3372, 1000.000000000000000 ) ;
#4915 = ORIENTED_EDGE ( 'NONE', *, *, #2555, .T. ) ;
#4916 = CARTESIAN_POINT ( 'NONE',  ( -4.706638969034868225, 6.000000000000011546, -12.97299176364897200 ) ) ;
#4917 = ORIENTED_EDGE ( 'NONE', *, *, #6731, .T. ) ;
#4918 = CARTESIAN_POINT ( 'NONE',  ( 4.330127018922198978, 16.00000000000000000, -2.499999999999990230 ) ) ;
#4919 = VERTEX_POINT ( 'NONE', #2409 ) ;
#4920 = EDGE_CURVE ( 'NONE', #3438, #1388, #559, .T. ) ;
#4921 = CARTESIAN_POINT ( 'NONE',  ( 0.000000000000000000, 16.00000000000000000, 5.000000000000000000 ) ) ;
#4922 = CIRCLE ( 'NONE', #7483, 12.00000000000000178 ) ;
#4923 = VERTEX_POINT ( 'NONE', #1779 ) ;
#4924 = DIRECTION ( 'NONE',  ( -1.000000000000000000, 0.000000000000000000, 1.580351453473015146E-14 ) ) ;
#4925 = ORIENTED_EDGE ( 'NONE', *, *, #7047, .T. ) ;
#4926 = ORIENTED_EDGE ( 'NONE', *, *, #1200, .T. ) ;
#4927 = AXIS2_PLACEMENT_3D ( 'NONE', #6895, #4213, #1646 ) ;
#4928 = VERTEX_POINT ( 'NONE', #4345 ) ;
#4929 = CARTESIAN_POINT ( 'NONE',  ( 5.604609863433033468, 13.50000000000000178, -1.183818151790996032 ) ) ;
#4930 = CARTESIAN_POINT ( 'NONE',  ( 0.000000000000000000, 1.000000000000007772, -13.79999999999999893 ) ) ;
#4931 = CARTESIAN_POINT ( 'NONE',  ( 10.33661882864496562, 16.00000000000000000, 3.762221576582435834 ) ) ;
#4932 = AXIS2_PLACEMENT_3D ( 'NONE', #7872, #4117, #3445 ) ;
#4933 = CARTESIAN_POINT ( 'NONE',  ( -11.87239183887664318, 3.978729725556088503, 1.746167646053564448 ) ) ;
#4934 = ORIENTED_EDGE ( 'NONE', *, *, #6272, .T. ) ;
#4935 = DIRECTION ( 'NONE',  ( 0.000000000000000000, 0.000000000000000000, -1.000000000000000000 ) ) ;
#4936 = CARTESIAN_POINT ( 'NONE',  ( -1.530808498934178998E-16, -1.402220585023716934E-15, -9.249999999999987566 ) ) ;
#4937 = ADVANCED_FACE ( 'NONE', ( #2533 ), #7506, .F. ) ;
#4938 = CARTESIAN_POINT ( 'NONE',  ( 1.902120431588441907, 5.303569353887377602, -11.84875564596695519 ) ) ;
#4939 = EDGE_CURVE ( 'NONE', #2487, #3438, #2633, .T. ) ;
#4940 = AXIS2_PLACEMENT_3D ( 'NONE', #7228, #5877, #119 ) ;
#4941 = CARTESIAN_POINT ( 'NONE',  ( 4.034999719196020074, 3.175710426879422066, -13.19840887615074365 ) ) ;
#4942 = CARTESIAN_POINT ( 'NONE',  ( -9.034744585100801473, 4.435569463351222375, -10.73180085994851218 ) ) ;
#4943 = AXIS2_PLACEMENT_3D ( 'NONE', #5362, #6573, #1486 ) ;
#4944 = ORIENTED_EDGE ( 'NONE', *, *, #7365, .T. ) ;
#4945 = PLANE ( 'NONE',  #4284 ) ;
#4946 = APPLICATION_PROTOCOL_DEFINITION ( 'international standard', 'config_control_design', 1994, #4782 ) ;
#4947 = EDGE_LOOP ( 'NONE', ( #2992, #3995, #6139, #3316 ) ) ;
#4948 = FACE_OUTER_BOUND ( 'NONE', #2178, .T. ) ;
#4949 = FACE_OUTER_BOUND ( 'NONE', #6066, .T. ) ;
#4950 = ADVANCED_FACE ( 'NONE', ( #4432, #6394 ), #599, .F. ) ;
#4951 = DIRECTION ( 'NONE',  ( 1.000000000000000000, 0.000000000000000000, 3.491481338843133355E-15 ) ) ;
#4952 = AXIS2_PLACEMENT_3D ( 'NONE', #967, #7958, #5880 ) ;
#4953 = FACE_OUTER_BOUND ( 'NONE', #211, .T. ) ;
#4954 = EDGE_LOOP ( 'NONE', ( #4096, #7811, #7248, #1602, #6735, #800 ) ) ;
#4955 = LOCAL_TIME ( 11, 36, 54.00000000000000000, #3563 ) ;
#4956 = LINE ( 'NONE', #6088, #3483 ) ;
#4957 = ORIENTED_EDGE ( 'NONE', *, *, #5905, .F. ) ;
#4958 = CARTESIAN_POINT ( 'NONE',  ( 0.000000000000000000, 16.00100000000000122, 0.000000000000000000 ) ) ;
#4959 = LINE ( 'NONE', #4334, #6580 ) ;
#4960 = DIRECTION ( 'NONE',  ( 0.8660254037844398178, 0.000000000000000000, 0.4999999999999980016 ) ) ;
#4961 = ADVANCED_FACE ( 'NONE', ( #1269 ), #3166, .T. ) ;
#4962 = ORIENTED_EDGE ( 'NONE', *, *, #6697, .T. ) ;
#4963 = LINE ( 'NONE', #2907, #7767 ) ;
#4964 = ORIENTED_EDGE ( 'NONE', *, *, #5850, .T. ) ;
#4965 = EDGE_CURVE ( 'NONE', #2908, #1941, #480, .T. ) ;
#4966 = EDGE_LOOP ( 'NONE', ( #4195, #5793, #664, #4761 ) ) ;
#4967 = EDGE_LOOP ( 'NONE', ( #3619, #4580, #6347, #6652 ) ) ;
#4968 = VECTOR ( 'NONE', #7821, 1000.000000000000114 ) ;
#4969 = PLANE ( 'NONE',  #731 ) ;
#4970 = CARTESIAN_POINT ( 'NONE',  ( -3.827521524628603178, 15.50000000000000000, 4.261825444138396257 ) ) ;
#4971 = DIRECTION ( 'NONE',  ( -0.9396926207859080948, 0.000000000000000000, 0.3420201433256695456 ) ) ;
#4972 = AXIS2_PLACEMENT_3D ( 'NONE', #1002, #7442, #4912 ) ;
#4973 = CARTESIAN_POINT ( 'NONE',  ( -1.950462647968669527, 15.50000000000000000, 4.695865688005944172 ) ) ;
#4974 = ORIENTED_EDGE ( 'NONE', *, *, #6252, .T. ) ;
#4975 = LINE ( 'NONE', #3003, #3659 ) ;
#4976 = CARTESIAN_POINT ( 'NONE',  ( 8.480487417368529179, 2.000000000000000000, 2.081510617043310418 ) ) ;
#4977 = DIRECTION ( 'NONE',  ( 0.8660254037844363761, 0.000000000000000000, 0.5000000000000039968 ) ) ;
#4978 = DIRECTION ( 'NONE',  ( -0.000000000000000000, -1.000000000000000000, -0.000000000000000000 ) ) ;
#4979 = DIRECTION ( 'NONE',  ( -0.6427876096865323685, 0.000000000000000000, -0.7660444431189838976 ) ) ;
#4980 = VECTOR ( 'NONE', #1652, 1000.000000000000000 ) ;
#4981 = EDGE_CURVE ( 'NONE', #5008, #1355, #7881, .T. ) ;
#4982 = EDGE_CURVE ( 'NONE', #1729, #2734, #4472, .T. ) ;
#4983 = EDGE_LOOP ( 'NONE', ( #2278, #1422, #5515, #4600 ) ) ;
#4984 = CARTESIAN_POINT ( 'NONE',  ( -4.698463103929516826, 8.000000000000000000, -1.710100716628412121 ) ) ;
#4985 = ORIENTED_EDGE ( 'NONE', *, *, #6363, .F. ) ;
#4986 = CARTESIAN_POINT ( 'NONE',  ( 1.469576158976824144E-15, 6.000000000000000000, -12.00000000000000178 ) ) ;
#4987 = CARTESIAN_POINT ( 'NONE',  ( 0.000000000000000000, 18.90000000000000213, 1.400000000000000133 ) ) ;
#4988 = CARTESIAN_POINT ( 'NONE',  ( 0.000000000000000000, -1.402220585023716934E-15, -8.000000000000000000 ) ) ;
#4989 = DIRECTION ( 'NONE',  ( 0.7071067811865482389, 0.000000000000000000, 0.7071067811865469066 ) ) ;
#4990 = AXIS2_PLACEMENT_3D ( 'NONE', #8159, #486, #4185 ) ;
#4991 = EDGE_CURVE ( 'NONE', #6531, #8061, #5012, .T. ) ;
#4992 = DIRECTION ( 'NONE',  ( 0.000000000000000000, 0.000000000000000000, -1.000000000000000000 ) ) ;
#4993 = APPROVAL ( #5498, 'æœª' ) ;
#4994 = CYLINDRICAL_SURFACE ( 'NONE', #2658, 2.199999999999997957 ) ;
#4995 = EDGE_LOOP ( 'NONE', ( #6778, #6476, #6917, #1902 ) ) ;
#4996 = CARTESIAN_POINT ( 'NONE',  ( 0.000000000000000000, 16.50000000000000711, 0.000000000000000000 ) ) ;
#4997 = CIRCLE ( 'NONE', #30, 5.000000000000000000 ) ;
#4998 = EDGE_CURVE ( 'NONE', #5593, #5687, #3579, .T. ) ;
#4999 = ORIENTED_EDGE ( 'NONE', *, *, #574, .F. ) ;
#5000 = CARTESIAN_POINT ( 'NONE',  ( -1.635040004546753467, 4.500000000000001776, -11.88808833175173696 ) ) ;
#5001 = FACE_OUTER_BOUND ( 'NONE', #3540, .T. ) ;
#5002 = MANIFOLD_SOLID_BREP ( '\X2\96355217\X0\(\X2\57065468\X0\)1[9]', #2297 ) ;
#5003 = DIRECTION ( 'NONE',  ( 0.000000000000000000, 0.000000000000000000, -1.000000000000000000 ) ) ;
#5004 = ORIENTED_EDGE ( 'NONE', *, *, #6062, .T. ) ;
#5005 = LINE ( 'NONE', #6734, #3198 ) ;
#5006 = VERTEX_POINT ( 'NONE', #6943 ) ;
#5007 = ADVANCED_FACE ( 'NONE', ( #1187 ), #7798, .F. ) ;
#5008 = VERTEX_POINT ( 'NONE', #5885 ) ;
#5009 = ORIENTED_EDGE ( 'NONE', *, *, #2765, .T. ) ;
#5010 = AXIS2_PLACEMENT_3D ( 'NONE', #7266, #7949, #4572 ) ;
#5011 = DIRECTION ( 'NONE',  ( 0.4389956634448631267, 0.000000000000000000, 0.8984891805005804644 ) ) ;
#5012 = LINE ( 'NONE', #7588, #3309 ) ;
#5013 = DESIGN_CONTEXT ( 'detailed design', #4782, 'design' ) ;
#5014 = MANIFOLD_SOLID_BREP ( '\X2\96355217\X0\(\X2\7ebf6027\X0\)6', #7954 ) ;
#5015 = CARTESIAN_POINT ( 'NONE',  ( 2.338123282305887063, 13.50000000000000178, 13.54974831931350465 ) ) ;
#5016 = EDGE_LOOP ( 'NONE', ( #8349, #7549, #8086, #631 ) ) ;
#5017 = ORIENTED_EDGE ( 'NONE', *, *, #5190, .T. ) ;
#5018 = CYLINDRICAL_SURFACE ( 'NONE', #6205, 10.99999999999999822 ) ;
#5019 = CYLINDRICAL_SURFACE ( 'NONE', #183, 11.00000000000000000 ) ;
#5020 = DIRECTION ( 'NONE',  ( -1.000000000000000000, 0.000000000000000000, -3.491481338843133355E-15 ) ) ;
#5021 = DIRECTION ( 'NONE',  ( -0.5000000000000071054, 0.000000000000000000, 0.8660254037844345998 ) ) ;
#5022 = CIRCLE ( 'NONE', #5685, 5.000000000000000000 ) ;
#5023 = EDGE_CURVE ( 'NONE', #7586, #3063, #7714, .T. ) ;
#5024 = EDGE_CURVE ( 'NONE', #2911, #2743, #3168, .T. ) ;
#5025 = EDGE_LOOP ( 'NONE', ( #4591, #5113, #5442, #743 ) ) ;
#5026 = AXIS2_PLACEMENT_3D ( 'NONE', #638, #85, #2656 ) ;
#5027 = FACE_OUTER_BOUND ( 'NONE', #7154, .T. ) ;
#5028 = ITEM_DEFINED_TRANSFORMATION ( 'NONE', 'NONE', #6295,  #7789 ) ;
#5029 = EDGE_LOOP ( 'NONE', ( #2452, #288 ) ) ;
#5030 = LINE ( 'NONE', #1879, #6085 ) ;
#5031 = CARTESIAN_POINT ( 'NONE',  ( -12.37865191399589193, 4.223722372889497478, -12.37865191399588483 ) ) ;
#5032 = CARTESIAN_POINT ( 'NONE',  ( 0.000000000000000000, 16.00000000000000000, -11.00000000000000000 ) ) ;
#5033 = AXIS2_PLACEMENT_3D ( 'NONE', #4789, #3486, #3403 ) ;
#5035 = EDGE_CURVE ( 'NONE', #320, #918, #2741, .T. ) ;
#5034 = DIRECTION ( 'NONE',  ( 0.000000000000000000, -1.000000000000000000, -0.000000000000000000 ) ) ;
#5036 = CARTESIAN_POINT ( 'NONE',  ( 0.000000000000000000, 18.90000000000000213, 0.000000000000000000 ) ) ;
#5037 = CARTESIAN_POINT ( 'NONE',  ( 11.88004633245059516, 4.930920583386163791, -1.695746995066225615 ) ) ;
#5038 = ORIENTED_EDGE ( 'NONE', *, *, #1441, .F. ) ;
#5039 = ORIENTED_EDGE ( 'NONE', *, *, #3255, .F. ) ;
#5040 = CARTESIAN_POINT ( 'NONE',  ( -13.36904002184132523, 5.282928044613607987, -3.422448658948112232 ) ) ;
#5041 = DIRECTION ( 'NONE',  ( -0.000000000000000000, -1.000000000000000000, -0.000000000000000000 ) ) ;
#5042 = ADVANCED_FACE ( 'NONE', ( #3291 ), #5927, .F. ) ;
#5043 = EDGE_CURVE ( 'NONE', #3511, #7668, #1689, .T. ) ;
#5044 = MANIFOLD_SOLID_BREP ( '\X2\96355217\X0\(\X2\57065468\X0\)1[11]', #1359 ) ;
#5045 = DIRECTION ( 'NONE',  ( 1.000000000000000000, -0.000000000000000000, 1.224646799147353207E-16 ) ) ;
#5046 = AXIS2_PLACEMENT_3D ( 'NONE', #136, #7766, #4557 ) ;
#5047 = ORIENTED_EDGE ( 'NONE', *, *, #1857, .T. ) ;
#5048 = DIRECTION ( 'NONE',  ( -0.8294259869447414557, -0.000000000000000000, 0.5586166236165386323 ) ) ;
#5049 = ORIENTED_EDGE ( 'NONE', *, *, #3475, .T. ) ;
#5050 = CARTESIAN_POINT ( 'NONE',  ( -11.51359854670575267, 5.999999999999998224, -3.381870563060505486 ) ) ;
#5051 = EDGE_LOOP ( 'NONE', ( #3668, #8283, #4320, #6218, #2529, #5122 ) ) ;
#5052 = VECTOR ( 'NONE', #6655, 1000.000000000000227 ) ;
#5053 = ORIENTED_EDGE ( 'NONE', *, *, #1488, .F. ) ;
#5054 = DIRECTION ( 'NONE',  ( -0.000000000000000000, 1.000000000000000000, 0.000000000000000000 ) ) ;
#5055 = ADVANCED_FACE ( 'NONE', ( #6435 ), #3916, .F. ) ;
#5056 = LINE ( 'NONE', #4931, #6250 ) ;
#5057 = EDGE_CURVE ( 'NONE', #1549, #5615, #7114, .T. ) ;
#5058 = FACE_OUTER_BOUND ( 'NONE', #1679, .T. ) ;
#5059 = ORIENTED_EDGE ( 'NONE', *, *, #1665, .T. ) ;
#5060 = AXIS2_PLACEMENT_3D ( 'NONE', #8068, #4348, #4225 ) ;
#5061 = ORIENTED_EDGE ( 'NONE', *, *, #2103, .F. ) ;
#5062 = PLANE ( 'NONE',  #2040 ) ;
#5063 = CARTESIAN_POINT ( 'NONE',  ( 3.213938048432689598, 16.00000000000000000, -3.830222215594895729 ) ) ;
#5064 = AXIS2_PLACEMENT_3D ( 'NONE', #5633, #547, #2437 ) ;
#5065 = DIRECTION ( 'NONE',  ( -0.000000000000000000, 1.000000000000000000, 0.000000000000000000 ) ) ;
#5066 = DIRECTION ( 'NONE',  ( 0.000000000000000000, -1.000000000000000000, 0.000000000000000000 ) ) ;
#5067 = VERTEX_POINT ( 'NONE', #7156 ) ;
#5068 = DIRECTION ( 'NONE',  ( -0.000000000000000000, 1.000000000000000000, -0.000000000000000000 ) ) ;
#5069 = CIRCLE ( 'NONE', #4932, 5.000000000000000000 ) ;
#5070 = ADVANCED_FACE ( 'NONE', ( #5302 ), #762, .F. ) ;
#5071 = EDGE_CURVE ( 'NONE', #6220, #5776, #7746, .T. ) ;
#5072 = VERTEX_POINT ( 'NONE', #4632 ) ;
#5073 = PLANE ( 'NONE',  #3803 ) ;
#5074 = FACE_OUTER_BOUND ( 'NONE', #2738, .T. ) ;
#5075 = CARTESIAN_POINT ( 'NONE',  ( -0.8682408883346373063, 8.000000000000000000, 4.924038765061042433 ) ) ;
#5076 = CARTESIAN_POINT ( 'NONE',  ( 2.199155242852715908, 0.000000000000000000, 11.54236614467906463 ) ) ;
#5077 = CARTESIAN_POINT ( 'NONE',  ( -12.11086360517564131, 5.866954954446399029, -13.80791988002335202 ) ) ;
#5078 = DIRECTION ( 'NONE',  ( 0.7071067811865499042, 0.000000000000000000, -0.7071067811865451302 ) ) ;
#5079 = EDGE_LOOP ( 'NONE', ( #6854, #3827, #7801, #3092 ) ) ;
#5080 = SHAPE_REPRESENTATION_RELATIONSHIP ( 'NONE' , 'NONE' ,  #7556, #6467 ) ;
#5081 = VERTEX_POINT ( 'NONE', #1350 ) ;
#5082 = CARTESIAN_POINT ( 'NONE',  ( -13.07589183724108750, 5.955207881297413408, -4.412667289948934091 ) ) ;
#5083 = CARTESIAN_POINT ( 'NONE',  ( 0.000000000000000000, 16.50000000000000711, 0.000000000000000000 ) ) ;
#5084 = MANIFOLD_SOLID_BREP ( '\X2\96355217\X0\(\X2\57065468\X0\)1[2]', #4318 ) ;
#5085 = DIRECTION ( 'NONE',  ( 0.000000000000000000, 0.000000000000000000, 1.000000000000000000 ) ) ;
#5086 = CIRCLE ( 'NONE', #659, 13.79999999999999893 ) ;
#5087 = EDGE_LOOP ( 'NONE', ( #5758, #3378, #5130, #1819 ) ) ;
#5088 = ADVANCED_FACE ( 'NONE', ( #3414 ), #1474, .F. ) ;
#5089 = CARTESIAN_POINT ( 'NONE',  ( 2.268672570207689532, 17.50000000000000000, -12.54653835801681083 ) ) ;
#5090 = EDGE_LOOP ( 'NONE', ( #7922, #451, #8058, #6388 ) ) ;
#5091 = ADVANCED_FACE ( 'NONE', ( #5259 ), #87, .F. ) ;
#5092 = DIRECTION ( 'NONE',  ( 1.000000000000000000, 9.427844978134821433E-17, 0.000000000000000000 ) ) ;
#5093 = ORIENTED_EDGE ( 'NONE', *, *, #4434, .F. ) ;
#5094 = ORIENTED_EDGE ( 'NONE', *, *, #1895, .T. ) ;
#5095 = FACE_OUTER_BOUND ( 'NONE', #4868, .T. ) ;
#5096 = LOCAL_TIME ( 11, 36, 54.00000000000000000, #787 ) ;
#5097 = CARTESIAN_POINT ( 'NONE',  ( 6.183015309176969510, 13.50000000000000178, -5.767955557622883589E-14 ) ) ;
#5098 = DIRECTION ( 'NONE',  ( 0.4999999999999948930, 0.000000000000000000, 0.8660254037844414832 ) ) ;
#5099 = ORIENTED_EDGE ( 'NONE', *, *, #3210, .F. ) ;
#5100 = CC_DESIGN_DATE_AND_TIME_ASSIGNMENT ( #2461, #1959, ( #6301 ) ) ;
#5101 = ORIENTED_EDGE ( 'NONE', *, *, #741, .F. ) ;
#5102 = PLANE ( 'NONE',  #7288 ) ;
#5103 = CARTESIAN_POINT ( 'NONE',  ( 0.000000000000000000, 16.00000000000000000, 0.000000000000000000 ) ) ;
#5104 = LINE ( 'NONE', #6911, #1758 ) ;
#5105 = CARTESIAN_POINT ( 'NONE',  ( 0.000000000000000000, -8.999999999999998224, 1.400000000000000133 ) ) ;
#5106 = AXIS2_PLACEMENT_3D ( 'NONE', #3359, #2008, #2130 ) ;
#5107 = ORIENTED_EDGE ( 'NONE', *, *, #6436, .F. ) ;
#5108 = CYLINDRICAL_SURFACE ( 'NONE', #6954, 11.00000000000000000 ) ;
#5109 = MANIFOLD_SOLID_BREP ( '\X2\96355217\X0\(\X2\57065468\X0\)1[3]', #4717 ) ;
#5110 = DATE_AND_TIME ( #1876, #3756 ) ;
#5111 = EDGE_CURVE ( 'NONE', #3362, #1129, #5180, .T. ) ;
#5112 = VECTOR ( 'NONE', #7607, 1000.000000000000000 ) ;
#5113 = ORIENTED_EDGE ( 'NONE', *, *, #7404, .F. ) ;
#5114 = DIRECTION ( 'NONE',  ( 0.000000000000000000, -1.000000000000000000, -0.000000000000000000 ) ) ;
#5115 = DIRECTION ( 'NONE',  ( 0.000000000000000000, -1.000000000000000000, 0.000000000000000000 ) ) ;
#5116 = CARTESIAN_POINT ( 'NONE',  ( -11.62655960360932816, 5.956747310234800530, -2.972253712418606586 ) ) ;
#5117 = EDGE_CURVE ( 'NONE', #6946, #2764, #7196, .T. ) ;
#5118 = CIRCLE ( 'NONE', #7539, 0.5999999999999983125 ) ;
#5119 = LINE ( 'NONE', #1760, #760 ) ;
#5120 = DIRECTION ( 'NONE',  ( 0.8660254037844362651, 0.000000000000000000, -0.5000000000000039968 ) ) ;
#5121 = ORIENTED_EDGE ( 'NONE', *, *, #1169, .T. ) ;
#5122 = ORIENTED_EDGE ( 'NONE', *, *, #2554, .T. ) ;
#5123 = CARTESIAN_POINT ( 'NONE',  ( 1.453321664238032440, 15.50000000000000000, 0.7051888804836722313 ) ) ;
#5124 = PLANE ( 'NONE',  #6440 ) ;
#5125 = VECTOR ( 'NONE', #792, 1000.000000000000000 ) ;
#5126 = CYLINDRICAL_SURFACE ( 'NONE', #3655, 5.000000000000000000 ) ;
#5127 = CARTESIAN_POINT ( 'NONE',  ( -11.99995723270236248, 17.50000000000000000, -4.308541100339443375 ) ) ;
#5128 = EDGE_CURVE ( 'NONE', #1815, #5677, #4254, .T. ) ;
#5129 = EDGE_CURVE ( 'NONE', #2087, #7990, #2131, .T. ) ;
#5130 = ORIENTED_EDGE ( 'NONE', *, *, #6507, .F. ) ;
#5131 = CIRCLE ( 'NONE', #1780, 11.69999999999999574 ) ;
#5132 = CARTESIAN_POINT ( 'NONE',  ( 5.604609863433033468, 17.50000000000000000, -1.183818151790996032 ) ) ;
#5133 = ORIENTED_EDGE ( 'NONE', *, *, #842, .F. ) ;
#5134 = CARTESIAN_POINT ( 'NONE',  ( -2.132693209405156498, 5.532398736617808233, -11.80926690772485088 ) ) ;
#5135 = VERTEX_POINT ( 'NONE', #5511 ) ;
#5136 = ORIENTED_EDGE ( 'NONE', *, *, #1857, .F. ) ;
#5137 = CARTESIAN_POINT ( 'NONE',  ( 0.000000000000000000, 8.000000000000000000, 0.000000000000000000 ) ) ;
#5138 = DIRECTION ( 'NONE',  ( 0.8660254037844362651, 0.000000000000000000, 0.5000000000000038858 ) ) ;
#5139 = ADVANCED_FACE ( 'NONE', ( #7966, #5471, #2785, #4210, #1642, #8055, #7455, #1556, #7281, #2187 ), #3580, .T. ) ;
#5140 = CARTESIAN_POINT ( 'NONE',  ( 0.000000000000000000, 0.000000000000000000, 0.000000000000000000 ) ) ;
#5141 = VERTEX_POINT ( 'NONE', #4757 ) ;
#5142 = AXIS2_PLACEMENT_3D ( 'NONE', #3027, #2354, #466 ) ;
#5143 = EDGE_LOOP ( 'NONE', ( #2712, #5169, #6079, #840 ) ) ;
#5144 = FACE_OUTER_BOUND ( 'NONE', #5404, .T. ) ;
#5145 = CYLINDRICAL_SURFACE ( 'NONE', #5386, 5.000000000000000000 ) ;
#5146 = CARTESIAN_POINT ( 'NONE',  ( -1.910129954336200697, 16.00000000000000000, -10.83288528313429389 ) ) ;
#5147 = EDGE_CURVE ( 'NONE', #4785, #918, #5431, .T. ) ;
#5148 = CIRCLE ( 'NONE', #1796, 11.00000000000000178 ) ;
#5149 = ORIENTED_EDGE ( 'NONE', *, *, #8301, .F. ) ;
#5150 = CARTESIAN_POINT ( 'NONE',  ( 2.081510617043281108, 0.000000000000000000, -8.480487417368538061 ) ) ;
#5151 = LINE ( 'NONE', #1448, #4899 ) ;
#5152 = CIRCLE ( 'NONE', #2462, 7.300000000000000711 ) ;
#5153 = VERTEX_POINT ( 'NONE', #2272 ) ;
#5154 = DIRECTION ( 'NONE',  ( 0.000000000000000000, -1.000000000000000000, -0.000000000000000000 ) ) ;
#5155 = PLANE ( 'NONE',  #548 ) ;
#5156 = CARTESIAN_POINT ( 'NONE',  ( 5.500000000000010658, 8.000000000000000000, -9.526279441628817679 ) ) ;
#5157 = ADVANCED_FACE ( 'NONE', ( #4127 ), #6691, .T. ) ;
#5158 = CIRCLE ( 'NONE', #3951, 11.00000000000000000 ) ;
#5159 = CARTESIAN_POINT ( 'NONE',  ( -3.381870563060429546, 3.000000000000001776, -11.51359854670577754 ) ) ;
#5160 = CYLINDRICAL_SURFACE ( 'NONE', #7912, 1.499999999999999556 ) ;
#5161 = ORIENTED_EDGE ( 'NONE', *, *, #7467, .T. ) ;
#5162 =( LENGTH_UNIT ( ) NAMED_UNIT ( * ) SI_UNIT ( .MILLI., .METRE. ) );
#5163 = EDGE_LOOP ( 'NONE', ( #8328, #978, #4292, #456 ) ) ;
#5164 = DIRECTION ( 'NONE',  ( -1.000000000000000000, 0.000000000000000000, -3.491481338843133355E-15 ) ) ;
#5165 = CYLINDRICAL_SURFACE ( 'NONE', #670, 5.000000000000000000 ) ;
#5166 = AXIS2_PLACEMENT_3D ( 'NONE', #5967, #2904, #5430 ) ;
#5167 = CARTESIAN_POINT ( 'NONE',  ( 8.480487417368529179, 0.000000000000000000, 4.281510617043308820 ) ) ;
#5168 = FACE_OUTER_BOUND ( 'NONE', #773, .T. ) ;
#5169 = ORIENTED_EDGE ( 'NONE', *, *, #639, .F. ) ;
#5170 = DIRECTION ( 'NONE',  ( 0.000000000000000000, 1.000000000000000000, 0.000000000000000000 ) ) ;
#5171 = ORIENTED_EDGE ( 'NONE', *, *, #876, .F. ) ;
#5172 = CARTESIAN_POINT ( 'NONE',  ( 13.75000000000000178, 1.102182119232617714E-15, 0.000000000000000000 ) ) ;
#5173 = EDGE_LOOP ( 'NONE', ( #2463, #5888, #6087, #4879, #4842, #1921 ) ) ;
#5174 = EDGE_CURVE ( 'NONE', #802, #5395, #6529, .T. ) ;
#5175 = ORIENTED_EDGE ( 'NONE', *, *, #5890, .T. ) ;
#5176 = DIRECTION ( 'NONE',  ( 0.7071067811865452413, -0.000000000000000000, 0.7071067811865499042 ) ) ;
#5177 = TOROIDAL_SURFACE ( 'NONE', #6785, 1.400000000000000133, 0.1000000000000000056 ) ;
#5178 = CARTESIAN_POINT ( 'NONE',  ( 0.000000000000000000, 8.000000000000000000, 0.000000000000000000 ) ) ;
#5179 = FACE_OUTER_BOUND ( 'NONE', #7066, .T. ) ;
#5180 = CIRCLE ( 'NONE', #7336, 5.000000000000000000 ) ;
#5181 = ORIENTED_EDGE ( 'NONE', *, *, #3567, .F. ) ;
#5182 = VERTEX_POINT ( 'NONE', #1015 ) ;
#5183 = CARTESIAN_POINT ( 'NONE',  ( -3.213938048432717132, 16.00000000000000000, 3.830222215594873081 ) ) ;
#5184 = CARTESIAN_POINT ( 'NONE',  ( 0.8682408883346373063, 16.00000000000000000, -4.924038765061042433 ) ) ;
#5185 = CARTESIAN_POINT ( 'NONE',  ( 0.000000000000000000, -8.899999999999998579, 1.400000000000000133 ) ) ;
#5186 = AXIS2_PLACEMENT_3D ( 'NONE', #4369, #7010, #1804 ) ;
#5187 = B_SPLINE_CURVE_WITH_KNOTS ( 'NONE', 3,
 ( #789, #5951, #7820, #200, #746, #2769, #7308, #2128, #1541, #5870, #7139, #3317, #4109, #3277, #5828, #73, #5912, #2642, #7221, #5245, #5206, #7784, #2007, #3941, #6503, #7181 ),
 .UNSPECIFIED., .F., .F.,
 ( 4, 2, 2, 2, 2, 2, 2, 2, 2, 2, 2, 2, 4 ),
 ( 1.371419323662773916E-18, 0.0006368363648876397424, 0.0009552545473314596677, 0.001273672729775279702, 0.001592090912219099735, 0.001910509094662919552, 0.002228927277106739803, 0.002547345459550559837, 0.002865763641994379871, 0.003184181824438199037, 0.003821018189325836069, 0.004457854554213474402, 0.005094690919101111867 ),
 .UNSPECIFIED. ) ;
#5188 = ORIENTED_EDGE ( 'NONE', *, *, #264, .T. ) ;
#5189 = CARTESIAN_POINT ( 'NONE',  ( 11.99995723270239090, 17.50000000000000000, 4.308541100339359886 ) ) ;
#5190 = EDGE_CURVE ( 'NONE', #7083, #6302, #933, .T. ) ;
#5191 = AXIS2_PLACEMENT_3D ( 'NONE', #4576, #4659, #5210 ) ;
#5192 = EDGE_CURVE ( 'NONE', #4488, #2628, #1054, .T. ) ;
#5193 = CARTESIAN_POINT ( 'NONE',  ( -17.86586399182264628, 4.500000000000001776, 9.734136008177353361 ) ) ;
#5194 = VERTEX_POINT ( 'NONE', #6136 ) ;
#5195 = CARTESIAN_POINT ( 'NONE',  ( 11.54377415899863202, 6.000000000000028422, 3.279137510637955444 ) ) ;
#5196 = TOROIDAL_SURFACE ( 'NONE', #7892, 2.807039166088962645, 0.5999999999999983125 ) ;
#5197 = EDGE_CURVE ( 'NONE', #796, #7835, #4344, .T. ) ;
#5198 = FACE_OUTER_BOUND ( 'NONE', #7451, .T. ) ;
#5199 = DIRECTION ( 'NONE',  ( 0.000000000000000000, 1.000000000000000000, 0.000000000000000000 ) ) ;
#5200 = AXIS2_PLACEMENT_3D ( 'NONE', #592, #7065, #3284 ) ;
#5201 = DIRECTION ( 'NONE',  ( -0.000000000000000000, -1.000000000000000000, -0.000000000000000000 ) ) ;
#5202 = VERTEX_POINT ( 'NONE', #4084 ) ;
#5203 = DIRECTION ( 'NONE',  ( 0.000000000000000000, 0.000000000000000000, 1.000000000000000000 ) ) ;
#5204 = EDGE_CURVE ( 'NONE', #4804, #4642, #763, .T. ) ;
#5205 = ORIENTED_EDGE ( 'NONE', *, *, #7115, .F. ) ;
#5206 = CARTESIAN_POINT ( 'NONE',  ( -2.046122177074420012, 5.464104482781392491, 11.82549065709576475 ) ) ;
#5207 = DIRECTION ( 'NONE',  ( 0.000000000000000000, -1.000000000000000000, 0.000000000000000000 ) ) ;
#5208 = CARTESIAN_POINT ( 'NONE',  ( 0.000000000000000000, 15.50000000000000000, -6.000000000000000000 ) ) ;
#5209 = CIRCLE ( 'NONE', #1577, 12.00000000000000178 ) ;
#5210 = DIRECTION ( 'NONE',  ( 0.5000000000000071054, 0.000000000000000000, -0.8660254037844345998 ) ) ;
#5211 = ORIENTED_EDGE ( 'NONE', *, *, #2059, .T. ) ;
#5212 = CARTESIAN_POINT ( 'NONE',  ( -4.281510617043220002, 16.00100000000000122, 8.480487417368573588 ) ) ;
#5213 = ORIENTED_EDGE ( 'NONE', *, *, #8125, .F. ) ;
#5214 = CARTESIAN_POINT ( 'NONE',  ( -3.381870563060429546, 6.000000000000000000, -11.51359854670577754 ) ) ;
#5215 = VERTEX_POINT ( 'NONE', #7495 ) ;
#5216 = VERTEX_POINT ( 'NONE', #7619 ) ;
#5217 = EDGE_CURVE ( 'NONE', #745, #5538, #6936, .T. ) ;
#5218 = DIRECTION ( 'NONE',  ( 0.000000000000000000, -1.000000000000000000, 0.000000000000000000 ) ) ;
#5219 = CARTESIAN_POINT ( 'NONE',  ( 0.000000000000000000, 16.00000000000000000, 0.000000000000000000 ) ) ;
#5220 = AXIS2_PLACEMENT_3D ( 'NONE', #1612, #4099, #1029 ) ;
#5221 = EDGE_CURVE ( 'NONE', #6627, #3849, #1166, .T. ) ;
#5222 = MANIFOLD_SOLID_BREP ( '\X2\96355217\X0\(\X2\57065468\X0\)2', #5781 ) ;
#5223 = FACE_OUTER_BOUND ( 'NONE', #4546, .T. ) ;
#5224 = B_SPLINE_CURVE_WITH_KNOTS ( 'NONE', 3,
 ( #448, #5572, #8162, #4941, #7515, #1114, #2416, #5612, #7721, #4556, #3299, #54, #1951, #647, #94, #5268, #6486, #5309, #3924, #5894, #5933, #1480, #6526, #729 ),
 .UNSPECIFIED., .F., .F.,
 ( 4, 2, 2, 2, 2, 2, 2, 2, 2, 2, 2, 4 ),
 ( 0.002436398328105361666, 0.003061170133995791236, 0.003685941939886220806, 0.004310713745776650375, 0.004623099648721864727, 0.004935485551667078211, 0.005560257357557503444, 0.005872643260502716928, 0.006185029163447929544, 0.006809800969338352175, 0.007122186872283564792, 0.007434572775228777408 ),
 .UNSPECIFIED. ) ;
#5225 = ORIENTED_EDGE ( 'NONE', *, *, #5935, .F. ) ;
#5226 = ORIENTED_EDGE ( 'NONE', *, *, #1969, .T. ) ;
#5227 = VECTOR ( 'NONE', #3025, 1000.000000000000114 ) ;
#5228 = CARTESIAN_POINT ( 'NONE',  ( -11.53012377657203480, 4.223722372889497478, -13.22718005141974196 ) ) ;
#5229 = DIRECTION ( 'NONE',  ( -0.000000000000000000, -1.000000000000000000, 0.000000000000000000 ) ) ;
#5230 = LINE ( 'NONE', #2071, #3571 ) ;
#5231 = ORIENTED_EDGE ( 'NONE', *, *, #7153, .T. ) ;
#5232 = DIRECTION ( 'NONE',  ( -0.000000000000000000, 1.000000000000000000, 0.000000000000000000 ) ) ;
#5233 = CYLINDRICAL_SURFACE ( 'NONE', #4187, 10.99999999999999822 ) ;
#5234 = ORIENTED_EDGE ( 'NONE', *, *, #5922, .T. ) ;
#5235 = CARTESIAN_POINT ( 'NONE',  ( 0.000000000000000000, 16.00000000000000000, 0.000000000000000000 ) ) ;
#5236 = CARTESIAN_POINT ( 'NONE',  ( -9.731284662494513071, 17.50000000000000000, -8.237997257677312390 ) ) ;
#5237 = CARTESIAN_POINT ( 'NONE',  ( 1.910129954336200697, 16.00000000000000000, 10.83288528313429389 ) ) ;
#5238 = TOROIDAL_SURFACE ( 'NONE', #418, 2.807039166088962645, 0.5999999999999983125 ) ;
#5239 = EDGE_CURVE ( 'NONE', #8175, #3511, #900, .T. ) ;
#5240 = CIRCLE ( 'NONE', #3231, 13.79999999999999893 ) ;
#5241 = CARTESIAN_POINT ( 'NONE',  ( 13.19612337753713405, 3.183589386719519077, -4.038640919069191426 ) ) ;
#5242 = ORIENTED_EDGE ( 'NONE', *, *, #3892, .T. ) ;
#5243 = PERSON_AND_ORGANIZATION_ROLE ( 'design_supplier' ) ;
#5244 = ORIENTED_EDGE ( 'NONE', *, *, #2002, .T. ) ;
#5245 = CARTESIAN_POINT ( 'NONE',  ( -1.900528623207713208, 5.301799094596090001, 11.84901205916210820 ) ) ;
#5246 = CARTESIAN_POINT ( 'NONE',  ( -8.593287326970505902, 4.435569463351222375, -8.593287326970502349 ) ) ;
#5247 = CARTESIAN_POINT ( 'NONE',  ( -9.883272722524651499, 5.035569463351220243, -9.883272722524662157 ) ) ;
#5248 = DIRECTION ( 'NONE',  ( 0.6325057399790078305, 0.4470715577927284468, 0.6325057399790067203 ) ) ;
#5249 = AXIS2_PLACEMENT_3D ( 'NONE', #3640, #6750, #2802 ) ;
#5250 = EDGE_CURVE ( 'NONE', #1901, #2558, #7019, .T. ) ;
#5251 = ORIENTED_EDGE ( 'NONE', *, *, #1337, .F. ) ;
#5252 = CARTESIAN_POINT ( 'NONE',  ( 6.183015309176969510, 15.50000000000000000, -5.767955557622883589E-14 ) ) ;
#5253 = EDGE_LOOP ( 'NONE', ( #2873, #5497, #2753, #7202 ) ) ;
#5254 = DIRECTION ( 'NONE',  ( 0.000000000000000000, 1.000000000000000000, 0.000000000000000000 ) ) ;
#5255 = ORIENTED_EDGE ( 'NONE', *, *, #5057, .F. ) ;
#5256 = CARTESIAN_POINT ( 'NONE',  ( 0.000000000000000000, 8.000000000000000000, 0.000000000000000000 ) ) ;
#5257 = ORIENTED_EDGE ( 'NONE', *, *, #3266, .F. ) ;
#5258 = DIRECTION ( 'NONE',  ( 0.000000000000000000, -1.000000000000000000, 0.000000000000000000 ) ) ;
#5259 = FACE_OUTER_BOUND ( 'NONE', #4475, .T. ) ;
#5260 = ADVANCED_FACE ( 'NONE', ( #1178 ), #6535, .T. ) ;
#5261 = AXIS2_PLACEMENT_3D ( 'NONE', #3813, #5034, #8300 ) ;
#5262 = EDGE_CURVE ( 'NONE', #1708, #179, #3029, .T. ) ;
#5263 = CYLINDRICAL_SURFACE ( 'NONE', #232, 1.317565283458833392 ) ;
#5264 = VERTEX_POINT ( 'NONE', #4921 ) ;
#5265 = ORIENTED_EDGE ( 'NONE', *, *, #2678, .F. ) ;
#5266 = AXIS2_PLACEMENT_3D ( 'NONE', #7637, #487, #6233 ) ;
#5267 = DIRECTION ( 'NONE',  ( 0.000000000000000000, -1.000000000000000000, 0.000000000000000000 ) ) ;
#5268 = CARTESIAN_POINT ( 'NONE',  ( 3.550604392508244445, 5.445110143937114344, -13.33557626713716360 ) ) ;
#5269 = LINE ( 'NONE', #4179, #1280 ) ;
#5270 = VERTEX_POINT ( 'NONE', #6931 ) ;
#5271 = AXIS2_PLACEMENT_3D ( 'NONE', #2394, #6768, #6726 ) ;
#5272 = ORIENTED_EDGE ( 'NONE', *, *, #5071, .T. ) ;
#5273 = DIRECTION ( 'NONE',  ( 0.000000000000000000, 0.000000000000000000, -1.000000000000000000 ) ) ;
#5274 = CARTESIAN_POINT ( 'NONE',  ( 0.000000000000000000, 19.00000000000000355, 0.000000000000000000 ) ) ;
#5275 = DIRECTION ( 'NONE',  ( -0.7071067811865475727, 0.000000000000000000, 0.7071067811865475727 ) ) ;
#5276 = EDGE_CURVE ( 'NONE', #4043, #956, #5550, .T. ) ;
#5277 = PLANE ( 'NONE',  #3895 ) ;
#5278 = DIRECTION ( 'NONE',  ( 0.8660254037844328234, 0.000000000000000000, -0.5000000000000101030 ) ) ;
#5279 = AXIS2_PLACEMENT_3D ( 'NONE', #6959, #1205, #3810 ) ;
#5280 = VECTOR ( 'NONE', #1786, 1000.000000000000000 ) ;
#5281 = CARTESIAN_POINT ( 'NONE',  ( 0.000000000000000000, 6.000000000000000000, 0.000000000000000000 ) ) ;
#5282 = ORIENTED_EDGE ( 'NONE', *, *, #1085, .F. ) ;
#5283 = ORIENTED_EDGE ( 'NONE', *, *, #3224, .T. ) ;
#5284 = DIRECTION ( 'NONE',  ( -0.7071067811865474617, -0.000000000000000000, 0.7071067811865476838 ) ) ;
#5285 = EDGE_CURVE ( 'NONE', #682, #6976, #502, .T. ) ;
#5286 = DIRECTION ( 'NONE',  ( 0.000000000000000000, -1.000000000000000000, 0.000000000000000000 ) ) ;
#5287 = CARTESIAN_POINT ( 'NONE',  ( 0.000000000000000000, 16.00000000000000000, 0.000000000000000000 ) ) ;
#5288 = DIRECTION ( 'NONE',  ( 0.7071067811865475727, 0.000000000000000000, -0.7071067811865475727 ) ) ;
#5289 = AXIS2_PLACEMENT_3D ( 'NONE', #2532, #5642, #5682 ) ;
#5290 = ORIENTED_EDGE ( 'NONE', *, *, #4597, .T. ) ;
#5291 = DIRECTION ( 'NONE',  ( 0.000000000000000000, 1.000000000000000000, 0.000000000000000000 ) ) ;
#5292 = AXIS2_PLACEMENT_3D ( 'NONE', #5956, #5857, #7255 ) ;
#5293 = EDGE_LOOP ( 'NONE', ( #6569, #2404, #6643, #6468 ) ) ;
#5294 = DIRECTION ( 'NONE',  ( 1.000000000000000000, 0.000000000000000000, -1.025063872168114215E-14 ) ) ;
#5295 = AXIS2_PLACEMENT_3D ( 'NONE', #7692, #4491, #6961 ) ;
#5296 = ORIENTED_EDGE ( 'NONE', *, *, #7379, .T. ) ;
#5297 = ADVANCED_FACE ( 'NONE', ( #6216 ), #2480, .F. ) ;
#5298 = CARTESIAN_POINT ( 'NONE',  ( -5.499999999999877431, 16.00000000000000000, -9.526279441628895839 ) ) ;
#5299 = ADVANCED_FACE ( 'NONE', ( #2523 ), #469, .F. ) ;
#5300 = ORIENTED_EDGE ( 'NONE', *, *, #7825, .F. ) ;
#5301 = DIRECTION ( 'NONE',  ( 1.000000000000000000, 7.999791739217630834E-17, 0.000000000000000000 ) ) ;
#5302 = FACE_OUTER_BOUND ( 'NONE', #737, .T. ) ;
#5303 = DIRECTION ( 'NONE',  ( -0.000000000000000000, -1.000000000000000000, -0.000000000000000000 ) ) ;
#5304 = ORIENTED_EDGE ( 'NONE', *, *, #5057, .T. ) ;
#5305 = ORIENTED_EDGE ( 'NONE', *, *, #353, .T. ) ;
#5306 = AXIS2_PLACEMENT_3D ( 'NONE', #6115, #7599, #3218 ) ;
#5307 = PRODUCT_DEFINITION ( 'æœ', '', #5762, #8236 ) ;
#5308 = DIRECTION ( 'NONE',  ( 5.333194492811754300E-17, -1.000000000000000000, -5.333194492811719787E-17 ) ) ;
#5309 = CARTESIAN_POINT ( 'NONE',  ( 3.857094134006352260, 5.721338235320149401, -13.25101032785058308 ) ) ;
#5310 = CARTESIAN_POINT ( 'NONE',  ( -4.129457600914660631, 3.140668205226732290, -13.16804400630231164 ) ) ;
#5311 = EDGE_LOOP ( 'NONE', ( #4073, #3660, #2581, #2242, #2649 ) ) ;
#5312 = AXIS2_PLACEMENT_3D ( 'NONE', #1985, #2063, #679 ) ;
#5313 = CARTESIAN_POINT ( 'NONE',  ( 8.480487417368529179, 2.000000000000000000, 4.281510617043308820 ) ) ;
#5314 = ORIENTED_EDGE ( 'NONE', *, *, #2777, .T. ) ;
#5315 = FACE_OUTER_BOUND ( 'NONE', #4371, .T. ) ;
#5316 = DIRECTION ( 'NONE',  ( 0.000000000000000000, 0.000000000000000000, 1.000000000000000000 ) ) ;
#5317 = CARTESIAN_POINT ( 'NONE',  ( 11.62655960360931218, 5.956747310234800530, 2.972253712418688298 ) ) ;
#5318 = CARTESIAN_POINT ( 'NONE',  ( 1.714505518806294638E-16, -8.899999999999998579, -1.400000000000000133 ) ) ;
#5319 = DIRECTION ( 'NONE',  ( 0.7071067811865475727, 0.000000000000000000, 0.7071067811865475727 ) ) ;
#5320 = AXIS2_PLACEMENT_3D ( 'NONE', #277, #4531, #7095 ) ;
#5321 = AXIS2_PLACEMENT_3D ( 'NONE', #4801, #2146, #6645 ) ;
#5322 = EDGE_CURVE ( 'NONE', #6809, #798, #7623, .T. ) ;
#5323 = EDGE_CURVE ( 'NONE', #4652, #8292, #8183, .T. ) ;
#5324 = EDGE_CURVE ( 'NONE', #4652, #988, #4522, .T. ) ;
#5325 = ADVANCED_FACE ( 'NONE', ( #4335 ), #6300, .F. ) ;
#5326 = PLANE ( 'NONE',  #7085 ) ;
#5327 = ORIENTED_EDGE ( 'NONE', *, *, #5889, .T. ) ;
#5328 = CIRCLE ( 'NONE', #3987, 11.75000000000000178 ) ;
#5329 = APPROVAL_DATE_TIME ( #1539, #8056 ) ;
#5330 = VERTEX_POINT ( 'NONE', #6260 ) ;
#5331 = DIRECTION ( 'NONE',  ( 0.000000000000000000, 0.000000000000000000, 1.000000000000000000 ) ) ;
#5332 = CARTESIAN_POINT ( 'NONE',  ( 0.000000000000000000, 0.000000000000000000, 12.80000000000000426 ) ) ;
#5333 = CARTESIAN_POINT ( 'NONE',  ( 1.910129954336200697, 16.00000000000000000, 10.83288528313429389 ) ) ;
#5334 = DIRECTION ( 'NONE',  ( 0.000000000000000000, 0.000000000000000000, 1.000000000000000000 ) ) ;
#5335 = AXIS2_PLACEMENT_3D ( 'NONE', #2014, #7147, #3948 ) ;
#5336 = VERTEX_POINT ( 'NONE', #513 ) ;
#5337 = DIRECTION ( 'NONE',  ( -0.000000000000000000, -1.000000000000000000, 0.000000000000000000 ) ) ;
#5338 = ORIENTED_EDGE ( 'NONE', *, *, #3519, .F. ) ;
#5339 = FACE_OUTER_BOUND ( 'NONE', #4496, .T. ) ;
#5340 = ORIENTED_EDGE ( 'NONE', *, *, #4113, .F. ) ;
#5341 = CARTESIAN_POINT ( 'NONE',  ( 0.000000000000000000, 7.999999999999998224, 0.000000000000000000 ) ) ;
#5342 = AXIS2_PLACEMENT_3D ( 'NONE', #4651, #4105, #107 ) ;
#5343 = ORIENTED_EDGE ( 'NONE', *, *, #483, .T. ) ;
#5344 = CARTESIAN_POINT ( 'NONE',  ( -8.480487417368529179, 0.000000000000000000, -4.281510617043308820 ) ) ;
#5345 = CARTESIAN_POINT ( 'NONE',  ( -2.291827887858772339, 17.16674065569375074, 12.88101506275775243 ) ) ;
#5346 = EDGE_CURVE ( 'NONE', #2025, #1930, #3319, .T. ) ;
#5347 = ADVANCED_FACE ( 'NONE', ( #3783 ), #590, .F. ) ;
#5348 = VECTOR ( 'NONE', #3434, 1000.000000000000000 ) ;
#5349 = LINE ( 'NONE', #5392, #8319 ) ;
#5350 = ORIENTED_EDGE ( 'NONE', *, *, #2890, .T. ) ;
#5351 = VERTEX_POINT ( 'NONE', #4463 ) ;
#5352 = EDGE_CURVE ( 'NONE', #5330, #6981, #3321, .T. ) ;
#5353 = DIRECTION ( 'NONE',  ( 0.000000000000000000, -1.000000000000000000, 0.000000000000000000 ) ) ;
#5354 = AXIS2_PLACEMENT_3D ( 'NONE', #4822, #1623, #373 ) ;
#5355 = CYLINDRICAL_SURFACE ( 'NONE', #7546, 1.249999999999993339 ) ;
#5356 = CARTESIAN_POINT ( 'NONE',  ( -3.413783152486485672, 3.709952428572457439, -13.37143201716098950 ) ) ;
#5357 = ORIENTED_EDGE ( 'NONE', *, *, #826, .F. ) ;
#5358 = DIRECTION ( 'NONE',  ( -0.9848077530122080203, 0.000000000000000000, -0.1736481776669306643 ) ) ;
#5359 = AXIS2_PLACEMENT_3D ( 'NONE', #5716, #1265, #2568 ) ;
#5360 = ORIENTED_EDGE ( 'NONE', *, *, #1956, .F. ) ;
#5361 = EDGE_CURVE ( 'NONE', #2764, #7286, #6265, .T. ) ;
#5362 = CARTESIAN_POINT ( 'NONE',  ( 0.000000000000000000, 0.000000000000000000, 8.000000000000000000 ) ) ;
#5363 = DIRECTION ( 'NONE',  ( 0.000000000000000000, 0.000000000000000000, 1.000000000000000000 ) ) ;
#5364 = DIRECTION ( 'NONE',  ( 0.000000000000000000, 1.000000000000000000, 0.000000000000000000 ) ) ;
#5365 = CARTESIAN_POINT ( 'NONE',  ( -3.381870563060429546, 3.000000000000001776, -11.51359854670577754 ) ) ;
#5366 = DIRECTION ( 'NONE',  ( -0.000000000000000000, -1.000000000000000000, -0.000000000000000000 ) ) ;
#5367 = EDGE_CURVE ( 'NONE', #7161, #7026, #8353, .T. ) ;
#5368 = CARTESIAN_POINT ( 'NONE',  ( -8.426488874308844856, 16.00000000000000000, 7.070663706551828298 ) ) ;
#5369 = ORIENTED_EDGE ( 'NONE', *, *, #5147, .F. ) ;
#5370 = COORDINATED_UNIVERSAL_TIME_OFFSET ( 8, 0, .AHEAD. ) ;
#5371 = AXIS2_PLACEMENT_3D ( 'NONE', #2726, #7867, #2089 ) ;
#5372 = ADVANCED_BREP_SHAPE_REPRESENTATION ( '', ( #2248, #8081, #5084, #5109, #7834, #7904, #2455, #7878, #2485, #5002, #8067, #5044, #8018, #2442, #5014, #2305, #7789 ), #268 ) ;
#5373 = VERTEX_POINT ( 'NONE', #5915 ) ;
#5374 = DIRECTION ( 'NONE',  ( -0.000000000000000000, -1.000000000000000000, 0.000000000000000000 ) ) ;
#5375 = DIRECTION ( 'NONE',  ( 0.000000000000000000, -1.000000000000000000, 0.000000000000000000 ) ) ;
#5376 = LINE ( 'NONE', #4028, #5125 ) ;
#5377 = DIRECTION ( 'NONE',  ( -0.5000000000000009992, 0.000000000000000000, 0.8660254037844381525 ) ) ;
#5378 = AXIS2_PLACEMENT_3D ( 'NONE', #5820, #7259, #1408 ) ;
#5379 = ORIENTED_EDGE ( 'NONE', *, *, #4575, .T. ) ;
#5380 = DIRECTION ( 'NONE',  ( 0.000000000000000000, 0.000000000000000000, -1.000000000000000000 ) ) ;
#5381 = VERTEX_POINT ( 'NONE', #5874 ) ;
#5382 = DIRECTION ( 'NONE',  ( 0.000000000000000000, -1.000000000000000000, 0.000000000000000000 ) ) ;
#5383 = ORIENTED_EDGE ( 'NONE', *, *, #1395, .T. ) ;
#5384 = CARTESIAN_POINT ( 'NONE',  ( -3.176412064022023696, 4.500000000000001776, -13.42946039122701762 ) ) ;
#5385 = ORIENTED_EDGE ( 'NONE', *, *, #4894, .F. ) ;
#5386 = AXIS2_PLACEMENT_3D ( 'NONE', #3341, #4516, #4007 ) ;
#5387 = CARTESIAN_POINT ( 'NONE',  ( 9.797174393178747264E-17, 17.50000000000000000, -6.799999999999993605 ) ) ;
#5388 = EDGE_CURVE ( 'NONE', #5798, #7718, #2644, .T. ) ;
#5389 = EDGE_CURVE ( 'NONE', #1861, #2776, #35, .T. ) ;
#5390 = CARTESIAN_POINT ( 'NONE',  ( 3.381870563060432655, 3.000000000000000000, 11.51359854670577931 ) ) ;
#5391 = AXIS2_PLACEMENT_3D ( 'NONE', #3527, #3653, #7485 ) ;
#5392 = CARTESIAN_POINT ( 'NONE',  ( 3.290002895201631805, 16.00100000000000122, 6.516585068083228904 ) ) ;
#5393 = CLOSED_SHELL ( 'NONE', ( #3962, #6541, #285, #573, #1682, #1632, #7197, #6635 ) ) ;
#5394 = ORIENTED_EDGE ( 'NONE', *, *, #5174, .T. ) ;
#5395 = VERTEX_POINT ( 'NONE', #5127 ) ;
#5396 = ORIENTED_EDGE ( 'NONE', *, *, #522, .T. ) ;
#5397 = DIRECTION ( 'NONE',  ( 0.7071067811865477948, 0.000000000000000000, 0.7071067811865471286 ) ) ;
#5398 = EDGE_CURVE ( 'NONE', #3063, #2424, #3865, .T. ) ;
#5399 = DIRECTION ( 'NONE',  ( 0.000000000000000000, 0.000000000000000000, 1.000000000000000000 ) ) ;
#5400 = PLANE ( 'NONE',  #360 ) ;
#5401 = CIRCLE ( 'NONE', #5391, 0.7999999999999937161 ) ;
#5402 = ORIENTED_EDGE ( 'NONE', *, *, #2847, .F. ) ;
#5403 = CARTESIAN_POINT ( 'NONE',  ( 6.516585068083168508, 2.000000000000000000, 3.290002895201689537 ) ) ;
#5404 = EDGE_LOOP ( 'NONE', ( #6727, #7229, #2721, #1989 ) ) ;
#5405 = AXIS2_PLACEMENT_3D ( 'NONE', #2979, #6206, #1584 ) ;
#5406 = DIRECTION ( 'NONE',  ( -0.7071067811865474617, -0.000000000000000000, 0.7071067811865476838 ) ) ;
#5407 = CARTESIAN_POINT ( 'NONE',  ( 1.438959988998140357E-15, 0.000000000000000000, 11.75000000000000178 ) ) ;
#5408 = CARTESIAN_POINT ( 'NONE',  ( 1.706446182049983218, 4.074854318852157320, -11.87808303364606921 ) ) ;
#5409 = EDGE_CURVE ( 'NONE', #6989, #5270, #4122, .T. ) ;
#5410 = CARTESIAN_POINT ( 'NONE',  ( 1.775737858763662163E-16, 19.00000000000000355, -1.400000000000000133 ) ) ;
#5411 = CARTESIAN_POINT ( 'NONE',  ( 0.000000000000000000, -8.899999999999998579, 0.000000000000000000 ) ) ;
#5412 = CIRCLE ( 'NONE', #6479, 1.317565283458833170 ) ;
#5413 = DIRECTION ( 'NONE',  ( 0.7071067811865475727, 0.000000000000000000, -0.7071067811865475727 ) ) ;
#5414 = ORIENTED_EDGE ( 'NONE', *, *, #3134, .F. ) ;
#5415 = APPROVAL_ROLE ( '' ) ;
#5416 = CIRCLE ( 'NONE', #318, 5.000000000000000000 ) ;
#5417 = ORIENTED_EDGE ( 'NONE', *, *, #6492, .T. ) ;
#5418 = CARTESIAN_POINT ( 'NONE',  ( 13.10776931489134434, 5.928903179917758060, 4.316961768045955772 ) ) ;
#5419 = CARTESIAN_POINT ( 'NONE',  ( -8.426488874308844856, 16.00000000000000000, 7.070663706551828298 ) ) ;
#5420 = CARTESIAN_POINT ( 'NONE',  ( -3.091507654588485199, 17.50000000000000000, -4.037083046276517706 ) ) ;
#5421 = LINE ( 'NONE', #1462, #5829 ) ;
#5422 = AXIS2_PLACEMENT_3D ( 'NONE', #7562, #1367, #7211 ) ;
#5423 = LINE ( 'NONE', #1465, #636 ) ;
#5424 = EDGE_LOOP ( 'NONE', ( #7531, #6694, #4624, #1204, #4725, #5296 ) ) ;
#5425 = DIRECTION ( 'NONE',  ( -0.8660254037844397068, 0.000000000000000000, 0.4999999999999979461 ) ) ;
#5426 = ORIENTED_EDGE ( 'NONE', *, *, #6613, .F. ) ;
#5427 = LINE ( 'NONE', #970, #4599 ) ;
#5428 = CARTESIAN_POINT ( 'NONE',  ( 0.000000000000000000, 0.000000000000000000, 0.000000000000000000 ) ) ;
#5429 = AXIS2_PLACEMENT_3D ( 'NONE', #53, #5932, #3340 ) ;
#5430 = DIRECTION ( 'NONE',  ( 0.7071067811865475727, 0.000000000000000000, 0.7071067811865474617 ) ) ;
#5431 = LINE ( 'NONE', #7324, #892 ) ;
#5432 = AXIS2_PLACEMENT_3D ( 'NONE', #5926, #5800, #1349 ) ;
#5433 = CYLINDRICAL_SURFACE ( 'NONE', #1435, 5.000000000000000000 ) ;
#5434 = ORIENTED_EDGE ( 'NONE', *, *, #1406, .T. ) ;
#5435 = EDGE_CURVE ( 'NONE', #2066, #712, #750, .T. ) ;
#5436 = ORIENTED_EDGE ( 'NONE', *, *, #7991, .F. ) ;
#5437 = ORIENTED_EDGE ( 'NONE', *, *, #4150, .T. ) ;
#5438 = LINE ( 'NONE', #4261, #3682 ) ;
#5439 = CARTESIAN_POINT ( 'NONE',  ( -2.338123282305887063, 17.50000000000000000, -13.54974831931350465 ) ) ;
#5440 = CARTESIAN_POINT ( 'NONE',  ( -5.604609863433041461, 13.50000000000000178, 1.183818151790956730 ) ) ;
#5441 = VECTOR ( 'NONE', #3933, 1000.000000000000000 ) ;
#5442 = ORIENTED_EDGE ( 'NONE', *, *, #2903, .F. ) ;
#5443 = LINE ( 'NONE', #1444, #6261 ) ;
#5444 = ORIENTED_EDGE ( 'NONE', *, *, #8355, .F. ) ;
#5445 = DIRECTION ( 'NONE',  ( 0.7071067811865475727, 0.000000000000000000, 0.7071067811865475727 ) ) ;
#5446 = CARTESIAN_POINT ( 'NONE',  ( -4.924038765061051315, 16.00000000000000000, 0.8682408883345857920 ) ) ;
#5447 = DIRECTION ( 'NONE',  ( 0.6427876096865270394, 0.000000000000000000, 0.7660444431189883385 ) ) ;
#5448 = DIRECTION ( 'NONE',  ( 7.999791739217606182E-17, 1.000000000000000000, 7.999791739217603716E-17 ) ) ;
#5449 = DIRECTION ( 'NONE',  ( 0.000000000000000000, 1.000000000000000000, 0.000000000000000000 ) ) ;
#5450 = ADVANCED_FACE ( 'NONE', ( #4540 ), #7144, .F. ) ;
#5451 = ADVANCED_FACE ( 'NONE', ( #116 ), #2563, .T. ) ;
#5452 = DIRECTION ( 'NONE',  ( -0.000000000000000000, 1.000000000000000000, 0.000000000000000000 ) ) ;
#5453 = AXIS2_PLACEMENT_3D ( 'NONE', #1145, #3121, #4389 ) ;
#5454 = ORIENTED_EDGE ( 'NONE', *, *, #540, .T. ) ;
#5455 = PERSON_AND_ORGANIZATION ( #3572, #663 ) ;
#5456 = VERTEX_POINT ( 'NONE', #2687 ) ;
#5457 = DIRECTION ( 'NONE',  ( 0.000000000000000000, 0.000000000000000000, -1.000000000000000000 ) ) ;
#5458 = LINE ( 'NONE', #8040, #953 ) ;
#5459 = DIRECTION ( 'NONE',  ( 0.7071067811865475727, 0.000000000000000000, 0.7071067811865475727 ) ) ;
#5460 = CARTESIAN_POINT ( 'NONE',  ( -10.83288528313431520, 16.00000000000000000, 1.910129954336087454 ) ) ;
#5461 = AXIS2_PLACEMENT_3D ( 'NONE', #319, #4010, #4181 ) ;
#5462 = CC_DESIGN_PERSON_AND_ORGANIZATION_ASSIGNMENT ( #1497, #153, ( #7584 ) ) ;
#5463 = CARTESIAN_POINT ( 'NONE',  ( 1.710100716628362605, 16.00000000000000000, -4.698463103929535478 ) ) ;
#5464 = ORIENTED_EDGE ( 'NONE', *, *, #6964, .F. ) ;
#5465 = CARTESIAN_POINT ( 'NONE',  ( -4.316524503637697130, 5.928741282834316451, -13.10790991828091023 ) ) ;
#5466 = ORIENTED_EDGE ( 'NONE', *, *, #4835, .F. ) ;
#5467 = DIRECTION ( 'NONE',  ( 1.000000000000000000, 0.000000000000000000, -1.047444401652940007E-14 ) ) ;
#5468 = CARTESIAN_POINT ( 'NONE',  ( 13.07541463608768062, 5.955563930812988183, -4.414085591447371115 ) ) ;
#5469 = CARTESIAN_POINT ( 'NONE',  ( 0.000000000000000000, 17.50000000000000000, -6.000000000000000000 ) ) ;
#5470 = VECTOR ( 'NONE', #4087, 1000.000000000000000 ) ;
#5471 = FACE_BOUND ( 'NONE', #5732, .T. ) ;
#5472 = ORIENTED_EDGE ( 'NONE', *, *, #4894, .T. ) ;
#5473 = CARTESIAN_POINT ( 'NONE',  ( -3.091507654588485199, 17.50000000000000000, -5.354648329735351098 ) ) ;
#5474 = ORIENTED_EDGE ( 'NONE', *, *, #7825, .T. ) ;
#5475 = AXIS2_PLACEMENT_3D ( 'NONE', #713, #8269, #2525 ) ;
#5476 = EDGE_CURVE ( 'NONE', #4503, #6439, #3721, .T. ) ;
#5477 = ORIENTED_EDGE ( 'NONE', *, *, #3663, .F. ) ;
#5478 = ORIENTED_EDGE ( 'NONE', *, *, #8336, .T. ) ;
#5479 = FACE_OUTER_BOUND ( 'NONE', #2085, .T. ) ;
#5480 = DIRECTION ( 'NONE',  ( 0.000000000000000000, -1.000000000000000000, 0.000000000000000000 ) ) ;
#5481 = DIRECTION ( 'NONE',  ( 0.000000000000000000, 0.000000000000000000, 1.000000000000000000 ) ) ;
#5482 = VECTOR ( 'NONE', #7263, 1000.000000000000114 ) ;
#5483 = ADVANCED_FACE ( 'NONE', ( #7826, #5752 ), #6424, .T. ) ;
#5484 = DIRECTION ( 'NONE',  ( 0.7071067811865475727, 0.000000000000000000, 0.7071067811865475727 ) ) ;
#5485 = ORIENTED_EDGE ( 'NONE', *, *, #4981, .F. ) ;
#5486 = DIRECTION ( 'NONE',  ( 0.000000000000000000, -1.000000000000000000, 0.000000000000000000 ) ) ;
#5487 = CYLINDRICAL_SURFACE ( 'NONE', #3388, 2.199999999999997069 ) ;
#5488 = AXIS2_PLACEMENT_3D ( 'NONE', #1202, #5068, #3726 ) ;
#5489 = LINE ( 'NONE', #5528, #6335 ) ;
#5490 = CARTESIAN_POINT ( 'NONE',  ( 0.000000000000000000, 16.00000000000000000, 0.000000000000000000 ) ) ;
#5491 = CARTESIAN_POINT ( 'NONE',  ( -9.731284662494513071, 17.50000000000000000, -8.237997257677312390 ) ) ;
#5492 = DIRECTION ( 'NONE',  ( 0.000000000000000000, 1.000000000000000000, 0.000000000000000000 ) ) ;
#5493 = EDGE_CURVE ( 'NONE', #1355, #5008, #7182, .T. ) ;
#5494 = ADVANCED_FACE ( 'NONE', ( #5168 ), #7869, .F. ) ;
#5495 = AXIS2_PLACEMENT_3D ( 'NONE', #6045, #4162, #5294 ) ;
#5496 = CARTESIAN_POINT ( 'NONE',  ( 0.000000000000000000, 16.00000000000000000, 0.000000000000000000 ) ) ;
#5497 = ORIENTED_EDGE ( 'NONE', *, *, #5285, .T. ) ;
#5498 = APPROVAL_STATUS ( 'not_yet_approved' ) ;
#5499 = ORIENTED_EDGE ( 'NONE', *, *, #4287, .T. ) ;
#5500 = CARTESIAN_POINT ( 'NONE',  ( 1.836970198721029688E-16, 0.000000000000000000, 1.499999999999999778 ) ) ;
#5501 = CARTESIAN_POINT ( 'NONE',  ( 2.314977754764830475, 16.83340189783331198, 13.21541303192475247 ) ) ;
#5503 = EDGE_CURVE ( 'NONE', #7876, #4804, #3361, .T. ) ;
#5502 = CARTESIAN_POINT ( 'NONE',  ( 1.710100716628362605, 16.00000000000000000, -4.698463103929535478 ) ) ;
#5504 = DIRECTION ( 'NONE',  ( -0.7071067811865476838, 0.000000000000000000, -0.7071067811865474617 ) ) ;
#5505 = ORIENTED_EDGE ( 'NONE', *, *, #838, .T. ) ;
#5506 = DIRECTION ( 'NONE',  ( -0.000000000000000000, -1.000000000000000000, -0.000000000000000000 ) ) ;
#5507 = EDGE_LOOP ( 'NONE', ( #7585, #7490, #5799, #947, #5869, #2328 ) ) ;
#5508 = LINE ( 'NONE', #3620, #711 ) ;
#5509 = DIRECTION ( 'NONE',  ( -0.000000000000000000, -1.000000000000000000, -0.000000000000000000 ) ) ;
#5510 = EDGE_CURVE ( 'NONE', #1588, #1528, #2617, .T. ) ;
#5511 = CARTESIAN_POINT ( 'NONE',  ( -10.83288528313431520, 8.000000000000000000, 1.910129954336087454 ) ) ;
#5512 = VECTOR ( 'NONE', #5041, 1000.000000000000000 ) ;
#5513 = ORIENTED_EDGE ( 'NONE', *, *, #4837, .T. ) ;
#5514 = DIRECTION ( 'NONE',  ( 0.000000000000000000, -1.000000000000000000, -0.000000000000000000 ) ) ;
#5515 = ORIENTED_EDGE ( 'NONE', *, *, #7055, .T. ) ;
#5516 = AXIS2_PLACEMENT_3D ( 'NONE', #616, #2465, #8342 ) ;
#5517 = VERTEX_POINT ( 'NONE', #7788 ) ;
#5518 = ORIENTED_EDGE ( 'NONE', *, *, #423, .T. ) ;
#5519 = CARTESIAN_POINT ( 'NONE',  ( 1.777088338804358569, 15.50000000000000000, -5.445643595929342773 ) ) ;
#5520 = DIRECTION ( 'NONE',  ( -0.06906319355583728781, -0.000000000000000000, -0.9976122870613959304 ) ) ;
#5521 = DIRECTION ( 'NONE',  ( 0.000000000000000000, 1.000000000000000000, 0.000000000000000000 ) ) ;
#5522 = EDGE_CURVE ( 'NONE', #4923, #4067, #4764, .T. ) ;
#5523 = VECTOR ( 'NONE', #1196, 1000.000000000000000 ) ;
#5524 = DIRECTION ( 'NONE',  ( 0.000000000000000000, 0.000000000000000000, -1.000000000000000000 ) ) ;
#5525 = ORIENTED_EDGE ( 'NONE', *, *, #2011, .F. ) ;
#5526 = LINE ( 'NONE', #8071, #5753 ) ;
#5527 = CARTESIAN_POINT ( 'NONE',  ( -4.698463103929552354, 8.000000000000000000, 1.710100716628313977 ) ) ;
#5528 = CARTESIAN_POINT ( 'NONE',  ( 0.000000000000000000, 0.000000000000000000, -13.75000000000000178 ) ) ;
#5529 = AXIS2_PLACEMENT_3D ( 'NONE', #5751, #5791, #1691 ) ;
#5530 = CARTESIAN_POINT ( 'NONE',  ( 0.000000000000000000, 16.00000000000000000, 0.000000000000000000 ) ) ;
#5531 = DIRECTION ( 'NONE',  ( -0.000000000000000000, -1.000000000000000000, -0.000000000000000000 ) ) ;
#5532 = CARTESIAN_POINT ( 'NONE',  ( 12.90348790056398443, 13.50000000000000178, 4.749999999999879208 ) ) ;
#5533 = CIRCLE ( 'NONE', #1912, 11.75000000000000178 ) ;
#5534 = ORIENTED_EDGE ( 'NONE', *, *, #7982, .T. ) ;
#5535 = DIRECTION ( 'NONE',  ( 1.000000000000000000, 0.000000000000000000, 1.047444401652940007E-14 ) ) ;
#5536 = EDGE_CURVE ( 'NONE', #4553, #209, #7593, .T. ) ;
#5537 = APPROVAL_DATE_TIME ( #4784, #4993 ) ;
#5538 = VERTEX_POINT ( 'NONE', #2772 ) ;
#5539 = DIRECTION ( 'NONE',  ( 0.000000000000000000, -1.000000000000000000, 0.000000000000000000 ) ) ;
#5540 = DIRECTION ( 'NONE',  ( 0.000000000000000000, 0.000000000000000000, 1.000000000000000000 ) ) ;
#5541 = CIRCLE ( 'NONE', #6607, 2.199999999999997957 ) ;
#5542 = CARTESIAN_POINT ( 'NONE',  ( -3.827521524628603178, 17.50000000000000000, 4.261825444138396257 ) ) ;
#5543 = AXIS2_PLACEMENT_3D ( 'NONE', #7407, #7360, #4880 ) ;
#5544 = DIRECTION ( 'NONE',  ( 0.000000000000000000, 1.000000000000000000, 0.000000000000000000 ) ) ;
#5545 = VERTEX_POINT ( 'NONE', #835 ) ;
#5546 = LINE ( 'NONE', #7574, #7243 ) ;
#5547 = ORIENTED_EDGE ( 'NONE', *, *, #4863, .T. ) ;
#5548 = CARTESIAN_POINT ( 'NONE',  ( 11.99995723270230918, 17.50000000000000000, -4.308541100339580154 ) ) ;
#5549 = CARTESIAN_POINT ( 'NONE',  ( 0.000000000000000000, 16.00000000000000000, 0.000000000000000000 ) ) ;
#5550 = LINE ( 'NONE', #3071, #6132 ) ;
#5551 = AXIS2_PLACEMENT_3D ( 'NONE', #4564, #5364, #103 ) ;
#5552 = VERTEX_POINT ( 'NONE', #5460 ) ;
#5553 = EDGE_CURVE ( 'NONE', #8061, #4488, #8284, .T. ) ;
#5554 = DIRECTION ( 'NONE',  ( 0.000000000000000000, 1.000000000000000000, 0.000000000000000000 ) ) ;
#5555 = ORIENTED_EDGE ( 'NONE', *, *, #8268, .F. ) ;
#5556 = EDGE_CURVE ( 'NONE', #8149, #4762, #2217, .T. ) ;
#5557 = AXIS2_PLACEMENT_3D ( 'NONE', #5610, #5729, #1152 ) ;
#5558 = ORIENTED_EDGE ( 'NONE', *, *, #1084, .T. ) ;
#5559 = VERTEX_POINT ( 'NONE', #7913 ) ;
#5560 = CARTESIAN_POINT ( 'NONE',  ( 0.000000000000000000, 13.50000000000000178, 0.000000000000000000 ) ) ;
#5561 = CARTESIAN_POINT ( 'NONE',  ( -11.53012377657203480, 4.223722372889497478, -13.22718005141974196 ) ) ;
#5562 = DIRECTION ( 'NONE',  ( 0.000000000000000000, -1.000000000000000000, 0.000000000000000000 ) ) ;
#5563 = AXIS2_PLACEMENT_3D ( 'NONE', #3955, #3250, #3833 ) ;
#5564 = B_SPLINE_CURVE_WITH_KNOTS ( 'NONE', 3,
 ( #8116, #3469, #2330, #4897, #7980, #7471, #1697, #552, #1570, #6826, #1069, #3636, #6305, #2159 ),
 .UNSPECIFIED., .F., .F.,
 ( 4, 2, 2, 2, 2, 2, 4 ),
 ( 0.000000000000000000, 0.0003205247344386579844, 0.0006410494688773159689, 0.0009615742033159739533, 0.001282098937754632155, 0.001923148406631948991, 0.002564197875509266044 ),
 .UNSPECIFIED. ) ;
#5565 = CARTESIAN_POINT ( 'NONE',  ( 0.000000000000000000, 0.000000000000000000, 0.000000000000000000 ) ) ;
#5566 = EDGE_LOOP ( 'NONE', ( #3056, #7724 ) ) ;
#5567 = ADVANCED_FACE ( 'NONE', ( #6720 ), #5999, .F. ) ;
#5568 = CARTESIAN_POINT ( 'NONE',  ( 0.000000000000000000, 16.00000000000000000, 0.000000000000000000 ) ) ;
#5569 = DIRECTION ( 'NONE',  ( -0.4999999999999949485, 0.000000000000000000, -0.8660254037844415942 ) ) ;
#5570 = AXIS2_PLACEMENT_3D ( 'NONE', #7732, #8343, #1964 ) ;
#5571 = CARTESIAN_POINT ( 'NONE',  ( -1.710100716628297102, 16.00000000000000000, -4.698463103929558571 ) ) ;
#5572 = CARTESIAN_POINT ( 'NONE',  ( 4.608333795188796600, 2.999999999999998668, -13.00950364264018511 ) ) ;
#5573 = CARTESIAN_POINT ( 'NONE',  ( 5.273018338884787326, 2.000000000000000000, 10.44438976665389518 ) ) ;
#5574 = CIRCLE ( 'NONE', #1949, 11.00000000000000000 ) ;
#5575 = VERTEX_POINT ( 'NONE', #6083 ) ;
#5576 = DIRECTION ( 'NONE',  ( 0.000000000000000000, 0.000000000000000000, -1.000000000000000000 ) ) ;
#5577 = PERSON_AND_ORGANIZATION_ROLE ( 'creator' ) ;
#5578 = ORIENTED_EDGE ( 'NONE', *, *, #1644, .F. ) ;
#5579 = CARTESIAN_POINT ( 'NONE',  ( 13.41442773151989876, 4.083963685033093149, 3.239409476306268409 ) ) ;
#5580 = CIRCLE ( 'NONE', #7053, 11.00000000000000000 ) ;
#5581 = DIRECTION ( 'NONE',  ( -0.8660254037844398178, 0.000000000000000000, 0.4999999999999980571 ) ) ;
#5582 = FACE_OUTER_BOUND ( 'NONE', #671, .T. ) ;
#5583 = EDGE_CURVE ( 'NONE', #802, #8334, #7270, .T. ) ;
#5584 = VECTOR ( 'NONE', #983, 1000.000000000000000 ) ;
#5585 = FACE_OUTER_BOUND ( 'NONE', #2450, .T. ) ;
#5586 = ORIENTED_EDGE ( 'NONE', *, *, #6363, .T. ) ;
#5587 = FACE_BOUND ( 'NONE', #3533, .T. ) ;
#5588 = ORIENTED_EDGE ( 'NONE', *, *, #4602, .F. ) ;
#5589 = DIRECTION ( 'NONE',  ( 1.000000000000000000, 0.000000000000000000, -8.820551857043884749E-15 ) ) ;
#5590 = ORIENTED_EDGE ( 'NONE', *, *, #1351, .F. ) ;
#5591 = CARTESIAN_POINT ( 'NONE',  ( 1.714505518806294638E-16, 18.90000000000000213, -1.400000000000000133 ) ) ;
#5592 = AXIS2_PLACEMENT_3D ( 'NONE', #2241, #5940, #1568 ) ;
#5593 = VERTEX_POINT ( 'NONE', #1544 ) ;
#5594 = LINE ( 'NONE', #976, #3727 ) ;
#5595 = VECTOR ( 'NONE', #160, 1000.000000000000227 ) ;
#5596 = ORIENTED_EDGE ( 'NONE', *, *, #6214, .F. ) ;
#5597 = ORIENTED_EDGE ( 'NONE', *, *, #3687, .T. ) ;
#5598 = AXIS2_PLACEMENT_3D ( 'NONE', #3337, #6013, #5887 ) ;
#5599 = EDGE_LOOP ( 'NONE', ( #4391, #7234, #3927, #7307 ) ) ;
#5600 = DIRECTION ( 'NONE',  ( 0.9848077530122086864, 0.000000000000000000, 0.1736481776669272226 ) ) ;
#5601 = DIRECTION ( 'NONE',  ( -0.000000000000000000, -1.000000000000000000, -0.000000000000000000 ) ) ;
#5602 = LINE ( 'NONE', #7631, #4648 ) ;
#5603 = EDGE_CURVE ( 'NONE', #3220, #1645, #5421, .T. ) ;
#5604 = EDGE_CURVE ( 'NONE', #6122, #4772, #8042, .T. ) ;
#5605 = VECTOR ( 'NONE', #2317, 1000.000000000000000 ) ;
#5606 = DIRECTION ( 'NONE',  ( 0.7071067811865475727, 0.000000000000000000, -0.7071067811865475727 ) ) ;
#5607 = ORIENTED_EDGE ( 'NONE', *, *, #3143, .T. ) ;
#5608 = DIRECTION ( 'NONE',  ( 0.000000000000000000, 1.000000000000000000, 0.000000000000000000 ) ) ;
#5609 = CARTESIAN_POINT ( 'NONE',  ( -4.924038765061034439, 8.000000000000000000, -0.8682408883346889317 ) ) ;
#5610 = CARTESIAN_POINT ( 'NONE',  ( -5.196152422706618701, 17.50000000000000000, 3.000000000000024869 ) ) ;
#5611 = TOROIDAL_SURFACE ( 'NONE', #6548, 1.400000000000000133, 0.1000000000000000056 ) ;
#5612 = CARTESIAN_POINT ( 'NONE',  ( 3.275699974182584295, 3.986178951785803726, -13.40567564308725856 ) ) ;
#5613 = CARTESIAN_POINT ( 'NONE',  ( -2.314977754764830475, 16.83340189783331198, -13.21541303192475247 ) ) ;
#5614 = EDGE_CURVE ( 'NONE', #6558, #1140, #3292, .T. ) ;
#5615 = VERTEX_POINT ( 'NONE', #1504 ) ;
#5616 = CARTESIAN_POINT ( 'NONE',  ( 3.190008605103133110, 4.714690080462458965, 13.42626121519765725 ) ) ;
#5617 = APPROVAL_ROLE ( '' ) ;
#5618 = ORIENTED_EDGE ( 'NONE', *, *, #4770, .T. ) ;
#5619 = CARTESIAN_POINT ( 'NONE',  ( -13.01010904980954486, 6.000000000000003553, 4.606703787129069028 ) ) ;
#5620 = FACE_OUTER_BOUND ( 'NONE', #2476, .T. ) ;
#5621 = DIRECTION ( 'NONE',  ( -0.000000000000000000, 1.000000000000000000, -0.000000000000000000 ) ) ;
#5622 = CARTESIAN_POINT ( 'NONE',  ( -13.22718005141974906, 4.223722372889497478, -11.53012377657202947 ) ) ;
#5623 = AXIS2_PLACEMENT_3D ( 'NONE', #2611, #7110, #3830 ) ;
#5624 = ADVANCED_FACE ( 'NONE', ( #923 ), #7952, .T. ) ;
#5625 = CARTESIAN_POINT ( 'NONE',  ( 2.500000000000005329, 8.000000000000000000, -4.330127018922190985 ) ) ;
#5626 = DIRECTION ( 'NONE',  ( 0.7071067811865474617, 0.000000000000000000, -0.7071067811865474617 ) ) ;
#5627 = ORIENTED_EDGE ( 'NONE', *, *, #1487, .F. ) ;
#5628 = LOCAL_TIME ( 11, 36, 54.00000000000000000, #4279 ) ;
#5629 = CARTESIAN_POINT ( 'NONE',  ( -1.910129954336200697, 8.000000000000000000, -10.83288528313429389 ) ) ;
#5630 = VERTEX_POINT ( 'NONE', #6677 ) ;
#5631 = DIRECTION ( 'NONE',  ( -0.000000000000000000, -1.000000000000000000, 0.000000000000000000 ) ) ;
#5632 = DIRECTION ( 'NONE',  ( -0.5000000000000009992, 0.000000000000000000, 0.8660254037844380415 ) ) ;
#5633 = CARTESIAN_POINT ( 'NONE',  ( 0.000000000000000000, 3.000000000000000888, 0.000000000000000000 ) ) ;
#5634 = ORIENTED_EDGE ( 'NONE', *, *, #5953, .T. ) ;
#5635 = CARTESIAN_POINT ( 'NONE',  ( 0.000000000000000000, 0.000000000000000000, -11.75000000000000178 ) ) ;
#5636 = ORIENTED_EDGE ( 'NONE', *, *, #191, .T. ) ;
#5637 = ORIENTED_EDGE ( 'NONE', *, *, #7467, .F. ) ;
#5638 = EDGE_CURVE ( 'NONE', #2337, #462, #2746, .T. ) ;
#5639 = ORIENTED_EDGE ( 'NONE', *, *, #1216, .F. ) ;
#5640 = EDGE_CURVE ( 'NONE', #2139, #2211, #7456, .T. ) ;
#5641 = CIRCLE ( 'NONE', #3495, 11.00000000000000000 ) ;
#5642 = DIRECTION ( 'NONE',  ( -0.000000000000000000, -1.000000000000000000, -0.000000000000000000 ) ) ;
#5643 = DIRECTION ( 'NONE',  ( -0.000000000000000000, -1.000000000000000000, -0.000000000000000000 ) ) ;
#5644 = AXIS2_PLACEMENT_3D ( 'NONE', #6455, #3310, #2037 ) ;
#5645 = DIRECTION ( 'NONE',  ( 0.000000000000000000, 1.000000000000000000, 0.000000000000000000 ) ) ;
#5646 = ORIENTED_EDGE ( 'NONE', *, *, #6436, .T. ) ;
#5647 = DIRECTION ( 'NONE',  ( 0.000000000000000000, -1.000000000000000000, 0.000000000000000000 ) ) ;
#5648 = EDGE_CURVE ( 'NONE', #5552, #5216, #1586, .T. ) ;
#5649 = DIRECTION ( 'NONE',  ( 0.5000000000000009992, 0.000000000000000000, -0.8660254037844381525 ) ) ;
#5650 = CARTESIAN_POINT ( 'NONE',  ( 0.000000000000000000, 17.50000000000000000, -6.000000000000000000 ) ) ;
#5651 = DIRECTION ( 'NONE',  ( 0.000000000000000000, 0.000000000000000000, 1.000000000000000000 ) ) ;
#5652 = FACE_OUTER_BOUND ( 'NONE', #7879, .T. ) ;
#5653 = ORIENTED_EDGE ( 'NONE', *, *, #6965, .F. ) ;
#5654 = CIRCLE ( 'NONE', #6595, 0.7999999999999936051 ) ;
#5655 = CARTESIAN_POINT ( 'NONE',  ( -8.673475836397468441, 4.500000000000001776, -18.92652416360250101 ) ) ;
#5656 = EDGE_CURVE ( 'NONE', #4169, #2908, #1630, .T. ) ;
#5657 = EDGE_CURVE ( 'NONE', #2526, #3035, #7858, .T. ) ;
#5658 = DATE_AND_TIME ( #6450, #3889 ) ;
#5659 = ORIENTED_EDGE ( 'NONE', *, *, #4442, .F. ) ;
#5660 = DIRECTION ( 'NONE',  ( -0.000000000000000000, -1.000000000000000000, -0.000000000000000000 ) ) ;
#5661 = CARTESIAN_POINT ( 'NONE',  ( 3.827521524628622274, 17.50000000000000000, 4.261825444138377605 ) ) ;
#5662 = PLANE ( 'NONE',  #3694 ) ;
#5663 = DIRECTION ( 'NONE',  ( -0.000000000000000000, 1.000000000000000000, -0.000000000000000000 ) ) ;
#5664 = VECTOR ( 'NONE', #1249, 1000.000000000000000 ) ;
#5665 = DIRECTION ( 'NONE',  ( 0.000000000000000000, 0.000000000000000000, -1.000000000000000000 ) ) ;
#5666 = DIRECTION ( 'NONE',  ( -0.7071067811865474617, -0.000000000000000000, 0.7071067811865476838 ) ) ;
#5667 = VERTEX_POINT ( 'NONE', #1405 ) ;
#5668 = AXIS2_PLACEMENT_3D ( 'NONE', #7921, #1427, #1387 ) ;
#5669 = CC_DESIGN_DATE_AND_TIME_ASSIGNMENT ( #7137, #7907, ( #5307 ) ) ;
#5670 = VERTEX_POINT ( 'NONE', #818 ) ;
#5671 = CARTESIAN_POINT ( 'NONE',  ( -12.93653194863400024, 3.000000000000000000, -4.804803964988762388 ) ) ;
#5672 = CARTESIAN_POINT ( 'NONE',  ( 0.000000000000000000, 8.000000000000000000, 0.000000000000000000 ) ) ;
#5673 = DIRECTION ( 'NONE',  ( -0.8660254037844434816, 0.000000000000000000, -0.4999999999999916733 ) ) ;
#5674 = CIRCLE ( 'NONE', #3127, 1.317565283458833392 ) ;
#5675 = ORIENTED_EDGE ( 'NONE', *, *, #7060, .T. ) ;
#5676 = LINE ( 'NONE', #7622, #3329 ) ;
#5677 = VERTEX_POINT ( 'NONE', #5774 ) ;
#5678 = FACE_OUTER_BOUND ( 'NONE', #6056, .T. ) ;
#5679 = ORIENTED_EDGE ( 'NONE', *, *, #403, .F. ) ;
#5680 = ORIENTED_EDGE ( 'NONE', *, *, #2814, .T. ) ;
#5681 = CONICAL_SURFACE ( 'NONE', #6217, 13.75000000000000178, 0.7853981633974526089 ) ;
#5682 = DIRECTION ( 'NONE',  ( 0.000000000000000000, 0.000000000000000000, 1.000000000000000000 ) ) ;
#5683 = DIRECTION ( 'NONE',  ( -0.7071067811865475727, 0.000000000000000000, 0.7071067811865475727 ) ) ;
#5684 = ADVANCED_FACE ( 'NONE', ( #19 ), #652, .F. ) ;
#5685 = AXIS2_PLACEMENT_3D ( 'NONE', #5530, #4775, #4271 ) ;
#5686 = CARTESIAN_POINT ( 'NONE',  ( 10.44438976665387564, 2.000000000000000000, -5.273018338884823741 ) ) ;
#5687 = VERTEX_POINT ( 'NONE', #3306 ) ;
#5688 = ORIENTED_EDGE ( 'NONE', *, *, #2347, .F. ) ;
#5689 = DIRECTION ( 'NONE',  ( 0.7071067811865474617, -0.000000000000000000, -0.7071067811865476838 ) ) ;
#5690 = CARTESIAN_POINT ( 'NONE',  ( 0.000000000000000000, 8.000000000000000000, 11.00000000000000000 ) ) ;
#5691 = DIRECTION ( 'NONE',  ( -0.000000000000000000, -1.000000000000000000, -0.000000000000000000 ) ) ;
#5692 = DIRECTION ( 'NONE',  ( 0.000000000000000000, 1.000000000000000000, 0.000000000000000000 ) ) ;
#5693 = VECTOR ( 'NONE', #7400, 1000.000000000000227 ) ;
#5694 = ORIENTED_EDGE ( 'NONE', *, *, #5638, .T. ) ;
#5695 = VECTOR ( 'NONE', #1207, 1000.000000000000000 ) ;
#5696 = CARTESIAN_POINT ( 'NONE',  ( 3.859383156451055452, 5.722700536135441496, 13.25033740415616457 ) ) ;
#5697 = ORIENTED_EDGE ( 'NONE', *, *, #6599, .T. ) ;
#5698 = CARTESIAN_POINT ( 'NONE',  ( -13.37120896404996095, 5.291842831821614190, 3.414682436381554442 ) ) ;
#5699 = CARTESIAN_POINT ( 'NONE',  ( 0.8682408883346373063, 16.00000000000000000, 4.924038765061042433 ) ) ;
#5700 = DIRECTION ( 'NONE',  ( -0.000000000000000000, -1.000000000000000000, -0.000000000000000000 ) ) ;
#5701 = DIRECTION ( 'NONE',  ( 0.7071067811865475727, 0.000000000000000000, -0.7071067811865475727 ) ) ;
#5702 = EDGE_CURVE ( 'NONE', #7338, #1468, #5151, .T. ) ;
#5703 = EDGE_CURVE ( 'NONE', #2402, #4295, #2630, .T. ) ;
#5704 = DIRECTION ( 'NONE',  ( 0.000000000000000000, 1.000000000000000000, 0.000000000000000000 ) ) ;
#5705 = CARTESIAN_POINT ( 'NONE',  ( 11.72080027672427960, 5.820947947917771259, -2.575241291748307848 ) ) ;
#5706 = ORIENTED_EDGE ( 'NONE', *, *, #7301, .F. ) ;
#5707 = ORIENTED_EDGE ( 'NONE', *, *, #5367, .F. ) ;
#5708 = DIRECTION ( 'NONE',  ( 0.000000000000000000, -1.000000000000000000, 0.000000000000000000 ) ) ;
#5709 = DIRECTION ( 'NONE',  ( -0.5000000000000009992, 0.000000000000000000, 0.8660254037844380415 ) ) ;
#5710 = CARTESIAN_POINT ( 'NONE',  ( -3.091507654588485199, 13.50000000000000178, -5.354648329735351098 ) ) ;
#5711 = AXIS2_PLACEMENT_3D ( 'NONE', #7081, #2667, #5895 ) ;
#5712 = APPROVAL ( #4908, 'æœª' ) ;
#5713 = EDGE_LOOP ( 'NONE', ( #1688, #7015, #843, #3138 ) ) ;
#5714 = CARTESIAN_POINT ( 'NONE',  ( 9.500000000000000000, 0.000000000000000000, -1.249999999999993339 ) ) ;
#5715 = EDGE_LOOP ( 'NONE', ( #6805, #4255, #6446, #2622 ) ) ;
#5716 = CARTESIAN_POINT ( 'NONE',  ( 0.000000000000000000, -1.402220585023716934E-15, 8.000000000000000000 ) ) ;
#5717 = ORIENTED_EDGE ( 'NONE', *, *, #5324, .T. ) ;
#5718 = CIRCLE ( 'NONE', #77, 11.00000000000000178 ) ;
#5719 = VERTEX_POINT ( 'NONE', #62 ) ;
#5720 = CARTESIAN_POINT ( 'NONE',  ( 10.33661882864496562, 16.00000000000000000, 3.762221576582435834 ) ) ;
#5721 = CARTESIAN_POINT ( 'NONE',  ( -8.896404679647130109, 13.50000000000000178, 7.675707379515762874 ) ) ;
#5722 = EDGE_CURVE ( 'NONE', #257, #798, #1312, .T. ) ;
#5723 = DIRECTION ( 'NONE',  ( 0.000000000000000000, 0.000000000000000000, -1.000000000000000000 ) ) ;
#5724 = B_SPLINE_CURVE_WITH_KNOTS ( 'NONE', 3,
 ( #6327, #3732, #1206, #3140 ),
 .UNSPECIFIED., .F., .F.,
 ( 4, 4 ),
 ( 2.835790007761543165E-07, 0.001418470318416954496 ),
 .UNSPECIFIED. ) ;
#5725 = VERTEX_POINT ( 'NONE', #4013 ) ;
#5726 = VECTOR ( 'NONE', #8194, 1000.000000000000000 ) ;
#5727 = EDGE_LOOP ( 'NONE', ( #6695, #2524, #3118, #1297 ) ) ;
#5728 = CARTESIAN_POINT ( 'NONE',  ( 0.000000000000000000, 16.00000000000000000, 0.000000000000000000 ) ) ;
#5729 = DIRECTION ( 'NONE',  ( 0.000000000000000000, 1.000000000000000000, 0.000000000000000000 ) ) ;
#5730 = CARTESIAN_POINT ( 'NONE',  ( 0.000000000000000000, 1.000000000000007772, 0.000000000000000000 ) ) ;
#5731 = CARTESIAN_POINT ( 'NONE',  ( -9.883272722524658604, 4.435569463351222375, -9.883272722524655052 ) ) ;
#5732 = EDGE_LOOP ( 'NONE', ( #3992, #2075, #8052, #535, #2095 ) ) ;
#5733 = CARTESIAN_POINT ( 'NONE',  ( 4.330127018922182103, 8.000000000000000000, 2.500000000000019984 ) ) ;
#5734 = CIRCLE ( 'NONE', #3994, 5.000000000000000000 ) ;
#5735 = VERTEX_POINT ( 'NONE', #7170 ) ;
#5736 = CARTESIAN_POINT ( 'NONE',  ( 4.698463103929540807, 16.00000000000000000, -1.710100716628346174 ) ) ;
#5737 = EDGE_CURVE ( 'NONE', #5194, #8195, #6576, .T. ) ;
#5738 = CARTESIAN_POINT ( 'NONE',  ( 8.480487417368529179, 16.00100000000000122, 4.281510617043308820 ) ) ;
#5739 = ADVANCED_FACE ( 'NONE', ( #6536 ), #2034, .F. ) ;
#5740 = CARTESIAN_POINT ( 'NONE',  ( -11.87240625633546820, 5.020982675676092022, -1.746063517759731454 ) ) ;
#5741 = CARTESIAN_POINT ( 'NONE',  ( -9.500000000000000000, -1.402220585023716934E-15, 1.249999999999987121 ) ) ;
#5742 = CIRCLE ( 'NONE', #4275, 2.437044042515922992 ) ;
#5743 = CARTESIAN_POINT ( 'NONE',  ( -12.30120021480763626, 17.16674065569375429, -4.455726359391460001 ) ) ;
#5744 = DIRECTION ( 'NONE',  ( 0.8984891805005823517, 0.000000000000000000, 0.4389956634448590189 ) ) ;
#5745 = EDGE_LOOP ( 'NONE', ( #1457, #3725 ) ) ;
#5746 = ORIENTED_EDGE ( 'NONE', *, *, #7425, .F. ) ;
#5747 = DIRECTION ( 'NONE',  ( 0.000000000000000000, 1.000000000000000000, 0.000000000000000000 ) ) ;
#5748 = ADVANCED_FACE ( 'NONE', ( #2755 ), #2672, .F. ) ;
#5749 = CIRCLE ( 'NONE', #4006, 2.199999999999997957 ) ;
#5750 = CARTESIAN_POINT ( 'NONE',  ( 1.777088338804358347, 13.50000000000000178, -5.445643595929342773 ) ) ;
#5751 = CARTESIAN_POINT ( 'NONE',  ( 0.000000000000000000, 19.00000000000000355, 0.000000000000000000 ) ) ;
#5752 = FACE_BOUND ( 'NONE', #5991, .T. ) ;
#5753 = VECTOR ( 'NONE', #7296, 1000.000000000000000 ) ;
#5754 = ORIENTED_EDGE ( 'NONE', *, *, #2369, .F. ) ;
#5755 = DIRECTION ( 'NONE',  ( -0.000000000000000000, -1.000000000000000000, 0.000000000000000000 ) ) ;
#5756 = ORIENTED_EDGE ( 'NONE', *, *, #4755, .F. ) ;
#5757 = CARTESIAN_POINT ( 'NONE',  ( -1.777088338804396761, 13.50000000000000178, 5.445643595929330338 ) ) ;
#5758 = ORIENTED_EDGE ( 'NONE', *, *, #7608, .T. ) ;
#5759 = EDGE_CURVE ( 'NONE', #7573, #7265, #1787, .T. ) ;
#5760 = ORIENTED_EDGE ( 'NONE', *, *, #6624, .F. ) ;
#5761 = FACE_OUTER_BOUND ( 'NONE', #1981, .T. ) ;
#5762 = PRODUCT_DEFINITION_FORMATION_WITH_SPECIFIED_SOURCE ( 'ä»', '', #6410, .NOT_KNOWN. ) ;
#5763 = CARTESIAN_POINT ( 'NONE',  ( -17.86586399182261786, 3.000000000000000000, -9.734136008177410204 ) ) ;
#5764 = CARTESIAN_POINT ( 'NONE',  ( -3.762221576582472249, 16.00000000000000000, 10.33661882864494963 ) ) ;
#5765 = ORIENTED_EDGE ( 'NONE', *, *, #8310, .T. ) ;
#5766 = ORIENTED_EDGE ( 'NONE', *, *, #475, .F. ) ;
#5767 = EDGE_CURVE ( 'NONE', #727, #4570, #4687, .T. ) ;
#5768 = DIRECTION ( 'NONE',  ( -0.000000000000000000, -1.000000000000000000, -0.000000000000000000 ) ) ;
#5769 = FACE_BOUND ( 'NONE', #2953, .T. ) ;
#5770 = CARTESIAN_POINT ( 'NONE',  ( -8.426488874308697419, 8.000000000000000000, -7.070663706552003269 ) ) ;
#5771 = VECTOR ( 'NONE', #6504, 999.9999999999998863 ) ;
#5772 = ORIENTED_EDGE ( 'NONE', *, *, #1020, .T. ) ;
#5773 = CYLINDRICAL_SURFACE ( 'NONE', #5488, 12.00000000000000178 ) ;
#5774 = CARTESIAN_POINT ( 'NONE',  ( 1.438959988998140357E-15, 9.797174393178825657E-16, 11.75000000000000178 ) ) ;
#5775 = CONTEXT_DEPENDENT_SHAPE_REPRESENTATION ( #2697, #6084 ) ;
#5776 = VERTEX_POINT ( 'NONE', #6449 ) ;
#5777 = DIRECTION ( 'NONE',  ( 0.000000000000000000, 0.000000000000000000, 1.000000000000000000 ) ) ;
#5778 = DIRECTION ( 'NONE',  ( 0.7071067811865475727, 0.000000000000000000, 0.7071067811865474617 ) ) ;
#5779 = CARTESIAN_POINT ( 'NONE',  ( -11.88614899282777770, 4.713313111906049180, -1.649317299085411914 ) ) ;
#5780 = CIRCLE ( 'NONE', #6049, 4.500000000000000000 ) ;
#5781 = CLOSED_SHELL ( 'NONE', ( #5450, #1098, #6816, #1621, #5684, #2987, #3281, #5299, #3729, #4738, #4170, #6253, #5325, #8205, #7874, #1190, #6997, #7444, #5260, #1813, #5624, #5483, #314, #3818, #8006, #8095, #36, #8339, #2838, #6528, #3935, #3031, #5804, #3126, #5347, #749, #2623, #8122, #6530, #3763, #3644, #2468, #4905, #3643, #7056, #6120, #5297, #1502, #7093, #4095, #2448, #7198, #1261, #3538, #5088, #8021, #7570 ) ) ;
#5782 = DIRECTION ( 'NONE',  ( -0.000000000000000000, -1.000000000000000000, -0.000000000000000000 ) ) ;
#5783 = EDGE_CURVE ( 'NONE', #5330, #2734, #6611, .T. ) ;
#5784 = CARTESIAN_POINT ( 'NONE',  ( -3.213938048432636307, 8.000000000000000000, -3.830222215594940138 ) ) ;
#5785 = VERTEX_POINT ( 'NONE', #7772 ) ;
#5786 = CARTESIAN_POINT ( 'NONE',  ( -3.275411365455787482, 5.012842257139926261, -13.40574310001727198 ) ) ;
#5787 = ORIENTED_EDGE ( 'NONE', *, *, #7862, .T. ) ;
#5788 = CARTESIAN_POINT ( 'NONE',  ( -13.42937856328871682, 4.390906040717224457, -3.176758021206868232 ) ) ;
#5789 = LINE ( 'NONE', #6298, #4567 ) ;
#5790 = CIRCLE ( 'NONE', #1631, 5.000000000000000000 ) ;
#5791 = DIRECTION ( 'NONE',  ( 0.000000000000000000, 1.000000000000000000, 0.000000000000000000 ) ) ;
#5792 = CARTESIAN_POINT ( 'NONE',  ( 12.30120021480758297, 17.16674065569375429, -4.455726359391602109 ) ) ;
#5793 = ORIENTED_EDGE ( 'NONE', *, *, #1854, .T. ) ;
#5794 = CIRCLE ( 'NONE', #6741, 1.317565283458833614 ) ;
#5795 = DIRECTION ( 'NONE',  ( 1.000000000000000000, 0.000000000000000000, -1.025063872168114215E-14 ) ) ;
#5796 = ORIENTED_EDGE ( 'NONE', *, *, #3497, .F. ) ;
#5797 = CARTESIAN_POINT ( 'NONE',  ( 0.000000000000000000, 17.50000000000000000, 0.000000000000000000 ) ) ;
#5798 = VERTEX_POINT ( 'NONE', #7086 ) ;
#5799 = ORIENTED_EDGE ( 'NONE', *, *, #25, .F. ) ;
#5800 = DIRECTION ( 'NONE',  ( 0.000000000000000000, -1.000000000000000000, 0.000000000000000000 ) ) ;
#5801 = CARTESIAN_POINT ( 'NONE',  ( 0.000000000000000000, 9.797174393178825657E-16, 0.000000000000000000 ) ) ;
#5802 = VECTOR ( 'NONE', #4438, 1000.000000000000000 ) ;
#5803 = EDGE_CURVE ( 'NONE', #1455, #6978, #7254, .T. ) ;
#5804 = ADVANCED_FACE ( 'NONE', ( #1997 ), #4562, .F. ) ;
#5805 = CARTESIAN_POINT ( 'NONE',  ( -5.888972745734162295, 15.50000000000000000, 3.400000000000024336 ) ) ;
#5806 = ORIENTED_EDGE ( 'NONE', *, *, #48, .F. ) ;
#5807 = AXIS2_PLACEMENT_3D ( 'NONE', #7058, #5708, #5164 ) ;
#5808 = EDGE_LOOP ( 'NONE', ( #2837, #2230, #4402, #3407, #3115, #7518, #8035, #4424, #6089, #4909, #2307, #3949, #8184, #4098, #6344, #7615, #2099, #4384, #7696, #3200, #1241, #6267, #5760, #7626, #6009, #5394, #222, #269, #7064, #7970, #70 ) ) ;
#5809 = CARTESIAN_POINT ( 'NONE',  ( 0.000000000000000000, -8.899999999999998579, 0.000000000000000000 ) ) ;
#5810 = FACE_BOUND ( 'NONE', #8305, .T. ) ;
#5811 = CARTESIAN_POINT ( 'NONE',  ( -4.804803964988677123, 3.000000000000001776, -12.93653194863403399 ) ) ;
#5812 = VECTOR ( 'NONE', #7349, 1000.000000000000114 ) ;
#5813 = APPROVAL ( #6584, 'æœª' ) ;
#5814 = VERTEX_POINT ( 'NONE', #6491 ) ;
#5815 = DIRECTION ( 'NONE',  ( 0.000000000000000000, -1.000000000000000000, 0.000000000000000000 ) ) ;
#5816 = DIRECTION ( 'NONE',  ( -0.8294259869447374589, 0.000000000000000000, 0.5586166236165445165 ) ) ;
#5817 = CIRCLE ( 'NONE', #4215, 11.75000000000000178 ) ;
#5818 = EDGE_LOOP ( 'NONE', ( #3521, #6294, #3011, #96 ) ) ;
#5819 = CARTESIAN_POINT ( 'NONE',  ( 11.76233435075872258, 5.728005307731358187, 2.382523837999285909 ) ) ;
#5820 = CARTESIAN_POINT ( 'NONE',  ( 10.83288528313430099, 16.00000000000000000, -1.910129954336162950 ) ) ;
#5821 = DIRECTION ( 'NONE',  ( 0.000000000000000000, 1.000000000000000000, 0.000000000000000000 ) ) ;
#5822 = AXIS2_PLACEMENT_3D ( 'NONE', #5137, #7713, #3872 ) ;
#5823 = ADVANCED_FACE ( 'NONE', ( #736 ), #5233, .T. ) ;
#5824 = CARTESIAN_POINT ( 'NONE',  ( 13.41477380034142186, 4.088225431809035193, -3.237974058486105644 ) ) ;
#5825 = ORIENTED_EDGE ( 'NONE', *, *, #8043, .F. ) ;
#5826 = DIRECTION ( 'NONE',  ( 0.9891617271927611865, 0.000000000000000000, 0.1468300972451955788 ) ) ;
#5827 = ORIENTED_EDGE ( 'NONE', *, *, #4269, .T. ) ;
#5828 = CARTESIAN_POINT ( 'NONE',  ( -1.635538359630685834, 4.387583089669986336, 11.88801978946624871 ) ) ;
#5829 = VECTOR ( 'NONE', #2813, 1000.000000000000000 ) ;
#5830 = CYLINDRICAL_SURFACE ( 'NONE', #7944, 5.000000000000000000 ) ;
#5831 = CIRCLE ( 'NONE', #869, 5.000000000000000000 ) ;
#5832 = DIRECTION ( 'NONE',  ( -0.8660254037844397068, 0.000000000000000000, 0.4999999999999980016 ) ) ;
#5833 = EDGE_CURVE ( 'NONE', #798, #257, #2761, .T. ) ;
#5834 = DIRECTION ( 'NONE',  ( 0.000000000000000000, 0.000000000000000000, -1.000000000000000000 ) ) ;
#5835 = EDGE_LOOP ( 'NONE', ( #1977, #317, #4825, #1201 ) ) ;
#5836 = DIRECTION ( 'NONE',  ( 0.1736481776669272226, 0.000000000000000000, 0.9848077530122086864 ) ) ;
#5837 = ORIENTED_EDGE ( 'NONE', *, *, #2895, .T. ) ;
#5838 = CARTESIAN_POINT ( 'NONE',  ( -1.635040004546753245, 4.717167530212323712, -11.88808833175173341 ) ) ;
#5839 = ORIENTED_EDGE ( 'NONE', *, *, #7047, .F. ) ;
#5840 = VERTEX_POINT ( 'NONE', #5159 ) ;
#5841 = CARTESIAN_POINT ( 'NONE',  ( -9.734136008177292965, 3.000000000000001332, -17.86586399182268181 ) ) ;
#5842 = CIRCLE ( 'NONE', #482, 13.75000000000000178 ) ;
#5843 = DIRECTION ( 'NONE',  ( 0.000000000000000000, -1.000000000000000000, 0.000000000000000000 ) ) ;
#5844 = CARTESIAN_POINT ( 'NONE',  ( 1.710100716628329964, 8.000000000000000000, 4.698463103929547025 ) ) ;
#5845 = AXIS2_PLACEMENT_3D ( 'NONE', #6985, #3209, #521 ) ;
#5846 = ORIENTED_EDGE ( 'NONE', *, *, #3373, .T. ) ;
#5847 = ORIENTED_EDGE ( 'NONE', *, *, #2940, .T. ) ;
#5848 = EDGE_CURVE ( 'NONE', #2384, #1861, #3581, .T. ) ;
#5849 = CARTESIAN_POINT ( 'NONE',  ( 0.000000000000000000, 0.000000000000000000, 0.000000000000000000 ) ) ;
#5850 = EDGE_CURVE ( 'NONE', #6981, #5670, #2471, .T. ) ;
#5851 = CARTESIAN_POINT ( 'NONE',  ( 0.000000000000000000, 8.000000000000000000, 0.000000000000000000 ) ) ;
#5852 = CARTESIAN_POINT ( 'NONE',  ( 0.000000000000000000, 16.00000000000000000, 0.000000000000000000 ) ) ;
#5853 = VECTOR ( 'NONE', #3251, 1000.000000000000000 ) ;
#5854 = CIRCLE ( 'NONE', #3044, 5.000000000000000000 ) ;
#5855 = EDGE_LOOP ( 'NONE', ( #5426, #6025, #5234, #5417 ) ) ;
#5856 = CARTESIAN_POINT ( 'NONE',  ( 1.910129954336199143, 16.00000000000000000, -10.83288528313429389 ) ) ;
#5857 = DIRECTION ( 'NONE',  ( -0.000000000000000000, -1.000000000000000000, -0.000000000000000000 ) ) ;
#5858 = EDGE_LOOP ( 'NONE', ( #4985, #3758, #6404, #5242 ) ) ;
#5859 = CARTESIAN_POINT ( 'NONE',  ( 1.683889348827611048E-15, 16.50000000000000711, 13.75000000000000178 ) ) ;
#5860 = EDGE_CURVE ( 'NONE', #1901, #354, #6393, .T. ) ;
#5861 = VECTOR ( 'NONE', #1772, 999.9999999999998863 ) ;
#5862 = CARTESIAN_POINT ( 'NONE',  ( 0.000000000000000000, 1.224646799147353256E-15, -13.75000000000000178 ) ) ;
#5863 = LINE ( 'NONE', #6622, #195 ) ;
#5864 = EDGE_CURVE ( 'NONE', #5395, #8292, #2365, .T. ) ;
#5865 = AXIS2_PLACEMENT_3D ( 'NONE', #7916, #2053, #2136 ) ;
#5866 = CARTESIAN_POINT ( 'NONE',  ( -3.830222215594861535, 16.00000000000000000, -3.213938048432730454 ) ) ;
#5867 = ORIENTED_EDGE ( 'NONE', *, *, #2679, .T. ) ;
#5868 = APPROVAL_ROLE ( '' ) ;
#5869 = ORIENTED_EDGE ( 'NONE', *, *, #7353, .F. ) ;
#5870 = CARTESIAN_POINT ( 'NONE',  ( -1.916626201341537827, 3.697688778688698275, 11.84616550931509771 ) ) ;
#5871 = CYLINDRICAL_SURFACE ( 'NONE', #7527, 0.5999999999999983125 ) ;
#5872 = DIRECTION ( 'NONE',  ( 0.7071067811865474617, 0.000000000000000000, -0.7071067811865476838 ) ) ;
#5873 = CIRCLE ( 'NONE', #2252, 10.99999999999999822 ) ;
#5874 = CARTESIAN_POINT ( 'NONE',  ( 5.273018338884787326, 0.000000000000000000, 10.44438976665389518 ) ) ;
#5875 = EDGE_CURVE ( 'NONE', #1549, #2337, #5119, .T. ) ;
#5876 = ORIENTED_EDGE ( 'NONE', *, *, #6111, .F. ) ;
#5877 = DIRECTION ( 'NONE',  ( -1.000000000000000000, 0.000000000000000000, 0.000000000000000000 ) ) ;
#5878 = ORIENTED_EDGE ( 'NONE', *, *, #3197, .T. ) ;
#5879 = VECTOR ( 'NONE', #955, 999.9999999999998863 ) ;
#5880 = DIRECTION ( 'NONE',  ( -0.4999999999999888423, 0.000000000000000000, -0.8660254037844450359 ) ) ;
#5881 = ORIENTED_EDGE ( 'NONE', *, *, #6473, .T. ) ;
#5882 = DIRECTION ( 'NONE',  ( 0.000000000000000000, 0.000000000000000000, -1.000000000000000000 ) ) ;
#5883 = ORIENTED_EDGE ( 'NONE', *, *, #1748, .T. ) ;
#5884 = FACE_BOUND ( 'NONE', #3697, .T. ) ;
#5885 = CARTESIAN_POINT ( 'NONE',  ( -9.500000000000000000, 2.000000000000000000, 1.249999999999993339 ) ) ;
#5886 = AXIS2_PLACEMENT_3D ( 'NONE', #4205, #1678, #3698 ) ;
#5887 = DIRECTION ( 'NONE',  ( 0.000000000000000000, 0.000000000000000000, -1.000000000000000000 ) ) ;
#5888 = ORIENTED_EDGE ( 'NONE', *, *, #3985, .T. ) ;
#5889 = EDGE_CURVE ( 'NONE', #7635, #2505, #1839, .T. ) ;
#5890 = EDGE_CURVE ( 'NONE', #6439, #4503, #2910, .T. ) ;
#5891 = ORIENTED_EDGE ( 'NONE', *, *, #5850, .F. ) ;
#5892 = APPROVAL_PERSON_ORGANIZATION ( #7347, #4741, #8127 ) ;
#5893 = CARTESIAN_POINT ( 'NONE',  ( 12.90348790056398443, 13.50000000000000178, 4.749999999999879208 ) ) ;
#5894 = CARTESIAN_POINT ( 'NONE',  ( 4.316961768045820769, 5.928903179917755395, -13.10776931489139052 ) ) ;
#5895 = DIRECTION ( 'NONE',  ( -0.5000000000000009992, 0.000000000000000000, 0.8660254037844381525 ) ) ;
#5896 = ORIENTED_EDGE ( 'NONE', *, *, #5737, .F. ) ;
#5897 = EDGE_CURVE ( 'NONE', #1708, #3919, #8169, .T. ) ;
#5898 = ORIENTED_EDGE ( 'NONE', *, *, #2491, .T. ) ;
#5899 = DIRECTION ( 'NONE',  ( 0.000000000000000000, 0.000000000000000000, -1.000000000000000000 ) ) ;
#5900 = CARTESIAN_POINT ( 'NONE',  ( 0.000000000000000000, 16.00000000000000000, 0.000000000000000000 ) ) ;
#5901 = LINE ( 'NONE', #145, #1251 ) ;
#5902 = CARTESIAN_POINT ( 'NONE',  ( 0.000000000000000000, 19.00000000000000355, 4.399999999999999467 ) ) ;
#5903 = DIRECTION ( 'NONE',  ( -0.5000000000000009992, 0.000000000000000000, 0.8660254037844380415 ) ) ;
#5904 = AXIS2_PLACEMENT_3D ( 'NONE', #4657, #7910, #4699 ) ;
#5905 = EDGE_CURVE ( 'NONE', #1549, #2358, #498, .T. ) ;
#5906 = EDGE_CURVE ( 'NONE', #6990, #465, #8345, .T. ) ;
#5907 = AXIS2_PLACEMENT_3D ( 'NONE', #7484, #6800, #8131 ) ;
#5908 = CARTESIAN_POINT ( 'NONE',  ( 13.40588680599813998, 3.988508490570997100, -3.274824628160206696 ) ) ;
#5909 = ORIENTED_EDGE ( 'NONE', *, *, #684, .T. ) ;
#5910 = PERSON_AND_ORGANIZATION_ROLE ( 'creator' ) ;
#5911 = VERTEX_POINT ( 'NONE', #6251 ) ;
#5912 = CARTESIAN_POINT ( 'NONE',  ( -1.648648220536552023, 4.709732967269696147, 11.88624142600174238 ) ) ;
#5913 = DIRECTION ( 'NONE',  ( -0.7071067811865475727, 0.000000000000000000, 0.7071067811865475727 ) ) ;
#5914 = CARTESIAN_POINT ( 'NONE',  ( 0.000000000000000000, 16.00000000000000000, 0.000000000000000000 ) ) ;
#5915 = CARTESIAN_POINT ( 'NONE',  ( 0.000000000000000000, 8.000000000000000000, 5.000000000000000000 ) ) ;
#5916 = VECTOR ( 'NONE', #8203, 1000.000000000000114 ) ;
#5917 = B_SPLINE_CURVE_WITH_KNOTS ( 'NONE', 3,
 ( #2853, #7996, #5501, #2215 ),
 .UNSPECIFIED., .F., .F.,
 ( 4, 4 ),
 ( 2.837003266958165465E-07, 0.001418470439742867354 ),
 .UNSPECIFIED. ) ;
#5918 = ORIENTED_EDGE ( 'NONE', *, *, #3998, .F. ) ;
#5919 = CC_DESIGN_DATE_AND_TIME_ASSIGNMENT ( #3014, #6876, ( #3969 ) ) ;
#5920 = ORIENTED_EDGE ( 'NONE', *, *, #7428, .F. ) ;
#5921 = DIRECTION ( 'NONE',  ( 0.000000000000000000, 0.000000000000000000, -1.000000000000000000 ) ) ;
#5922 = EDGE_CURVE ( 'NONE', #1355, #6758, #1926, .T. ) ;
#5923 = VERTEX_POINT ( 'NONE', #7653 ) ;
#5924 = CARTESIAN_POINT ( 'NONE',  ( -8.169023258258578224, 4.435569463351222375, -9.017551395682430027 ) ) ;
#5925 = ORIENTED_EDGE ( 'NONE', *, *, #7130, .F. ) ;
#5926 = CARTESIAN_POINT ( 'NONE',  ( 0.000000000000000000, 16.00000000000000000, 0.000000000000000000 ) ) ;
#5927 = PLANE ( 'NONE',  #1287 ) ;
#5928 = CARTESIAN_POINT ( 'NONE',  ( 0.000000000000000000, 16.00000000000000000, 0.000000000000000000 ) ) ;
#5929 = ORIENTED_EDGE ( 'NONE', *, *, #6223, .F. ) ;
#5930 = ORIENTED_EDGE ( 'NONE', *, *, #4260, .T. ) ;
#5931 = TOROIDAL_SURFACE ( 'NONE', #2314, 1.837044042515924236, 0.5999999999999983125 ) ;
#5932 = DIRECTION ( 'NONE',  ( -0.000000000000000000, -1.000000000000000000, -0.000000000000000000 ) ) ;
#5933 = CARTESIAN_POINT ( 'NONE',  ( 4.412667289948884353, 5.955207881297411632, -13.07589183724110349 ) ) ;
#5934 = DIRECTION ( 'NONE',  ( 0.7071067811865474617, -0.000000000000000000, -0.7071067811865476838 ) ) ;
#5935 = EDGE_CURVE ( 'NONE', #2558, #2945, #369, .T. ) ;
#5936 = EDGE_CURVE ( 'NONE', #1275, #4923, #6532, .T. ) ;
#5937 = EDGE_CURVE ( 'NONE', #356, #8149, #1162, .T. ) ;
#5938 = ORIENTED_EDGE ( 'NONE', *, *, #7060, .F. ) ;
#5939 = VECTOR ( 'NONE', #706, 999.9999999999998863 ) ;
#5940 = DIRECTION ( 'NONE',  ( 0.000000000000000000, 1.000000000000000000, 0.000000000000000000 ) ) ;
#5941 = ORIENTED_EDGE ( 'NONE', *, *, #8276, .F. ) ;
#5942 = CARTESIAN_POINT ( 'NONE',  ( 4.804803964988680676, 3.000000000000000000, 12.93653194863403755 ) ) ;
#5943 = DIRECTION ( 'NONE',  ( 0.000000000000000000, 1.000000000000000000, 0.000000000000000000 ) ) ;
#5944 = CARTESIAN_POINT ( 'NONE',  ( -8.169023258258576448, 4.435569463351222375, -9.017551395682431803 ) ) ;
#5945 = CARTESIAN_POINT ( 'NONE',  ( -10.28739452976835267, 16.83340189783330842, -8.612536060784583114 ) ) ;
#5946 = CARTESIAN_POINT ( 'NONE',  ( 0.000000000000000000, 8.000000000000000000, 0.000000000000000000 ) ) ;
#5947 = DIRECTION ( 'NONE',  ( 0.6325057399790080526, 0.4470715577927284468, 0.6325057399790066093 ) ) ;
#5948 = ORIENTED_EDGE ( 'NONE', *, *, #7805, .T. ) ;
#5949 = CALENDAR_DATE ( 2024, 28, 12 ) ;
#5950 = ORIENTED_EDGE ( 'NONE', *, *, #3705, .T. ) ;
#5951 = CARTESIAN_POINT ( 'NONE',  ( -3.174236884430648331, 2.999999999999996891, 11.57458644921162616 ) ) ;
#5952 = DIRECTION ( 'NONE',  ( 0.000000000000000000, 0.000000000000000000, -1.000000000000000000 ) ) ;
#5953 = EDGE_CURVE ( 'NONE', #231, #1775, #5854, .T. ) ;
#5955 = EDGE_CURVE ( 'NONE', #7189, #1808, #7072, .T. ) ;
#5954 = CARTESIAN_POINT ( 'NONE',  ( -2.199155242852715908, 13.50000000000000178, -11.54236614467906463 ) ) ;
#5956 = CARTESIAN_POINT ( 'NONE',  ( 0.000000000000000000, 16.50000000000000711, 0.000000000000000000 ) ) ;
#5957 = AXIS2_PLACEMENT_3D ( 'NONE', #8233, #5011, #7836 ) ;
#5958 = ORIENTED_EDGE ( 'NONE', *, *, #2576, .T. ) ;
#5959 = CARTESIAN_POINT ( 'NONE',  ( 0.000000000000000000, 16.00000000000000000, 0.000000000000000000 ) ) ;
#5960 = AXIS2_PLACEMENT_3D ( 'NONE', #3986, #4619, #793 ) ;
#5961 = EDGE_LOOP ( 'NONE', ( #2127, #252 ) ) ;
#5962 = CYLINDRICAL_SURFACE ( 'NONE', #6291, 7.300000000000000711 ) ;
#5963 = CIRCLE ( 'NONE', #4094, 5.000000000000000000 ) ;
#5964 = ORIENTED_EDGE ( 'NONE', *, *, #8268, .T. ) ;
#5965 = DIRECTION ( 'NONE',  ( 0.000000000000000000, 1.000000000000000000, 0.000000000000000000 ) ) ;
#5966 = ORIENTED_EDGE ( 'NONE', *, *, #4461, .T. ) ;
#5967 = CARTESIAN_POINT ( 'NONE',  ( -12.37865191399589193, 4.223722372889497478, -12.37865191399588483 ) ) ;
#5968 = DIRECTION ( 'NONE',  ( -0.000000000000000000, -1.000000000000000000, -0.000000000000000000 ) ) ;
#5969 = CC_DESIGN_DATE_AND_TIME_ASSIGNMENT ( #8338, #7087, ( #6570 ) ) ;
#5970 = AXIS2_PLACEMENT_3D ( 'NONE', #6751, #2970, #7516 ) ;
#5971 = DIRECTION ( 'NONE',  ( 0.000000000000000000, 1.000000000000000000, 0.000000000000000000 ) ) ;
#5972 = VERTEX_POINT ( 'NONE', #5625 ) ;
#5973 = ORIENTED_EDGE ( 'NONE', *, *, #1179, .F. ) ;
#5974 = CIRCLE ( 'NONE', #3303, 13.79999999999999893 ) ;
#5975 = FACE_OUTER_BOUND ( 'NONE', #1776, .T. ) ;
#5976 = CARTESIAN_POINT ( 'NONE',  ( 0.000000000000000000, 8.000000000000000000, 0.000000000000000000 ) ) ;
#5977 = DIRECTION ( 'NONE',  ( 0.000000000000000000, 0.000000000000000000, -1.000000000000000000 ) ) ;
#5978 = EDGE_CURVE ( 'NONE', #5067, #3444, #3845, .T. ) ;
#5979 = ORIENTED_EDGE ( 'NONE', *, *, #5993, .T. ) ;
#5980 = AXIS2_PLACEMENT_3D ( 'NONE', #7882, #2701, #2022 ) ;
#5981 = DIRECTION ( 'NONE',  ( -0.8984891805005823517, -0.000000000000000000, -0.4389956634448590189 ) ) ;
#5982 = EDGE_LOOP ( 'NONE', ( #5466, #5586, #4525, #2287 ) ) ;
#5983 = CARTESIAN_POINT ( 'NONE',  ( 4.034579327477901600, 3.175959181137312015, 13.19853290813030000 ) ) ;
#5984 = DIRECTION ( 'NONE',  ( 0.8660254037844431485, 0.000000000000000000, 0.4999999999999920064 ) ) ;
#5985 = CARTESIAN_POINT ( 'NONE',  ( 11.88805761861809174, 4.390588284932628760, 1.635263313984461897 ) ) ;
#5986 = CARTESIAN_POINT ( 'NONE',  ( 8.896404679647073266, 15.50000000000000000, -7.675707379515823270 ) ) ;
#5987 = LINE ( 'NONE', #2636, #7040 ) ;
#5988 = AXIS2_PLACEMENT_3D ( 'NONE', #5077, #3189, #621 ) ;
#5989 = AXIS2_PLACEMENT_3D ( 'NONE', #629, #1975, #7062 ) ;
#5990 = DIRECTION ( 'NONE',  ( 0.8660254037844431485, 0.000000000000000000, 0.4999999999999920064 ) ) ;
#5991 = EDGE_LOOP ( 'NONE', ( #4915, #7783 ) ) ;
#5992 = CIRCLE ( 'NONE', #3592, 11.75000000000000178 ) ;
#5993 = EDGE_CURVE ( 'NONE', #278, #3288, #3737, .T. ) ;
#5994 = EDGE_CURVE ( 'NONE', #438, #8175, #1209, .T. ) ;
#5995 = ORIENTED_EDGE ( 'NONE', *, *, #4444, .T. ) ;
#5996 = LINE ( 'NONE', #3358, #1374 ) ;
#5997 = CARTESIAN_POINT ( 'NONE',  ( -9.883272722524658604, 4.435569463351222375, -9.883272722524655052 ) ) ;
#5998 = DIRECTION ( 'NONE',  ( 0.000000000000000000, -1.000000000000000000, 0.000000000000000000 ) ) ;
#5999 = CYLINDRICAL_SURFACE ( 'NONE', #600, 2.199999999999997069 ) ;
#6000 = AXIS2_PLACEMENT_3D ( 'NONE', #8104, #5554, #1817 ) ;
#6001 = ORIENTED_EDGE ( 'NONE', *, *, #7314, .T. ) ;
#6002 = DIRECTION ( 'NONE',  ( -0.000000000000000000, -1.000000000000000000, -0.000000000000000000 ) ) ;
#6003 = ORIENTED_EDGE ( 'NONE', *, *, #7894, .F. ) ;
#6004 = ADVANCED_FACE ( 'NONE', ( #582 ), #2839, .T. ) ;
#6005 = CARTESIAN_POINT ( 'NONE',  ( 10.56536461825805517, 13.50000000000000178, 8.799748319313506428 ) ) ;
#6006 = ORIENTED_EDGE ( 'NONE', *, *, #5556, .T. ) ;
#6007 = DIRECTION ( 'NONE',  ( 0.000000000000000000, 1.000000000000000000, 0.000000000000000000 ) ) ;
#6008 = AXIS2_PLACEMENT_3D ( 'NONE', #3022, #1087, #5504 ) ;
#6009 = ORIENTED_EDGE ( 'NONE', *, *, #5583, .F. ) ;
#6010 = CARTESIAN_POINT ( 'NONE',  ( -11.57436889566468352, 2.999999999999997335, -3.174977546781633464 ) ) ;
#6011 = CARTESIAN_POINT ( 'NONE',  ( 2.049224985439916935, 5.467342601104921762, 11.82496978992685044 ) ) ;
#6012 = AXIS2_PLACEMENT_3D ( 'NONE', #3928, #3345, #5899 ) ;
#6013 = DIRECTION ( 'NONE',  ( -0.000000000000000000, 1.000000000000000000, -0.000000000000000000 ) ) ;
#6014 = EDGE_LOOP ( 'NONE', ( #384, #3248, #2254, #246 ) ) ;
#6015 = EDGE_CURVE ( 'NONE', #2280, #6572, #3178, .T. ) ;
#6016 = ORIENTED_EDGE ( 'NONE', *, *, #3512, .F. ) ;
#6017 = ORIENTED_EDGE ( 'NONE', *, *, #7894, .T. ) ;
#6018 = CARTESIAN_POINT ( 'NONE',  ( -1.710100716628297102, 8.000000000000000000, -4.698463103929558571 ) ) ;
#6019 = AXIS2_PLACEMENT_3D ( 'NONE', #5797, #1980, #6389 ) ;
#6020 = DIRECTION ( 'NONE',  ( 0.9848077530122080203, 0.000000000000000000, 0.1736481776669306920 ) ) ;
#6021 = CARTESIAN_POINT ( 'NONE',  ( 3.762221576582398974, 16.00000000000000000, -10.33661882864497628 ) ) ;
#6022 = ORIENTED_EDGE ( 'NONE', *, *, #57, .F. ) ;
#6023 = LINE ( 'NONE', #3425, #4251 ) ;
#6024 = PRODUCT_DEFINITION_FORMATION_WITH_SPECIFIED_SOURCE ( 'ä»', '', #7584, .NOT_KNOWN. ) ;
#6025 = ORIENTED_EDGE ( 'NONE', *, *, #4981, .T. ) ;
#6026 = DIRECTION ( 'NONE',  ( 0.1736481776669272226, 0.000000000000000000, 0.9848077530122086864 ) ) ;
#6027 = PLANE ( 'NONE',  #1506 ) ;
#6028 = CARTESIAN_POINT ( 'NONE',  ( 2.571238114557445442, 3.171566151326164817, -11.72308315111104804 ) ) ;
#6029 = DIRECTION ( 'NONE',  ( 1.000000000000000000, -7.228014483236694583E-17, -8.881784197001252323E-16 ) ) ;
#6030 = PLANE ( 'NONE',  #2084 ) ;
#6031 = CC_DESIGN_APPROVAL ( #4741, ( #6969 ) ) ;
#6032 = CARTESIAN_POINT ( 'NONE',  ( 10.83288528313430099, 16.00000000000000000, -1.910129954336162950 ) ) ;
#6033 = ORIENTED_EDGE ( 'NONE', *, *, #2882, .F. ) ;
#6034 = APPLICATION_PROTOCOL_DEFINITION ( 'international standard', 'config_control_design', 1994, #4357 ) ;
#6035 = VECTOR ( 'NONE', #5375, 1000.000000000000000 ) ;
#6036 = VERTEX_POINT ( 'NONE', #2879 ) ;
#6037 = CARTESIAN_POINT ( 'NONE',  ( 13.37066080281940117, 3.704994573046193285, 3.416844856009692233 ) ) ;
#6038 = CARTESIAN_POINT ( 'NONE',  ( -10.56536461825805517, 13.50000000000000178, -8.799748319313506428 ) ) ;
#6039 = LINE ( 'NONE', #5333, #6194 ) ;
#6040 = CARTESIAN_POINT ( 'NONE',  ( 0.000000000000000000, 16.00000000000000000, 0.000000000000000000 ) ) ;
#6041 = EDGE_CURVE ( 'NONE', #2371, #1275, #5443, .T. ) ;
#6042 = VECTOR ( 'NONE', #3652, 1000.000000000000000 ) ;
#6043 = CARTESIAN_POINT ( 'NONE',  ( -5.499999999999877431, 16.00000000000000000, -9.526279441628895839 ) ) ;
#6044 = VERTEX_POINT ( 'NONE', #7337 ) ;
#6045 = CARTESIAN_POINT ( 'NONE',  ( -4.281510617043220002, 16.00100000000000122, 8.480487417368573588 ) ) ;
#6046 = ORIENTED_EDGE ( 'NONE', *, *, #6167, .T. ) ;
#6047 = CARTESIAN_POINT ( 'NONE',  ( -13.33766740666144202, 3.546156264181568485, 3.545821108484015216 ) ) ;
#6048 = ORIENTED_EDGE ( 'NONE', *, *, #1441, .T. ) ;
#6049 = AXIS2_PLACEMENT_3D ( 'NONE', #4190, #4232, #1073 ) ;
#6050 = CARTESIAN_POINT ( 'NONE',  ( 0.000000000000000000, 16.00000000000000000, 0.000000000000000000 ) ) ;
#6051 = CARTESIAN_POINT ( 'NONE',  ( 2.972253712418531979, 3.043252689765195917, 11.62655960360934948 ) ) ;
#6052 = AXIS2_PLACEMENT_3D ( 'NONE', #2728, #5872, #3943 ) ;
#6053 = DIRECTION ( 'NONE',  ( 0.000000000000000000, 0.000000000000000000, 1.000000000000000000 ) ) ;
#6054 = ORIENTED_EDGE ( 'NONE', *, *, #2729, .F. ) ;
#6055 = VERTEX_POINT ( 'NONE', #5403 ) ;
#6056 = EDGE_LOOP ( 'NONE', ( #5950, #7227, #5627, #549 ) ) ;
#6057 = DIRECTION ( 'NONE',  ( -0.7071067811865474617, -0.000000000000000000, 0.7071067811865476838 ) ) ;
#6058 = LINE ( 'NONE', #4722, #6999 ) ;
#6059 = CARTESIAN_POINT ( 'NONE',  ( 10.33661882864498871, 8.000000000000000000, -3.762221576582364779 ) ) ;
#6060 = AXIS2_PLACEMENT_3D ( 'NONE', #8089, #6881, #3570 ) ;
#6061 = EDGE_CURVE ( 'NONE', #2135, #7382, #224, .T. ) ;
#6062 = EDGE_CURVE ( 'NONE', #852, #5395, #6023, .T. ) ;
#6063 = VERTEX_POINT ( 'NONE', #6743 ) ;
#6064 = PERSON ( 'NAUO-PER1', 'UNSPECIFIED', 'UNSPECIFIED', ('UNSPECIFIED'), ('UNSPECIFIED'), ('UNSPECIFIED') ) ;
#6065 = DIRECTION ( 'NONE',  ( -0.000000000000000000, -1.000000000000000000, -0.000000000000000000 ) ) ;
#6066 = EDGE_LOOP ( 'NONE', ( #3624, #3182, #3846, #4794 ) ) ;
#6067 = AXIS2_PLACEMENT_3D ( 'NONE', #7594, #3719, #3638 ) ;
#6068 = CYLINDRICAL_SURFACE ( 'NONE', #399, 0.5999999999999983125 ) ;
#6069 = DIRECTION ( 'NONE',  ( -0.8660254037844397068, 0.000000000000000000, 0.4999999999999980016 ) ) ;
#6070 = DIRECTION ( 'NONE',  ( 0.5000000000000071054, 0.000000000000000000, -0.8660254037844345998 ) ) ;
#6071 = CARTESIAN_POINT ( 'NONE',  ( -12.24009147621578464, 5.417892839593012155, -10.54303520136807037 ) ) ;
#6072 = CARTESIAN_POINT ( 'NONE',  ( 0.000000000000000000, 16.00000000000000000, 0.000000000000000000 ) ) ;
#6073 = APPROVAL ( #3437, 'æœª' ) ;
#6074 = VECTOR ( 'NONE', #5816, 1000.000000000000114 ) ;
#6075 = LINE ( 'NONE', #8126, #4816 ) ;
#6076 = VERTEX_POINT ( 'NONE', #3467 ) ;
#6077 = PERSON_AND_ORGANIZATION_ROLE ( 'classification_officer' ) ;
#6078 = AXIS2_PLACEMENT_3D ( 'NONE', #6918, #1838, #3690 ) ;
#6079 = ORIENTED_EDGE ( 'NONE', *, *, #4731, .T. ) ;
#6080 = DIRECTION ( 'NONE',  ( 0.3420201433256662149, 0.000000000000000000, 0.9396926207859093161 ) ) ;
#6081 = DIRECTION ( 'NONE',  ( -0.6427876096865298150, 0.000000000000000000, -0.7660444431189861181 ) ) ;
#6082 = FACE_OUTER_BOUND ( 'NONE', #4247, .T. ) ;
#6083 = CARTESIAN_POINT ( 'NONE',  ( -9.866079533106290711, 4.435569463351222375, -7.320495120834717540 ) ) ;
#6084 = PRODUCT_DEFINITION_SHAPE ( 'NONE', 'NONE',  #8359 ) ;
#6085 = VECTOR ( 'NONE', #5114, 1000.000000000000000 ) ;
#6086 = CARTESIAN_POINT ( 'NONE',  ( -5.273018338884791767, 2.000000000000000000, 10.44438976665389340 ) ) ;
#6087 = ORIENTED_EDGE ( 'NONE', *, *, #984, .T. ) ;
#6088 = CARTESIAN_POINT ( 'NONE',  ( 0.8682408883346373063, 16.00000000000000000, -4.924038765061042433 ) ) ;
#6089 = ORIENTED_EDGE ( 'NONE', *, *, #564, .F. ) ;
#6090 = CARTESIAN_POINT ( 'NONE',  ( 12.90348790056398443, 13.50000000000000178, 4.749999999999879208 ) ) ;
#6091 = EDGE_CURVE ( 'NONE', #896, #4806, #1696, .T. ) ;
#6092 = DIRECTION ( 'NONE',  ( 0.000000000000000000, 1.000000000000000000, 0.000000000000000000 ) ) ;
#6093 = CARTESIAN_POINT ( 'NONE',  ( -11.87226787268761008, 5.023201116823703849, 1.747020900244125707 ) ) ;
#6094 = CARTESIAN_POINT ( 'NONE',  ( 1.903896576515153205, 5.305811520196024311, 11.84847299175273427 ) ) ;
#6095 = ORIENTED_EDGE ( 'NONE', *, *, #5276, .T. ) ;
#6096 = AXIS2_PLACEMENT_3D ( 'NONE', #5560, #5054, #7587 ) ;
#6097 = CARTESIAN_POINT ( 'NONE',  ( 8.426488874308796895, 16.00000000000000000, -7.070663706551887806 ) ) ;
#6098 = EDGE_LOOP ( 'NONE', ( #5653, #7832, #5881, #2444 ) ) ;
#6099 = EDGE_LOOP ( 'NONE', ( #3344, #1471, #4387, #6348 ) ) ;
#6100 = EDGE_CURVE ( 'NONE', #7161, #7946, #3716, .T. ) ;
#6101 = ORIENTED_EDGE ( 'NONE', *, *, #2271, .F. ) ;
#6102 = EDGE_CURVE ( 'NONE', #5840, #1388, #4922, .T. ) ;
#6103 = DIRECTION ( 'NONE',  ( 7.993605777301127091E-15, 0.000000000000000000, 1.000000000000000000 ) ) ;
#6104 = FACE_OUTER_BOUND ( 'NONE', #4165, .T. ) ;
#6105 = DIRECTION ( 'NONE',  ( 0.000000000000000000, 1.000000000000000000, 0.000000000000000000 ) ) ;
#6106 = DIRECTION ( 'NONE',  ( 0.8660254037844328234, 0.000000000000000000, 0.5000000000000101030 ) ) ;
#6107 = AXIS2_PLACEMENT_3D ( 'NONE', #7814, #2039, #2080 ) ;
#6108 = VERTEX_POINT ( 'NONE', #4812 ) ;
#6109 = CARTESIAN_POINT ( 'NONE',  ( 1.910129954336200697, 16.00000000000000000, 10.83288528313429389 ) ) ;
#6110 = CARTESIAN_POINT ( 'NONE',  ( 5.888972745734204040, 17.50000000000000000, 3.399999999999939959 ) ) ;
#6111 = EDGE_CURVE ( 'NONE', #2052, #7586, #1296, .T. ) ;
#6112 = CARTESIAN_POINT ( 'NONE',  ( -10.44438976665384011, 0.000000000000000000, 5.273018338884896572 ) ) ;
#6113 = CARTESIAN_POINT ( 'NONE',  ( 0.000000000000000000, 0.000000000000000000, 0.000000000000000000 ) ) ;
#6114 = CARTESIAN_POINT ( 'NONE',  ( -2.053986595804164761, 3.541195592598612940, -11.82312299415567836 ) ) ;
#6115 = CARTESIAN_POINT ( 'NONE',  ( -8.593287326970505902, 4.435569463351222375, -8.593287326970502349 ) ) ;
#6116 = VECTOR ( 'NONE', #1746, 1000.000000000000000 ) ;
#6117 = PLANE ( 'NONE',  #649 ) ;
#6118 = CIRCLE ( 'NONE', #3839, 11.00000000000000000 ) ;
#6119 = ORIENTED_EDGE ( 'NONE', *, *, #1594, .F. ) ;
#6120 = ADVANCED_FACE ( 'NONE', ( #7251 ), #6616, .F. ) ;
#6121 = DATE_AND_TIME ( #1752, #5628 ) ;
#6122 = VERTEX_POINT ( 'NONE', #7735 ) ;
#6123 = DIRECTION ( 'NONE',  ( -0.000000000000000000, -1.000000000000000000, -0.000000000000000000 ) ) ;
#6124 = CARTESIAN_POINT ( 'NONE',  ( -11.53012377657203480, 4.223722372889497478, -13.22718005141974196 ) ) ;
#6125 = CARTESIAN_POINT ( 'NONE',  ( -5.604609863433047678, 15.50000000000000000, -1.183818151790930528 ) ) ;
#6126 = VECTOR ( 'NONE', #6904, 999.9999999999998863 ) ;
#6127 = DIRECTION ( 'NONE',  ( -0.000000000000000000, 1.000000000000000000, -0.000000000000000000 ) ) ;
#6128 = VERTEX_POINT ( 'NONE', #4138 ) ;
#6129 = CARTESIAN_POINT ( 'NONE',  ( 10.56536461825795037, 17.50000000000000000, -8.799748319313628997 ) ) ;
#6130 = ORIENTED_EDGE ( 'NONE', *, *, #857, .T. ) ;
#6131 = DIRECTION ( 'NONE',  ( 0.7071067811865475727, 0.000000000000000000, -0.7071067811865475727 ) ) ;
#6132 = VECTOR ( 'NONE', #6892, 1000.000000000000114 ) ;
#6133 = DIRECTION ( 'NONE',  ( 0.000000000000000000, 0.000000000000000000, 1.000000000000000000 ) ) ;
#6134 = EDGE_CURVE ( 'NONE', #2337, #2054, #4097, .T. ) ;
#6135 = CIRCLE ( 'NONE', #6940, 12.00000000000000178 ) ;
#6136 = CARTESIAN_POINT ( 'NONE',  ( 1.777088338804422518, 15.50000000000000000, 5.445643595929321457 ) ) ;
#6137 = ORIENTED_EDGE ( 'NONE', *, *, #5536, .F. ) ;
#6138 = CARTESIAN_POINT ( 'NONE',  ( 0.000000000000000000, 2.000000000000000000, 0.000000000000000000 ) ) ;
#6139 = ORIENTED_EDGE ( 'NONE', *, *, #602, .T. ) ;
#6140 = CIRCLE ( 'NONE', #6274, 1.249999999999994227 ) ;
#6141 = VERTEX_POINT ( 'NONE', #7893 ) ;
#6142 = VERTEX_POINT ( 'NONE', #946 ) ;
#6143 = FACE_OUTER_BOUND ( 'NONE', #1424, .T. ) ;
#6144 = CARTESIAN_POINT ( 'NONE',  ( -3.175586861423063567, 4.703762077990179868, 13.42965557350593642 ) ) ;
#6145 = DIRECTION ( 'NONE',  ( 0.000000000000000000, -0.000000000000000000, 1.000000000000000000 ) ) ;
#6146 = VECTOR ( 'NONE', #1211, 1000.000000000000000 ) ;
#6147 = ADVANCED_FACE ( 'NONE', ( #3386 ), #4683, .F. ) ;
#6148 = DIRECTION ( 'NONE',  ( 0.000000000000000000, 0.000000000000000000, 1.000000000000000000 ) ) ;
#6149 = ORIENTED_EDGE ( 'NONE', *, *, #6492, .F. ) ;
#6150 = DIRECTION ( 'NONE',  ( 0.7071067811865475727, 0.000000000000000000, -0.7071067811865475727 ) ) ;
#6151 = CARTESIAN_POINT ( 'NONE',  ( 0.000000000000000000, 13.50000000000000178, 0.000000000000000000 ) ) ;
#6152 = CIRCLE ( 'NONE', #6283, 2.199999999999997069 ) ;
#6153 = DIRECTION ( 'NONE',  ( 0.000000000000000000, -1.000000000000000000, -0.000000000000000000 ) ) ;
#6154 = DIRECTION ( 'NONE',  ( 0.000000000000000000, 1.000000000000000000, 0.000000000000000000 ) ) ;
#6155 = CARTESIAN_POINT ( 'NONE',  ( -2.571713973934590669, 3.171347316030435515, -11.72297855206928041 ) ) ;
#6156 = LINE ( 'NONE', #5532, #6646 ) ;
#6157 = VECTOR ( 'NONE', #8138, 1000.000000000000227 ) ;
#6158 = ORIENTED_EDGE ( 'NONE', *, *, #2967, .T. ) ;
#6159 = CARTESIAN_POINT ( 'NONE',  ( 0.000000000000000000, 16.00000000000000000, 0.000000000000000000 ) ) ;
#6160 = DATE_AND_TIME ( #4319, #795 ) ;
#6161 = ORIENTED_EDGE ( 'NONE', *, *, #7914, .T. ) ;
#6162 = LINE ( 'NONE', #3651, #718 ) ;
#6163 = CIRCLE ( 'NONE', #1199, 11.00000000000000000 ) ;
#6164 = CARTESIAN_POINT ( 'NONE',  ( 8.480487417368559377, 16.00100000000000122, -4.281510617043243094 ) ) ;
#6165 = CARTESIAN_POINT ( 'NONE',  ( -8.896404679647130109, 0.000000000000000000, 7.675707379515762874 ) ) ;
#6166 = EDGE_CURVE ( 'NONE', #397, #6818, #361, .T. ) ;
#6167 = EDGE_CURVE ( 'NONE', #3024, #2310, #86, .T. ) ;
#6168 = CC_DESIGN_SECURITY_CLASSIFICATION ( #6301, ( #8358 ) ) ;
#6169 = LINE ( 'NONE', #3573, #2794 ) ;
#6170 = EDGE_LOOP ( 'NONE', ( #1092, #2320, #8, #4999 ) ) ;
#6171 = PLANE ( 'NONE',  #3752 ) ;
#6172 = ORIENTED_EDGE ( 'NONE', *, *, #6872, .F. ) ;
#6173 = DIRECTION ( 'NONE',  ( 0.000000000000000000, -1.000000000000000000, 0.000000000000000000 ) ) ;
#6174 = CARTESIAN_POINT ( 'NONE',  ( 13.27267123549431282, 5.654197682898653987, -3.779238319997604734 ) ) ;
#6175 =( REPRESENTATION_RELATIONSHIP ('NONE','NONE', #6688, #126 ) REPRESENTATION_RELATIONSHIP_WITH_TRANSFORMATION ( #8249 )SHAPE_REPRESENTATION_RELATIONSHIP( ) );
#6176 = DIRECTION ( 'NONE',  ( 0.000000000000000000, 1.000000000000000000, 0.000000000000000000 ) ) ;
#6177 = CIRCLE ( 'NONE', #2959, 1.317565283458833392 ) ;
#6178 = ADVANCED_FACE ( 'NONE', ( #4051 ), #233, .F. ) ;
#6179 = ORIENTED_EDGE ( 'NONE', *, *, #8229, .F. ) ;
#6180 = EDGE_CURVE ( 'NONE', #5735, #4349, #463, .T. ) ;
#6181 = CARTESIAN_POINT ( 'NONE',  ( -9.500000000000000000, -1.402220585023716934E-15, -1.249999999999987121 ) ) ;
#6182 = VERTEX_POINT ( 'NONE', #3081 ) ;
#6183 = AXIS2_PLACEMENT_3D ( 'NONE', #4364, #1923, #4449 ) ;
#6184 = ORIENTED_EDGE ( 'NONE', *, *, #129, .T. ) ;
#6185 = EDGE_LOOP ( 'NONE', ( #1762, #1722, #1979, #5175 ) ) ;
#6186 = FACE_OUTER_BOUND ( 'NONE', #1832, .T. ) ;
#6187 = LINE ( 'NONE', #7701, #2843 ) ;
#6188 = CYLINDRICAL_SURFACE ( 'NONE', #6923, 1.499999999999999778 ) ;
#6189 = AXIS2_PLACEMENT_3D ( 'NONE', #1575, #2292, #4903 ) ;
#6190 = CARTESIAN_POINT ( 'NONE',  ( 0.000000000000000000, 6.000000000000000000, 0.000000000000000000 ) ) ;
#6191 = VERTEX_POINT ( 'NONE', #2370 ) ;
#6192 = DIRECTION ( 'NONE',  ( 0.5000000000000071054, 0.000000000000000000, -0.8660254037844345998 ) ) ;
#6193 = DIRECTION ( 'NONE',  ( -0.000000000000000000, -1.000000000000000000, -0.000000000000000000 ) ) ;
#6194 = VECTOR ( 'NONE', #6632, 1000.000000000000114 ) ;
#6195 = LINE ( 'NONE', #8028, #455 ) ;
#6196 = EDGE_CURVE ( 'NONE', #5006, #5593, #4792, .T. ) ;
#6197 = CARTESIAN_POINT ( 'NONE',  ( -3.213938048432636307, 16.00000000000000000, -3.830222215594940138 ) ) ;
#6198 = AXIS2_PLACEMENT_3D ( 'NONE', #8117, #5608, #2244 ) ;
#6199 = EDGE_LOOP ( 'NONE', ( #3616, #4341, #7220, #3650 ) ) ;
#6200 = DIRECTION ( 'NONE',  ( 0.3420201433256794266, 0.000000000000000000, -0.9396926207859044311 ) ) ;
#6201 = PERSON_AND_ORGANIZATION ( #3572, #663 ) ;
#6202 = ORIENTED_EDGE ( 'NONE', *, *, #7104, .T. ) ;
#6203 = DIRECTION ( 'NONE',  ( 0.000000000000000000, -1.000000000000000000, -0.000000000000000000 ) ) ;
#6204 = CARTESIAN_POINT ( 'NONE',  ( 11.00000000000000000, 8.000000000000000000, 3.840629472727446691E-14 ) ) ;
#6205 = AXIS2_PLACEMENT_3D ( 'NONE', #7513, #3799, #5649 ) ;
#6206 = DIRECTION ( 'NONE',  ( 0.000000000000000000, 1.000000000000000000, 0.000000000000000000 ) ) ;
#6207 = AXIS2_PLACEMENT_3D ( 'NONE', #4958, #1723, #5467 ) ;
#6208 = FACE_OUTER_BOUND ( 'NONE', #7926, .T. ) ;
#6209 = ORIENTED_EDGE ( 'NONE', *, *, #1716, .T. ) ;
#6210 = DIRECTION ( 'NONE',  ( 0.000000000000000000, 0.000000000000000000, 1.000000000000000000 ) ) ;
#6211 = ORIENTED_EDGE ( 'NONE', *, *, #4602, .T. ) ;
#6212 = EDGE_CURVE ( 'NONE', #2840, #6978, #7424, .T. ) ;
#6213 = CARTESIAN_POINT ( 'NONE',  ( 0.000000000000000000, 2.000000000000000000, 0.000000000000000000 ) ) ;
#6214 = EDGE_CURVE ( 'NONE', #7178, #5351, #8313, .T. ) ;
#6215 = EDGE_LOOP ( 'NONE', ( #6334, #4342, #4719, #1327 ) ) ;
#6216 = FACE_OUTER_BOUND ( 'NONE', #4966, .T. ) ;
#6217 = AXIS2_PLACEMENT_3D ( 'NONE', #919, #378, #5457 ) ;
#6218 = ORIENTED_EDGE ( 'NONE', *, *, #7934, .T. ) ;
#6219 = CARTESIAN_POINT ( 'NONE',  ( 3.762221576582398974, 16.00000000000000000, -10.33661882864497628 ) ) ;
#6220 = VERTEX_POINT ( 'NONE', #4973 ) ;
#6221 = CIRCLE ( 'NONE', #3009, 1.317565283458833392 ) ;
#6222 = ORIENTED_EDGE ( 'NONE', *, *, #2319, .T. ) ;
#6223 = EDGE_CURVE ( 'NONE', #1750, #6255, #7548, .T. ) ;
#6224 = ORIENTED_EDGE ( 'NONE', *, *, #6166, .F. ) ;
#6225 = CC_DESIGN_PERSON_AND_ORGANIZATION_ASSIGNMENT ( #1580, #6714, ( #4022 ) ) ;
#6226 = CARTESIAN_POINT ( 'NONE',  ( 3.762221576582398974, 8.000000000000000000, -10.33661882864497628 ) ) ;
#6227 = DIRECTION ( 'NONE',  ( 0.7071067811865477948, 0.000000000000000000, 0.7071067811865471286 ) ) ;
#6228 = DIRECTION ( 'NONE',  ( -0.3420201433256695456, 0.000000000000000000, -0.9396926207859080948 ) ) ;
#6229 = AXIS2_PLACEMENT_3D ( 'NONE', #2489, #6900, #1821 ) ;
#6230 = CARTESIAN_POINT ( 'NONE',  ( -11.82508806603878604, 3.533672266532978945, 2.048433660463992112 ) ) ;
#6231 = VERTEX_POINT ( 'NONE', #1191 ) ;
#6232 = CARTESIAN_POINT ( 'NONE',  ( 0.000000000000000000, 16.50000000000000711, 0.000000000000000000 ) ) ;
#6233 = DIRECTION ( 'NONE',  ( -0.8660254037844328234, 0.000000000000000000, -0.5000000000000099920 ) ) ;
#6234 = AXIS2_PLACEMENT_3D ( 'NONE', #3351, #2803, #5903 ) ;
#6235 = CARTESIAN_POINT ( 'NONE',  ( 3.381870563060468626, 6.000000000000000000, -11.51359854670576688 ) ) ;
#6236 = CARTESIAN_POINT ( 'NONE',  ( -1.777088338804396983, 17.50000000000000000, 5.445643595929330338 ) ) ;
#6237 = CYLINDRICAL_SURFACE ( 'NONE', #1825, 0.5999999999999983125 ) ;
#6238 = EDGE_CURVE ( 'NONE', #141, #5725, #6824, .T. ) ;
#6239 = ADVANCED_FACE ( 'NONE', ( #3634 ), #6275, .F. ) ;
#6240 = VECTOR ( 'NONE', #4017, 1000.000000000000000 ) ;
#6241 = EDGE_LOOP ( 'NONE', ( #6563, #5009, #8038, #8247 ) ) ;
#6242 = CARTESIAN_POINT ( 'NONE',  ( 3.547054873789374341, 5.455203336738930098, 13.33734161647684147 ) ) ;
#6243 = PERSON_AND_ORGANIZATION_ROLE ( 'design_supplier' ) ;
#6244 = ORIENTED_EDGE ( 'NONE', *, *, #7267, .T. ) ;
#6245 = DIRECTION ( 'NONE',  ( 0.000000000000000000, 1.000000000000000000, 0.000000000000000000 ) ) ;
#6246 = AXIS2_PLACEMENT_3D ( 'NONE', #6953, #490, #7722 ) ;
#6247 = LINE ( 'NONE', #3097, #3642 ) ;
#6248 = CARTESIAN_POINT ( 'NONE',  ( 5.510910596163088569E-16, 18.90000000000000213, 4.500000000000000000 ) ) ;
#6249 = DIRECTION ( 'NONE',  ( 0.7071067811865452413, -0.000000000000000000, 0.7071067811865499042 ) ) ;
#6250 = VECTOR ( 'NONE', #8234, 1000.000000000000000 ) ;
#6251 = CARTESIAN_POINT ( 'NONE',  ( 12.93653194863401623, 6.000000000000000888, -4.804803964988718867 ) ) ;
#6252 = EDGE_CURVE ( 'NONE', #356, #2526, #2449, .T. ) ;
#6253 = ADVANCED_FACE ( 'NONE', ( #7468 ), #1066, .T. ) ;
#6254 = CARTESIAN_POINT ( 'NONE',  ( -5.273018338884791767, 0.000000000000000000, 10.44438976665389340 ) ) ;
#6255 = VERTEX_POINT ( 'NONE', #404 ) ;
#6256 = CARTESIAN_POINT ( 'NONE',  ( -4.038492616414107950, 5.816346160822007505, -13.19616973383611835 ) ) ;
#6257 = VERTEX_POINT ( 'NONE', #7590 ) ;
#6258 = DIRECTION ( 'NONE',  ( 0.8984891805005853493, 0.000000000000000000, 0.4389956634448527462 ) ) ;
#6259 = CARTESIAN_POINT ( 'NONE',  ( 0.000000000000000000, 16.00000000000000000, 0.000000000000000000 ) ) ;
#6260 = CARTESIAN_POINT ( 'NONE',  ( 8.896404679647073266, 13.50000000000000178, -7.675707379515823270 ) ) ;
#6261 = VECTOR ( 'NONE', #2752, 1000.000000000000000 ) ;
#6262 = EDGE_CURVE ( 'NONE', #2945, #2558, #6803, .T. ) ;
#6263 = VERTEX_POINT ( 'NONE', #2410 ) ;
#6264 = CARTESIAN_POINT ( 'NONE',  ( 0.000000000000000000, 2.000000000000000000, -8.000000000000000000 ) ) ;
#6265 = CIRCLE ( 'NONE', #5989, 12.00000000000000178 ) ;
#6266 = ORIENTED_EDGE ( 'NONE', *, *, #5553, .T. ) ;
#6267 = ORIENTED_EDGE ( 'NONE', *, *, #1170, .F. ) ;
#6268 = AXIS2_PLACEMENT_3D ( 'NONE', #1907, #7675, #6988 ) ;
#6269 = ORIENTED_EDGE ( 'NONE', *, *, #3837, .F. ) ;
#6270 = PLANE ( 'NONE',  #6362 ) ;
#6271 = DIRECTION ( 'NONE',  ( 0.000000000000000000, 0.000000000000000000, 1.000000000000000000 ) ) ;
#6272 = EDGE_CURVE ( 'NONE', #5545, #3914, #7760, .T. ) ;
#6273 = EDGE_CURVE ( 'NONE', #1060, #2628, #6397, .T. ) ;
#6274 = AXIS2_PLACEMENT_3D ( 'NONE', #6264, #8148, #515 ) ;
#6275 = PLANE ( 'NONE',  #1036 ) ;
#6276 = ORIENTED_EDGE ( 'NONE', *, *, #2038, .T. ) ;
#6277 = DIRECTION ( 'NONE',  ( 0.000000000000000000, 0.000000000000000000, -1.000000000000000000 ) ) ;
#6278 = CARTESIAN_POINT ( 'NONE',  ( -10.73180085994850685, 7.242608629440185020, -9.034744585100801473 ) ) ;
#6279 = DIRECTION ( 'NONE',  ( 0.000000000000000000, -1.000000000000000000, 0.000000000000000000 ) ) ;
#6280 = DIRECTION ( 'NONE',  ( 0.000000000000000000, 1.000000000000000000, 0.000000000000000000 ) ) ;
#6281 = DIRECTION ( 'NONE',  ( -0.1736481776669272226, 0.000000000000000000, -0.9848077530122086864 ) ) ;
#6282 = EDGE_CURVE ( 'NONE', #2954, #8267, #2916, .T. ) ;
#6283 = AXIS2_PLACEMENT_3D ( 'NONE', #6746, #4140, #2921 ) ;
#6284 = EDGE_LOOP ( 'NONE', ( #1635, #6130, #5958, #2984 ) ) ;
#6285 = COORDINATED_UNIVERSAL_TIME_OFFSET ( 8, 0, .AHEAD. ) ;
#6286 = ORIENTED_EDGE ( 'NONE', *, *, #4779, .F. ) ;
#6287 = CYLINDRICAL_SURFACE ( 'NONE', #8128, 11.00000000000000000 ) ;
#6288 = CARTESIAN_POINT ( 'NONE',  ( 0.000000000000000000, 0.000000000000000000, 0.000000000000000000 ) ) ;
#6289 = DIRECTION ( 'NONE',  ( 0.000000000000000000, -1.000000000000000000, 0.000000000000000000 ) ) ;
#6290 = CARTESIAN_POINT ( 'NONE',  ( 0.000000000000000000, 16.00000000000000000, 0.000000000000000000 ) ) ;
#6291 = AXIS2_PLACEMENT_3D ( 'NONE', #2819, #6724, #7318 ) ;
#6292 = CARTESIAN_POINT ( 'NONE',  ( 9.526279441628801692, 16.00000000000000000, 5.500000000000044409 ) ) ;
#6293 = CARTESIAN_POINT ( 'NONE',  ( 7.070663706551857608, 8.000000000000000000, 8.426488874308819987 ) ) ;
#6294 = ORIENTED_EDGE ( 'NONE', *, *, #403, .T. ) ;
#6295 = AXIS2_PLACEMENT_3D ( 'NONE', #703, #3105, #5826 ) ;
#6296 = EDGE_LOOP ( 'NONE', ( #2199, #5787 ) ) ;
#6297 = CARTESIAN_POINT ( 'NONE',  ( -13.31642489374794813, 5.519149590898814850, -3.622076823594053252 ) ) ;
#6298 = CARTESIAN_POINT ( 'NONE',  ( 3.213938048432689598, 16.00000000000000000, -3.830222215594895729 ) ) ;
#6299 = EDGE_CURVE ( 'NONE', #7286, #2087, #7628, .T. ) ;
#6300 = CYLINDRICAL_SURFACE ( 'NONE', #1300, 11.75000000000000178 ) ;
#6301 = SECURITY_CLASSIFICATION ( '', '', #3728 ) ;
#6302 = VERTEX_POINT ( 'NONE', #8156 ) ;
#6303 = FACE_OUTER_BOUND ( 'NONE', #8188, .T. ) ;
#6304 = VERTEX_POINT ( 'NONE', #1107 ) ;
#6305 = CARTESIAN_POINT ( 'NONE',  ( 11.57445142046355890, 3.000000000000000444, -3.174696590610572855 ) ) ;
#6306 = VERTEX_POINT ( 'NONE', #3675 ) ;
#6307 = ORIENTED_EDGE ( 'NONE', *, *, #4680, .T. ) ;
#6308 = CIRCLE ( 'NONE', #2689, 2.199999999999997069 ) ;
#6309 = DIRECTION ( 'NONE',  ( -0.8984891805005773557, 0.000000000000000000, 0.4389956634448693995 ) ) ;
#6310 = CARTESIAN_POINT ( 'NONE',  ( -9.034744585100794367, 3.835569463351224062, -10.73180085994851929 ) ) ;
#6311 = AXIS2_PLACEMENT_3D ( 'NONE', #5738, #6411, #3058 ) ;
#6312 = CARTESIAN_POINT ( 'NONE',  ( -11.57450840182334417, 3.000000000000001776, 3.174502597230593359 ) ) ;
#6313 = ORIENTED_EDGE ( 'NONE', *, *, #7501, .T. ) ;
#6314 = ORIENTED_EDGE ( 'NONE', *, *, #6282, .T. ) ;
#6315 = DIRECTION ( 'NONE',  ( 0.7071067811865474617, 0.000000000000000000, -0.7071067811865476838 ) ) ;
#6316 = EDGE_CURVE ( 'NONE', #3699, #1516, #5992, .T. ) ;
#6317 = DIRECTION ( 'NONE',  ( 0.7071067811865475727, 0.000000000000000000, -0.7071067811865475727 ) ) ;
#6318 = EDGE_CURVE ( 'NONE', #3235, #2732, #3795, .T. ) ;
#6319 = CARTESIAN_POINT ( 'NONE',  ( -12.90348790056393113, 13.50000000000000178, 4.750000000000030198 ) ) ;
#6320 = CARTESIAN_POINT ( 'NONE',  ( 0.000000000000000000, 1.000000000000007772, 0.000000000000000000 ) ) ;
#6321 = CIRCLE ( 'NONE', #3646, 5.000000000000000000 ) ;
#6322 = ORIENTED_EDGE ( 'NONE', *, *, #2260, .T. ) ;
#6323 = AXIS2_PLACEMENT_3D ( 'NONE', #380, #6249, #4872 ) ;
#6324 = DIRECTION ( 'NONE',  ( -0.9848077530122103518, 0.000000000000000000, 0.1736481776669168697 ) ) ;
#6325 = ORIENTED_EDGE ( 'NONE', *, *, #2918, .T. ) ;
#6326 = LINE ( 'NONE', #4448, #2458 ) ;
#6327 = CARTESIAN_POINT ( 'NONE',  ( -12.90348790056393469, 16.50000000000000711, 4.750000000000031086 ) ) ;
#6328 = LINE ( 'NONE', #579, #1675 ) ;
#6329 = CC_DESIGN_PERSON_AND_ORGANIZATION_ASSIGNMENT ( #2546, #7044, ( #6301 ) ) ;
#6330 = CARTESIAN_POINT ( 'NONE',  ( -1.950462647968669527, 17.50000000000000000, 4.695865688005944172 ) ) ;
#6331 = AXIS2_PLACEMENT_3D ( 'NONE', #1717, #6761, #4283 ) ;
#6332 = DIRECTION ( 'NONE',  ( 0.000000000000000000, -1.000000000000000000, 0.000000000000000000 ) ) ;
#6333 = CARTESIAN_POINT ( 'NONE',  ( -12.11086360517564131, 5.866954954446399029, -13.80791988002335202 ) ) ;
#6334 = ORIENTED_EDGE ( 'NONE', *, *, #2661, .T. ) ;
#6335 = VECTOR ( 'NONE', #8073, 1000.000000000000000 ) ;
#6336 = VERTEX_POINT ( 'NONE', #5805 ) ;
#6337 = CARTESIAN_POINT ( 'NONE',  ( 3.091507654588422582, 15.50000000000000000, -5.354648329735387513 ) ) ;
#6338 = CYLINDRICAL_SURFACE ( 'NONE', #4031, 5.000000000000000000 ) ;
#6339 = DIRECTION ( 'NONE',  ( 0.000000000000000000, 0.000000000000000000, 1.000000000000000000 ) ) ;
#6340 = ADVANCED_FACE ( 'NONE', ( #2659 ), #724, .F. ) ;
#6341 = AXIS2_PLACEMENT_3D ( 'NONE', #6213, #4164, #5589 ) ;
#6342 = ORIENTED_EDGE ( 'NONE', *, *, #2251, .F. ) ;
#6343 = CARTESIAN_POINT ( 'NONE',  ( -10.56536461825801432, 13.50000000000000178, 8.799748319313556166 ) ) ;
#6344 = ORIENTED_EDGE ( 'NONE', *, *, #2208, .T. ) ;
#6345 = ADVANCED_FACE ( 'NONE', ( #5223 ), #3123, .T. ) ;
#6346 = DIRECTION ( 'NONE',  ( 0.4389956634448590189, 0.000000000000000000, -0.8984891805005823517 ) ) ;
#6347 = ORIENTED_EDGE ( 'NONE', *, *, #263, .T. ) ;
#6348 = ORIENTED_EDGE ( 'NONE', *, *, #8256, .T. ) ;
#6349 = CIRCLE ( 'NONE', #2731, 1.500000000000000222 ) ;
#6350 = LINE ( 'NONE', #3751, #340 ) ;
#6351 = CARTESIAN_POINT ( 'NONE',  ( 10.33661882864498871, 16.00000000000000000, -3.762221576582364779 ) ) ;
#6352 = AXIS2_PLACEMENT_3D ( 'NONE', #7595, #6279, #4977 ) ;
#6353 = CARTESIAN_POINT ( 'NONE',  ( 0.000000000000000000, 15.50000000000000000, 0.000000000000000000 ) ) ;
#6354 = ORIENTED_EDGE ( 'NONE', *, *, #4939, .T. ) ;
#6355 = EDGE_CURVE ( 'NONE', #4823, #6937, #7995, .T. ) ;
#6356 = EDGE_CURVE ( 'NONE', #8094, #199, #6671, .T. ) ;
#6357 = ORIENTED_EDGE ( 'NONE', *, *, #6602, .T. ) ;
#6358 = FACE_OUTER_BOUND ( 'NONE', #5715, .T. ) ;
#6359 = FACE_OUTER_BOUND ( 'NONE', #2073, .T. ) ;
#6360 = CARTESIAN_POINT ( 'NONE',  ( 3.290002895201666888, 16.00100000000000122, -6.516585068083180055 ) ) ;
#6361 = CARTESIAN_POINT ( 'NONE',  ( 4.924038765061039769, 16.00000000000000000, 0.8682408883346546258 ) ) ;
#6362 = AXIS2_PLACEMENT_3D ( 'NONE', #7630, #5600, #1777 ) ;
#6363 = EDGE_CURVE ( 'NONE', #4123, #3241, #4590, .T. ) ;
#6364 = ORIENTED_EDGE ( 'NONE', *, *, #2346, .F. ) ;
#6365 = VECTOR ( 'NONE', #2866, 1000.000000000000000 ) ;
#6366 = CARTESIAN_POINT ( 'NONE',  ( -3.381870563060469070, 3.000000000000000000, 11.51359854670576510 ) ) ;
#6367 = PERSON_AND_ORGANIZATION_ROLE ( 'classification_officer' ) ;
#6368 = EDGE_LOOP ( 'NONE', ( #3169, #7677 ) ) ;
#6369 = CARTESIAN_POINT ( 'NONE',  ( -13.19891429544475514, 5.823604792400008279, 4.033394266529223948 ) ) ;
#6370 = FACE_OUTER_BOUND ( 'NONE', #2663, .T. ) ;
#6371 = LINE ( 'NONE', #3771, #5695 ) ;
#6372 = CARTESIAN_POINT ( 'NONE',  ( -13.80791988002335380, 5.866954954446399029, -12.11086360517563776 ) ) ;
#6373 = EDGE_CURVE ( 'NONE', #6076, #6493, #6135, .T. ) ;
#6374 = DIRECTION ( 'NONE',  ( 0.000000000000000000, 0.000000000000000000, -1.000000000000000000 ) ) ;
#6375 = LINE ( 'NONE', #4370, #6146 ) ;
#6376 = AXIS2_PLACEMENT_3D ( 'NONE', #1321, #3881, #7846 ) ;
#6377 = EDGE_LOOP ( 'NONE', ( #4711, #1890 ) ) ;
#6378 = CARTESIAN_POINT ( 'NONE',  ( -3.176412064022024140, 4.605821537865891102, -13.42946039122701940 ) ) ;
#6379 = ORIENTED_EDGE ( 'NONE', *, *, #2847, .T. ) ;
#6380 = DIRECTION ( 'NONE',  ( 0.000000000000000000, 0.000000000000000000, 1.000000000000000000 ) ) ;
#6381 = DIRECTION ( 'NONE',  ( -0.000000000000000000, -1.000000000000000000, 0.000000000000000000 ) ) ;
#6382 = DIRECTION ( 'NONE',  ( 0.000000000000000000, -1.000000000000000000, 0.000000000000000000 ) ) ;
#6383 = CARTESIAN_POINT ( 'NONE',  ( -10.33661882864493542, 16.00000000000000000, -3.762221576582507776 ) ) ;
#6384 = VECTOR ( 'NONE', #4587, 1000.000000000000000 ) ;
#6385 = ADVANCED_FACE ( 'NONE', ( #7031 ), #2619, .T. ) ;
#6386 = VERTEX_POINT ( 'NONE', #5686 ) ;
#6387 = LINE ( 'NONE', #3201, #1573 ) ;
#6388 = ORIENTED_EDGE ( 'NONE', *, *, #6790, .F. ) ;
#6389 = DIRECTION ( 'NONE',  ( 0.000000000000000000, 0.000000000000000000, 1.000000000000000000 ) ) ;
#6390 = VERTEX_POINT ( 'NONE', #1988 ) ;
#6391 = ORIENTED_EDGE ( 'NONE', *, *, #3222, .F. ) ;
#6392 = CARTESIAN_POINT ( 'NONE',  ( -10.33661882864501358, 16.00000000000000000, 3.762221576582292837 ) ) ;
#6393 = CIRCLE ( 'NONE', #624, 1.500000000000000000 ) ;
#6394 = FACE_BOUND ( 'NONE', #2878, .T. ) ;
#6395 = DIRECTION ( 'NONE',  ( 0.000000000000000000, 0.000000000000000000, -1.000000000000000000 ) ) ;
#6396 = ORIENTED_EDGE ( 'NONE', *, *, #6684, .T. ) ;
#6397 = CIRCLE ( 'NONE', #4660, 5.000000000000000000 ) ;
#6398 = ORIENTED_EDGE ( 'NONE', *, *, #2679, .F. ) ;
#6399 = CARTESIAN_POINT ( 'NONE',  ( 0.000000000000000000, 16.00000000000000000, 0.000000000000000000 ) ) ;
#6400 = DIRECTION ( 'NONE',  ( 0.8984891805005802423, 0.000000000000000000, -0.4389956634448631267 ) ) ;
#6401 = DIRECTION ( 'NONE',  ( -0.7071067811865475727, 0.000000000000000000, 0.7071067811865475727 ) ) ;
#6402 = CIRCLE ( 'NONE', #6000, 11.00000000000000000 ) ;
#6403 = EDGE_CURVE ( 'NONE', #1797, #1657, #2106, .T. ) ;
#6404 = ORIENTED_EDGE ( 'NONE', *, *, #2985, .T. ) ;
#6405 = CARTESIAN_POINT ( 'NONE',  ( 3.175740725761691863, 4.294536752499991117, 13.42961918032009727 ) ) ;
#6406 = VECTOR ( 'NONE', #1371, 1000.000000000000114 ) ;
#6407 = CARTESIAN_POINT ( 'NONE',  ( 0.000000000000000000, 13.50000000000000178, 0.000000000000000000 ) ) ;
#6408 = ORIENTED_EDGE ( 'NONE', *, *, #985, .F. ) ;
#6409 = DIRECTION ( 'NONE',  ( 0.000000000000000000, -1.000000000000000000, -0.000000000000000000 ) ) ;
#6410 = PRODUCT ( '2208\X2\76f46d4165e052377535673a88c5914d4f53\X0\', '2208\X2\76f46d4165e052377535673a88c5914d4f53\X0\', '', ( #245 ) ) ;
#6411 = DIRECTION ( 'NONE',  ( -0.000000000000000000, -1.000000000000000000, -0.000000000000000000 ) ) ;
#6412 = CARTESIAN_POINT ( 'NONE',  ( -11.84875564596694630, 5.303569353887379378, -1.902120431588478766 ) ) ;
#6413 = AXIS2_PLACEMENT_3D ( 'NONE', #4780, #7344, #4445 ) ;
#6414 = DIRECTION ( 'NONE',  ( 0.000000000000000000, 0.000000000000000000, -1.000000000000000000 ) ) ;
#6415 = CARTESIAN_POINT ( 'NONE',  ( 11.76010714847200234, 5.721151508923319362, -2.389331850966536663 ) ) ;
#6416 = VERTEX_POINT ( 'NONE', #5844 ) ;
#6417 = EDGE_LOOP ( 'NONE', ( #2950, #702, #1998, #633 ) ) ;
#6418 = DIRECTION ( 'NONE',  ( 0.000000000000000000, -0.000000000000000000, 1.000000000000000000 ) ) ;
#6419 = AXIS2_PLACEMENT_3D ( 'NONE', #4148, #2848, #5413 ) ;
#6420 = CARTESIAN_POINT ( 'NONE',  ( 0.000000000000000000, 16.00000000000000000, 0.000000000000000000 ) ) ;
#6421 = EDGE_CURVE ( 'NONE', #5615, #8232, #5328, .T. ) ;
#6423 = ADVANCED_FACE ( 'NONE', ( #5058 ), #7634, .F. ) ;
#6422 = DIRECTION ( 'NONE',  ( 1.000000000000000000, 0.000000000000000000, -1.025063872168114215E-14 ) ) ;
#6424 = PLANE ( 'NONE',  #5960 ) ;
#6425 = ADVANCED_FACE ( 'NONE', ( #642 ), #1353, .F. ) ;
#6426 = VECTOR ( 'NONE', #2652, 1000.000000000000000 ) ;
#6427 = ORIENTED_EDGE ( 'NONE', *, *, #7130, .T. ) ;
#6428 = CARTESIAN_POINT ( 'NONE',  ( 4.698463103929530149, 8.000000000000000000, 1.710100716628379480 ) ) ;
#6429 = ORIENTED_EDGE ( 'NONE', *, *, #3010, .F. ) ;
#6430 = DIRECTION ( 'NONE',  ( 0.000000000000000000, 0.000000000000000000, -1.000000000000000000 ) ) ;
#6431 = EDGE_LOOP ( 'NONE', ( #6970, #5979, #3562, #4266 ) ) ;
#6432 = ORIENTED_EDGE ( 'NONE', *, *, #129, .F. ) ;
#6433 = DIRECTION ( 'NONE',  ( 0.000000000000000000, 0.000000000000000000, -1.000000000000000000 ) ) ;
#6434 = AXIS2_PLACEMENT_3D ( 'NONE', #4534, #1173, #6460 ) ;
#6435 = FACE_OUTER_BOUND ( 'NONE', #6737, .T. ) ;
#6436 = EDGE_CURVE ( 'NONE', #8060, #6894, #1040, .T. ) ;
#6437 = CARTESIAN_POINT ( 'NONE',  ( 9.731284662494420701, 17.50000000000000000, -8.237997257677426077 ) ) ;
#6438 = APPROVAL_PERSON_ORGANIZATION ( #3886, #7367, #4405 ) ;
#6439 = VERTEX_POINT ( 'NONE', #2578 ) ;
#6440 = AXIS2_PLACEMENT_3D ( 'NONE', #5672, #511, #1972 ) ;
#6441 = EDGE_LOOP ( 'NONE', ( #3715, #6161 ) ) ;
#6442 = CYLINDRICAL_SURFACE ( 'NONE', #6625, 1.499999999999999556 ) ;
#6443 = LINE ( 'NONE', #7889, #2161 ) ;
#6444 = CARTESIAN_POINT ( 'NONE',  ( 1.950462647968635554, 15.50000000000000000, -4.695865688005957495 ) ) ;
#6445 = VECTOR ( 'NONE', #2894, 1000.000000000000000 ) ;
#6446 = ORIENTED_EDGE ( 'NONE', *, *, #3686, .T. ) ;
#6447 = DIRECTION ( 'NONE',  ( -0.000000000000000000, -1.000000000000000000, -0.000000000000000000 ) ) ;
#6448 = EDGE_CURVE ( 'NONE', #2411, #5670, #7071, .T. ) ;
#6449 = CARTESIAN_POINT ( 'NONE',  ( -1.777088338804396983, 15.50000000000000000, 5.445643595929330338 ) ) ;
#6450 = CALENDAR_DATE ( 2024, 28, 12 ) ;
#6451 = AXIS2_PLACEMENT_3D ( 'NONE', #2913, #315, #358 ) ;
#6452 = B_SPLINE_CURVE_WITH_KNOTS ( 'NONE', 3,
 ( #5214, #8357, #4427, #3869, #1859, #1899, #3286, #5134, #715, #6980, #4581, #4468, #5838, #1939 ),
 .UNSPECIFIED., .F., .F.,
 ( 4, 2, 2, 2, 2, 2, 4 ),
 ( 0.007504326702221613722, 0.008145284155037738755, 0.008465762881445799970, 0.008786241607853862920, 0.009106720334261924135, 0.009427199060669985350, 0.01006815651348610778 ),
 .UNSPECIFIED. ) ;
#6453 = ORIENTED_EDGE ( 'NONE', *, *, #3330, .F. ) ;
#6454 = CARTESIAN_POINT ( 'NONE',  ( 11.82513464775187728, 5.466177086364696791, 2.048199155407372185 ) ) ;
#6455 = CARTESIAN_POINT ( 'NONE',  ( 0.000000000000000000, -8.999999999999998224, 0.000000000000000000 ) ) ;
#6456 = DIRECTION ( 'NONE',  ( -0.000000000000000000, -1.000000000000000000, -0.000000000000000000 ) ) ;
#6457 = VECTOR ( 'NONE', #3018, 1000.000000000000000 ) ;
#6458 = CARTESIAN_POINT ( 'NONE',  ( 11.57406424202308948, 6.000000000000012434, -3.176014741925475615 ) ) ;
#6459 = ORIENTED_EDGE ( 'NONE', *, *, #878, .T. ) ;
#6460 = DIRECTION ( 'NONE',  ( 1.000000000000000000, 0.000000000000000000, 0.000000000000000000 ) ) ;
#6461 = ORIENTED_EDGE ( 'NONE', *, *, #1339, .F. ) ;
#6462 = LINE ( 'NONE', #3066, #3271 ) ;
#6463 = CARTESIAN_POINT ( 'NONE',  ( -8.426488874308844856, 16.00000000000000000, 7.070663706551828298 ) ) ;
#6464 = AXIS2_PLACEMENT_3D ( 'NONE', #4309, #6866, #1110 ) ;
#6465 = CARTESIAN_POINT ( 'NONE',  ( -10.83288528313431520, 16.00000000000000000, 1.910129954336087454 ) ) ;
#6466 = CARTESIAN_POINT ( 'NONE',  ( -4.698463103929552354, 8.000000000000000000, 1.710100716628313977 ) ) ;
#6467 = ADVANCED_BREP_SHAPE_REPRESENTATION ( '', ( #2348, #5222, #7789 ), #1067 ) ;
#6468 = ORIENTED_EDGE ( 'NONE', *, *, #3157, .T. ) ;
#6469 = AXIS2_PLACEMENT_3D ( 'NONE', #6372, #2467, #5701 ) ;
#6470 = ADVANCED_FACE ( 'NONE', ( #5179 ), #4551, .F. ) ;
#6471 = CARTESIAN_POINT ( 'NONE',  ( -1.950462647968669305, 13.50000000000000178, 4.695865688005944172 ) ) ;
#6472 = ORIENTED_EDGE ( 'NONE', *, *, #6041, .T. ) ;
#6473 = EDGE_CURVE ( 'NONE', #7946, #8316, #7968, .T. ) ;
#6474 = PLANE ( 'NONE',  #1994 ) ;
#6475 = EDGE_LOOP ( 'NONE', ( #3768, #2181, #5966, #3954 ) ) ;
#6476 = ORIENTED_EDGE ( 'NONE', *, *, #4044, .T. ) ;
#6477 = CARTESIAN_POINT ( 'NONE',  ( -5.041970302557174044, 17.50000000000000000, 0.6587826417294286863 ) ) ;
#6478 = DIRECTION ( 'NONE',  ( 0.000000000000000000, 1.000000000000000000, 0.000000000000000000 ) ) ;
#6479 = AXIS2_PLACEMENT_3D ( 'NONE', #1614, #4856, #5984 ) ;
#6480 = CARTESIAN_POINT ( 'NONE',  ( -8.426488874308844856, 8.000000000000000000, 7.070663706551828298 ) ) ;
#6481 = ORIENTED_EDGE ( 'NONE', *, *, #7991, .T. ) ;
#6482 = ADVANCED_FACE ( 'NONE', ( #4001 ), #5433, .F. ) ;
#6483 = AXIS2_PLACEMENT_3D ( 'NONE', #3780, #5747, #7660 ) ;
#6484 = ORIENTED_EDGE ( 'NONE', *, *, #540, .F. ) ;
#6485 = LINE ( 'NONE', #5893, #3946 ) ;
#6486 = CARTESIAN_POINT ( 'NONE',  ( 3.622076823594007067, 5.519149590898813962, -13.31642489374795879 ) ) ;
#6487 = CARTESIAN_POINT ( 'NONE',  ( 0.000000000000000000, 2.000000000000000000, 0.000000000000000000 ) ) ;
#6488 = CIRCLE ( 'NONE', #1389, 2.199999999999997069 ) ;
#6489 = ORIENTED_EDGE ( 'NONE', *, *, #5648, .T. ) ;
#6490 = CARTESIAN_POINT ( 'NONE',  ( -9.734136008177292965, 3.000000000000001332, -17.86586399182268181 ) ) ;
#6491 = CARTESIAN_POINT ( 'NONE',  ( 5.041970302557169603, 17.50000000000000000, -0.6587826417294638803 ) ) ;
#6492 = EDGE_CURVE ( 'NONE', #6758, #1782, #1303, .T. ) ;
#6493 = VERTEX_POINT ( 'NONE', #175 ) ;
#6494 = CARTESIAN_POINT ( 'NONE',  ( 11.87808303364605145, 4.074854318852155544, 1.706446182050106231 ) ) ;
#6495 = APPLICATION_CONTEXT ( 'configuration controlled 3d designs of mechanical parts and assemblies' ) ;
#6496 = FACE_OUTER_BOUND ( 'NONE', #1223, .T. ) ;
#6497 = DIRECTION ( 'NONE',  ( 0.000000000000000000, 1.000000000000000000, 0.000000000000000000 ) ) ;
#6498 = AXIS2_PLACEMENT_3D ( 'NONE', #7331, #1562, #2235 ) ;
#6499 = LINE ( 'NONE', #196, #5348 ) ;
#6500 = ORIENTED_EDGE ( 'NONE', *, *, #3210, .T. ) ;
#6501 = APPLICATION_PROTOCOL_DEFINITION ( 'international standard', 'config_control_design', 1994, #6604 ) ;
#6502 = ORIENTED_EDGE ( 'NONE', *, *, #5522, .T. ) ;
#6503 = CARTESIAN_POINT ( 'NONE',  ( -3.174058661560649419, 5.999999999999996447, 11.57463879832517861 ) ) ;
#6504 = DIRECTION ( 'NONE',  ( -0.8294259869447440092, 0.000000000000000000, -0.5586166236165349686 ) ) ;
#6505 = CARTESIAN_POINT ( 'NONE',  ( -11.09555992249987177, 13.50000000000000178, 3.866658765163369260 ) ) ;
#6506 = DIRECTION ( 'NONE',  ( 0.000000000000000000, -1.000000000000000000, 0.000000000000000000 ) ) ;
#6507 = EDGE_CURVE ( 'NONE', #2277, #7920, #5349, .T. ) ;
#6508 = ADVANCED_FACE ( 'NONE', ( #4803 ), #4673, .F. ) ;
#6509 = ORIENTED_EDGE ( 'NONE', *, *, #856, .F. ) ;
#6510 = DIRECTION ( 'NONE',  ( 0.000000000000000000, 0.000000000000000000, 1.000000000000000000 ) ) ;
#6511 = ORIENTED_EDGE ( 'NONE', *, *, #4681, .F. ) ;
#6512 = CARTESIAN_POINT ( 'NONE',  ( -12.90348790056395067, 13.50000000000000178, -4.749999999999969802 ) ) ;
#6513 = ORIENTED_EDGE ( 'NONE', *, *, #4692, .F. ) ;
#6514 = DIRECTION ( 'NONE',  ( -0.000000000000000000, -1.000000000000000000, 0.000000000000000000 ) ) ;
#6515 = ORIENTED_EDGE ( 'NONE', *, *, #3913, .T. ) ;
#6516 = CARTESIAN_POINT ( 'NONE',  ( 4.281510617043278621, 2.000000000000000000, -8.480487417368545167 ) ) ;
#6517 = VECTOR ( 'NONE', #6527, 1000.000000000000000 ) ;
#6518 = CARTESIAN_POINT ( 'NONE',  ( 2.571238114557406806, 5.828433848673830298, 11.72308315111105692 ) ) ;
#6519 = EDGE_CURVE ( 'NONE', #7753, #1075, #7212, .T. ) ;
#6520 = UNCERTAINTY_MEASURE_WITH_UNIT (LENGTH_MEASURE( 1.000000000000000082E-05 ), #5162, 'distance_accuracy_value', 'NONE');
#6521 = CARTESIAN_POINT ( 'NONE',  ( 0.000000000000000000, 16.00000000000000000, 0.000000000000000000 ) ) ;
#6522 = VECTOR ( 'NONE', #8278, 1000.000000000000000 ) ;
#6523 = EDGE_LOOP ( 'NONE', ( #8102, #3796, #6357, #1037 ) ) ;
#6524 = ORIENTED_EDGE ( 'NONE', *, *, #6272, .F. ) ;
#6525 = CARTESIAN_POINT ( 'NONE',  ( -1.530808498934182449E-16, 2.000000000000000000, -9.249999999999994671 ) ) ;
#6526 = CARTESIAN_POINT ( 'NONE',  ( 4.706763560087719789, 5.999999999999997335, -12.97294548883689913 ) ) ;
#6527 = DIRECTION ( 'NONE',  ( -0.7660444431189725734, 0.000000000000000000, -0.6427876096865458022 ) ) ;
#6528 = ADVANCED_FACE ( 'NONE', ( #2189 ), #903, .T. ) ;
#6529 = CIRCLE ( 'NONE', #3040, 12.75000000000000000 ) ;
#6530 = ADVANCED_FACE ( 'NONE', ( #764 ), #5263, .F. ) ;
#6531 = VERTEX_POINT ( 'NONE', #2786 ) ;
#6532 = CIRCLE ( 'NONE', #5186, 0.5999999999999983125 ) ;
#6533 = ORIENTED_EDGE ( 'NONE', *, *, #3790, .F. ) ;
#6534 = LINE ( 'NONE', #775, #3613 ) ;
#6535 = CONICAL_SURFACE ( 'NONE', #2781, 13.75000000000000178, 0.7853981633974526089 ) ;
#6536 = FACE_OUTER_BOUND ( 'NONE', #7167, .T. ) ;
#6537 = CARTESIAN_POINT ( 'NONE',  ( 0.000000000000000000, 8.000000000000000000, 0.000000000000000000 ) ) ;
#6538 = VECTOR ( 'NONE', #473, 1000.000000000000000 ) ;
#6539 = DIRECTION ( 'NONE',  ( 0.9396926207859068736, 0.000000000000000000, 0.3420201433256728207 ) ) ;
#6540 = CARTESIAN_POINT ( 'NONE',  ( 0.000000000000000000, 16.00000000000000000, 0.000000000000000000 ) ) ;
#6541 = ADVANCED_FACE ( 'NONE', ( #3416 ), #5196, .T. ) ;
#6542 = CARTESIAN_POINT ( 'NONE',  ( -2.338123282305824446, 13.50000000000000178, 13.54974831931352064 ) ) ;
#6543 = ORIENTED_EDGE ( 'NONE', *, *, #2530, .F. ) ;
#6544 = EDGE_LOOP ( 'NONE', ( #7936, #6606 ) ) ;
#6545 = DIRECTION ( 'NONE',  ( 0.000000000000000000, -1.000000000000000000, -0.000000000000000000 ) ) ;
#6546 = CARTESIAN_POINT ( 'NONE',  ( 9.526279441628799916, 16.00000000000000000, 5.500000000000043521 ) ) ;
#6547 = CARTESIAN_POINT ( 'NONE',  ( 10.44438976665387564, 16.00100000000000122, -5.273018338884823741 ) ) ;
#6548 = AXIS2_PLACEMENT_3D ( 'NONE', #2733, #4033, #6592 ) ;
#6549 = CARTESIAN_POINT ( 'NONE',  ( -5.273018338884787326, 16.00100000000000122, -10.44438976665389518 ) ) ;
#6550 = ORIENTED_EDGE ( 'NONE', *, *, #1854, .F. ) ;
#6551 = DIRECTION ( 'NONE',  ( -0.000000000000000000, -1.000000000000000000, 0.000000000000000000 ) ) ;
#6552 = ORIENTED_EDGE ( 'NONE', *, *, #5493, .F. ) ;
#6553 = CIRCLE ( 'NONE', #1319, 11.75000000000000178 ) ;
#6554 = DIRECTION ( 'NONE',  ( 0.6427876096865404731, 0.000000000000000000, -0.7660444431189771253 ) ) ;
#6555 = ORIENTED_EDGE ( 'NONE', *, *, #2481, .F. ) ;
#6556 = LINE ( 'NONE', #757, #2719 ) ;
#6557 = EDGE_CURVE ( 'NONE', #1547, #6306, #308, .T. ) ;
#6558 = VERTEX_POINT ( 'NONE', #2065 ) ;
#6559 = DIRECTION ( 'NONE',  ( 0.000000000000000000, -1.000000000000000000, 0.000000000000000000 ) ) ;
#6560 = DIRECTION ( 'NONE',  ( -0.7071067811865474617, -0.000000000000000000, 0.7071067811865476838 ) ) ;
#6561 = VECTOR ( 'NONE', #6887, 1000.000000000000000 ) ;
#6562 = DIRECTION ( 'NONE',  ( 0.000000000000000000, 0.000000000000000000, 1.000000000000000000 ) ) ;
#6563 = ORIENTED_EDGE ( 'NONE', *, *, #7703, .F. ) ;
#6564 = EDGE_LOOP ( 'NONE', ( #1910, #7964, #7729, #714 ) ) ;
#6565 = CC_DESIGN_APPROVAL ( #2068, ( #3969 ) ) ;
#6566 = CARTESIAN_POINT ( 'NONE',  ( -12.93653194863400024, 3.000000000000000000, -4.804803964988762388 ) ) ;
#6567 = PLANE ( 'NONE',  #1093 ) ;
#6568 = CARTESIAN_POINT ( 'NONE',  ( 3.762221576582328808, 16.00000000000000000, 10.33661882864500292 ) ) ;
#6569 = ORIENTED_EDGE ( 'NONE', *, *, #7761, .T. ) ;
#6570 = SECURITY_CLASSIFICATION ( '', '', #4524 ) ;
#6571 = CARTESIAN_POINT ( 'NONE',  ( 0.000000000000000000, 16.00000000000000000, 0.000000000000000000 ) ) ;
#6572 = VERTEX_POINT ( 'NONE', #3498 ) ;
#6573 = DIRECTION ( 'NONE',  ( -0.000000000000000000, -1.000000000000000000, -0.000000000000000000 ) ) ;
#6574 = EDGE_CURVE ( 'NONE', #7920, #120, #3454, .T. ) ;
#6575 = EDGE_CURVE ( 'NONE', #3417, #2045, #2702, .T. ) ;
#6576 = LINE ( 'NONE', #3972, #6811 ) ;
#6577 = CARTESIAN_POINT ( 'NONE',  ( 11.62851540572743225, 3.035013404635030998, 2.969776669781166056 ) ) ;
#6578 = LINE ( 'NONE', #1368, #1220 ) ;
#6579 = CARTESIAN_POINT ( 'NONE',  ( 4.804803964988720644, 2.999999999999985789, -12.93653194863402156 ) ) ;
#6580 = VECTOR ( 'NONE', #2312, 1000.000000000000000 ) ;
#6581 = AXIS2_PLACEMENT_3D ( 'NONE', #5419, #6081, #6675 ) ;
#6582 = LINE ( 'NONE', #1410, #7361 ) ;
#6583 = ORIENTED_EDGE ( 'NONE', *, *, #7043, .F. ) ;
#6584 = APPROVAL_STATUS ( 'not_yet_approved' ) ;
#6585 = ORIENTED_EDGE ( 'NONE', *, *, #7104, .F. ) ;
#6586 = DIRECTION ( 'NONE',  ( 0.000000000000000000, 1.000000000000000000, 0.000000000000000000 ) ) ;
#6587 = CARTESIAN_POINT ( 'NONE',  ( 0.000000000000000000, 0.000000000000000000, 0.000000000000000000 ) ) ;
#6588 = DIRECTION ( 'NONE',  ( 0.000000000000000000, -1.000000000000000000, 0.000000000000000000 ) ) ;
#6589 = DIRECTION ( 'NONE',  ( 0.000000000000000000, 1.000000000000000000, 0.000000000000000000 ) ) ;
#6590 = CIRCLE ( 'NONE', #5249, 11.69999999999999574 ) ;
#6591 = EDGE_LOOP ( 'NONE', ( #3757, #859, #7827, #5639 ) ) ;
#6592 = DIRECTION ( 'NONE',  ( 0.000000000000000000, 0.000000000000000000, 1.000000000000000000 ) ) ;
#6593 = ORIENTED_EDGE ( 'NONE', *, *, #4790, .F. ) ;
#6594 = DIRECTION ( 'NONE',  ( 0.8660254037844362651, 0.000000000000000000, -0.5000000000000042188 ) ) ;
#6595 = AXIS2_PLACEMENT_3D ( 'NONE', #709, #2998, #8191 ) ;
#6596 = ORIENTED_EDGE ( 'NONE', *, *, #5023, .F. ) ;
#6597 = FACE_OUTER_BOUND ( 'NONE', #2125, .T. ) ;
#6598 = EDGE_LOOP ( 'NONE', ( #8049, #1496, #8250, #4252, #3662 ) ) ;
#6599 = EDGE_CURVE ( 'NONE', #544, #6076, #7199, .T. ) ;
#6600 = CARTESIAN_POINT ( 'NONE',  ( -11.51359854670576510, 6.000000000000000000, 3.381870563060469959 ) ) ;
#6601 = CARTESIAN_POINT ( 'NONE',  ( 0.000000000000000000, 16.00000000000000000, 0.000000000000000000 ) ) ;
#6602 = EDGE_CURVE ( 'NONE', #8061, #1060, #1433, .T. ) ;
#6603 = CARTESIAN_POINT ( 'NONE',  ( 0.000000000000000000, 18.90000000000000213, 0.000000000000000000 ) ) ;
#6604 = APPLICATION_CONTEXT ( 'configuration controlled 3d designs of mechanical parts and assemblies' ) ;
#6605 = EDGE_LOOP ( 'NONE', ( #2818, #5607, #4300, #1058 ) ) ;
#6606 = ORIENTED_EDGE ( 'NONE', *, *, #353, .F. ) ;
#6607 = AXIS2_PLACEMENT_3D ( 'NONE', #2842, #7340, #365 ) ;
#6608 = CARTESIAN_POINT ( 'NONE',  ( -8.896404679647163860, 0.000000000000000000, -7.675707379515720241 ) ) ;
#6609 = CARTESIAN_POINT ( 'NONE',  ( -4.012152054253657063, 5.854980394990224823, 13.20786592281219285 ) ) ;
#6610 = LINE ( 'NONE', #4679, #7870 ) ;
#6611 = CIRCLE ( 'NONE', #4061, 11.75000000000000178 ) ;
#6612 = ORIENTED_EDGE ( 'NONE', *, *, #5889, .F. ) ;
#6613 = EDGE_CURVE ( 'NONE', #5008, #1782, #7925, .T. ) ;
#6614 = EDGE_CURVE ( 'NONE', #4628, #4043, #6648, .T. ) ;
#6615 = VECTOR ( 'NONE', #3661, 1000.000000000000000 ) ;
#6616 = PLANE ( 'NONE',  #2372 ) ;
#6617 = ORIENTED_EDGE ( 'NONE', *, *, #1908, .F. ) ;
#6618 = FACE_OUTER_BOUND ( 'NONE', #1853, .T. ) ;
#6619 = CARTESIAN_POINT ( 'NONE',  ( 5.499999999999944045, 16.00000000000000000, 9.526279441628856759 ) ) ;
#6620 = CYLINDRICAL_SURFACE ( 'NONE', #8258, 7.300000000000000711 ) ;
#6621 = DIRECTION ( 'NONE',  ( 0.1736481776669272226, 0.000000000000000000, -0.9848077530122086864 ) ) ;
#6622 = CARTESIAN_POINT ( 'NONE',  ( -10.56536461825805517, 13.50000000000000178, -8.799748319313506428 ) ) ;
#6623 = AXIS2_PLACEMENT_3D ( 'NONE', #3524, #6717, #959 ) ;
#6624 = EDGE_CURVE ( 'NONE', #1645, #2045, #1844, .T. ) ;
#6625 = AXIS2_PLACEMENT_3D ( 'NONE', #685, #810, #4555 ) ;
#6626 = DIRECTION ( 'NONE',  ( 0.000000000000000000, 1.000000000000000000, 0.000000000000000000 ) ) ;
#6627 = VERTEX_POINT ( 'NONE', #8227 ) ;
#6628 = DATE_TIME_ROLE ( 'classification_date' ) ;
#6629 = ORIENTED_EDGE ( 'NONE', *, *, #3347, .F. ) ;
#6630 = DIRECTION ( 'NONE',  ( -0.9396926207859056523, 0.000000000000000000, -0.3420201433256760404 ) ) ;
#6631 = CARTESIAN_POINT ( 'NONE',  ( -17.86586399182261786, 5.999999999999998224, -9.734136008177410204 ) ) ;
#6632 = DIRECTION ( 'NONE',  ( -0.1736481776669272226, 0.000000000000000000, -0.9848077530122086864 ) ) ;
#6633 = CARTESIAN_POINT ( 'NONE',  ( 0.000000000000000000, 6.000000000000000888, 0.000000000000000000 ) ) ;
#6634 = CIRCLE ( 'NONE', #5026, 10.99999999999999822 ) ;
#6635 = ADVANCED_FACE ( 'NONE', ( #3074 ), #2991, .T. ) ;
#6636 = EDGE_LOOP ( 'NONE', ( #7647, #1720, #4290, #1101, #2360 ) ) ;
#6637 = PLANE ( 'NONE',  #5335 ) ;
#6638 = VERTEX_POINT ( 'NONE', #3625 ) ;
#6639 = DIRECTION ( 'NONE',  ( 0.000000000000000000, 0.000000000000000000, -1.000000000000000000 ) ) ;
#6640 = AXIS2_PLACEMENT_3D ( 'NONE', #4365, #7091, #3141 ) ;
#6641 = ORIENTED_EDGE ( 'NONE', *, *, #3085, .F. ) ;
#6642 = DIRECTION ( 'NONE',  ( 0.000000000000000000, 0.000000000000000000, -1.000000000000000000 ) ) ;
#6643 = ORIENTED_EDGE ( 'NONE', *, *, #5129, .F. ) ;
#6644 = CARTESIAN_POINT ( 'NONE',  ( -11.76178592546981072, 3.270191807089484204, -2.385293570413114406 ) ) ;
#6645 = DIRECTION ( 'NONE',  ( 0.8660254037844328234, 0.000000000000000000, 0.5000000000000099920 ) ) ;
#6646 = VECTOR ( 'NONE', #6709, 1000.000000000000227 ) ;
#6647 = VERTEX_POINT ( 'NONE', #1686 ) ;
#6648 = LINE ( 'NONE', #2826, #4257 ) ;
#6649 = ORIENTED_EDGE ( 'NONE', *, *, #4413, .T. ) ;
#6650 = ORIENTED_EDGE ( 'NONE', *, *, #1274, .F. ) ;
#6651 = AXIS2_PLACEMENT_3D ( 'NONE', #7388, #2927, #1617 ) ;
#6652 = ORIENTED_EDGE ( 'NONE', *, *, #1360, .T. ) ;
#6653 = DIRECTION ( 'NONE',  ( 0.000000000000000000, 0.000000000000000000, 1.000000000000000000 ) ) ;
#6654 = CARTESIAN_POINT ( 'NONE',  ( 3.091507654588485199, 13.50000000000000178, 4.037083046276517706 ) ) ;
#6655 = DIRECTION ( 'NONE',  ( -0.3420201433256727652, 0.000000000000000000, 0.9396926207859068736 ) ) ;
#6656 = ORIENTED_EDGE ( 'NONE', *, *, #7934, .F. ) ;
#6657 = VECTOR ( 'NONE', #804, 1000.000000000000114 ) ;
#6658 = CARTESIAN_POINT ( 'NONE',  ( 0.000000000000000000, 6.000000000000000000, 0.000000000000000000 ) ) ;
#6659 = ORIENTED_EDGE ( 'NONE', *, *, #807, .F. ) ;
#6660 = CARTESIAN_POINT ( 'NONE',  ( -1.710100716628395912, 16.00000000000000000, 4.698463103929523044 ) ) ;
#6661 = DIRECTION ( 'NONE',  ( 0.000000000000000000, -1.000000000000000000, 0.000000000000000000 ) ) ;
#6662 = CARTESIAN_POINT ( 'NONE',  ( 2.049224985439956015, 3.532657398895073797, -11.82496978992684689 ) ) ;
#6663 = EDGE_CURVE ( 'NONE', #6683, #3970, #2648, .T. ) ;
#6664 = FACE_OUTER_BOUND ( 'NONE', #2655, .T. ) ;
#6665 = DIRECTION ( 'NONE',  ( 0.7071067811865475727, 0.000000000000000000, -0.7071067811865475727 ) ) ;
#6666 = B_SPLINE_CURVE_WITH_KNOTS ( 'NONE', 3,
 ( #1118, #8335, #3685, #3093, #5696, #6242, #8293, #7041, #1283, #5616, #3847, #6405, #651, #2419, #7559, #534, #8248, #2460, #5983, #7770, #4686, #7169, #3263, #5942 ),
 .UNSPECIFIED., .F., .F.,
 ( 4, 2, 2, 2, 2, 2, 2, 2, 2, 2, 2, 4 ),
 ( 0.002436398328105355161, 0.003061170133995781261, 0.003685941939886206928, 0.004310713745776633028, 0.004623099648721847379, 0.004935485551667061731, 0.005560257357557489566, 0.005872643260502703050, 0.006185029163447916534, 0.006809800969338341767, 0.007122186872283553516, 0.007434572775228765265 ),
 .UNSPECIFIED. ) ;
#6667 = AXIS2_PLACEMENT_3D ( 'NONE', #6658, #7935, #1965 ) ;
#6668 = AXIS2_PLACEMENT_3D ( 'NONE', #2397, #1727, #4293 ) ;
#6669 = LINE ( 'NONE', #6542, #1858 ) ;
#6670 = ORIENTED_EDGE ( 'NONE', *, *, #3836, .F. ) ;
#6671 = CIRCLE ( 'NONE', #1167, 11.75000000000000178 ) ;
#6672 = APPROVAL_STATUS ( 'not_yet_approved' ) ;
#6673 = ORIENTED_EDGE ( 'NONE', *, *, #1292, .F. ) ;
#6674 = CARTESIAN_POINT ( 'NONE',  ( 13.31642489374792149, 5.519149590898813074, 3.622076823594145623 ) ) ;
#6675 = DIRECTION ( 'NONE',  ( -0.7660444431189860071, 0.000000000000000000, 0.6427876096865297040 ) ) ;
#6676 = CARTESIAN_POINT ( 'NONE',  ( -4.330127018922216742, 16.00000000000000000, 2.499999999999959588 ) ) ;
#6677 = CARTESIAN_POINT ( 'NONE',  ( 3.830222215594906832, 8.000000000000000000, -3.213938048432676720 ) ) ;
#6678 = AXIS2_PLACEMENT_3D ( 'NONE', #7108, #4502, #3907 ) ;
#6679 = EDGE_LOOP ( 'NONE', ( #1383, #1366, #1754, #7575, #1381, #2056, #7494 ) ) ;
#6680 = CARTESIAN_POINT ( 'NONE',  ( 0.000000000000000000, 16.50000000000000711, 0.000000000000000000 ) ) ;
#6681 = ORIENTED_EDGE ( 'NONE', *, *, #6373, .F. ) ;
#6682 = CARTESIAN_POINT ( 'NONE',  ( -1.710100716628297102, 16.00000000000000000, -4.698463103929558571 ) ) ;
#6683 = VERTEX_POINT ( 'NONE', #6776 ) ;
#6684 = EDGE_CURVE ( 'NONE', #2641, #2782, #2400, .T. ) ;
#6685 = CARTESIAN_POINT ( 'NONE',  ( 3.290002895201631805, 2.000000000000000000, 6.516585068083228904 ) ) ;
#6686 = EDGE_CURVE ( 'NONE', #1075, #7218, #350, .T. ) ;
#6687 = ORIENTED_EDGE ( 'NONE', *, *, #2967, .F. ) ;
#6688 = SHAPE_REPRESENTATION ( '2208\X2\76f46d4165e052377535673a88c5914d4f53\X0\', ( #2677, #6434, #6295 ), #1331 ) ;
#6689 = CARTESIAN_POINT ( 'NONE',  ( -11.87808303364606388, 4.074854318852156432, -1.706446182050021632 ) ) ;
#6690 = EDGE_CURVE ( 'NONE', #1140, #3709, #1730, .T. ) ;
#6691 = CYLINDRICAL_SURFACE ( 'NONE', #7752, 7.300000000000000711 ) ;
#6692 = AXIS2_PLACEMENT_3D ( 'NONE', #7808, #6447, #3389 ) ;
#6693 = DIRECTION ( 'NONE',  ( -0.000000000000000000, -1.000000000000000000, -0.000000000000000000 ) ) ;
#6694 = ORIENTED_EDGE ( 'NONE', *, *, #15, .T. ) ;
#6695 = ORIENTED_EDGE ( 'NONE', *, *, #5603, .F. ) ;
#6696 = ORIENTED_EDGE ( 'NONE', *, *, #2421, .T. ) ;
#6697 = EDGE_CURVE ( 'NONE', #5667, #896, #4963, .T. ) ;
#6698 = DIRECTION ( 'NONE',  ( 0.000000000000000000, 0.000000000000000000, 1.000000000000000000 ) ) ;
#6699 = CARTESIAN_POINT ( 'NONE',  ( -3.411181858143279566, 5.286465452792444175, 13.37209338356526978 ) ) ;
#6700 = FACE_OUTER_BOUND ( 'NONE', #6098, .T. ) ;
#6701 = ORIENTED_EDGE ( 'NONE', *, *, #4802, .T. ) ;
#6702 = CARTESIAN_POINT ( 'NONE',  ( -2.338123282305887063, 13.50000000000000178, -13.54974831931350465 ) ) ;
#6703 = CC_DESIGN_APPROVAL ( #6073, ( #117 ) ) ;
#6704 = EDGE_LOOP ( 'NONE', ( #3409, #5038, #5929, #3192 ) ) ;
#6705 = CYLINDRICAL_SURFACE ( 'NONE', #8344, 5.000000000000000000 ) ;
#6706 = CARTESIAN_POINT ( 'NONE',  ( 0.000000000000000000, 8.000000000000000000, 0.000000000000000000 ) ) ;
#6707 = DIRECTION ( 'NONE',  ( 5.333194492811754300E-17, -1.000000000000000000, -5.333194492811719787E-17 ) ) ;
#6708 = CARTESIAN_POINT ( 'NONE',  ( -5.604609863433047678, 17.50000000000000000, -1.183818151790930528 ) ) ;
#6709 = DIRECTION ( 'NONE',  ( 0.8984891805005853493, -0.000000000000000000, 0.4389956634448527462 ) ) ;
#6710 = EDGE_CURVE ( 'NONE', #4172, #6493, #435, .T. ) ;
#6711 = EDGE_CURVE ( 'NONE', #8232, #1815, #7537, .T. ) ;
#6712 = FACE_OUTER_BOUND ( 'NONE', #5173, .T. ) ;
#6713 = ORIENTED_EDGE ( 'NONE', *, *, #5221, .T. ) ;
#6714 = PERSON_AND_ORGANIZATION_ROLE ( 'classification_officer' ) ;
#6715 = AXIS2_PLACEMENT_3D ( 'NONE', #2947, #5509, #346 ) ;
#6716 = ORIENTED_EDGE ( 'NONE', *, *, #7007, .F. ) ;
#6717 = DIRECTION ( 'NONE',  ( 0.000000000000000000, -1.000000000000000000, 0.000000000000000000 ) ) ;
#6718 = DIRECTION ( 'NONE',  ( 0.000000000000000000, -1.000000000000000000, -0.000000000000000000 ) ) ;
#6719 = DIRECTION ( 'NONE',  ( -0.000000000000000000, -1.000000000000000000, -0.000000000000000000 ) ) ;
#6720 = FACE_OUTER_BOUND ( 'NONE', #2031, .T. ) ;
#6721 = AXIS2_PLACEMENT_3D ( 'NONE', #4870, #1542, #2935 ) ;
#6722 = DIRECTION ( 'NONE',  ( 0.000000000000000000, 0.000000000000000000, -1.000000000000000000 ) ) ;
#6723 = ORIENTED_EDGE ( 'NONE', *, *, #1452, .F. ) ;
#6724 = DIRECTION ( 'NONE',  ( 0.000000000000000000, -1.000000000000000000, -0.000000000000000000 ) ) ;
#6725 = ORIENTED_EDGE ( 'NONE', *, *, #5783, .T. ) ;
#6726 = DIRECTION ( 'NONE',  ( 0.000000000000000000, 0.000000000000000000, -1.000000000000000000 ) ) ;
#6727 = ORIENTED_EDGE ( 'NONE', *, *, #761, .F. ) ;
#6728 = VECTOR ( 'NONE', #5520, 1000.000000000000114 ) ;
#6729 = CARTESIAN_POINT ( 'NONE',  ( -10.56536461825801432, 16.50000000000001066, 8.799748319313556166 ) ) ;
#6730 = CARTESIAN_POINT ( 'NONE',  ( -3.830222215594861535, 16.00000000000000000, -3.213938048432730454 ) ) ;
#6731 = EDGE_CURVE ( 'NONE', #462, #2358, #5594, .T. ) ;
#6732 = ORIENTED_EDGE ( 'NONE', *, *, #6421, .F. ) ;
#6733 = VECTOR ( 'NONE', #2604, 1000.000000000000114 ) ;
#6734 = CARTESIAN_POINT ( 'NONE',  ( -17.86586399182264628, 6.000000000000000888, 9.734136008177353361 ) ) ;
#6735 = ORIENTED_EDGE ( 'NONE', *, *, #2835, .F. ) ;
#6736 = ORIENTED_EDGE ( 'NONE', *, *, #2969, .F. ) ;
#6737 = EDGE_LOOP ( 'NONE', ( #6354, #4024, #7561, #197 ) ) ;
#6738 = FACE_OUTER_BOUND ( 'NONE', #675, .T. ) ;
#6739 = DIRECTION ( 'NONE',  ( 0.000000000000000000, 0.000000000000000000, 1.000000000000000000 ) ) ;
#6740 = DIRECTION ( 'NONE',  ( 0.000000000000000000, 0.000000000000000000, 1.000000000000000000 ) ) ;
#6741 = AXIS2_PLACEMENT_3D ( 'NONE', #2373, #3045, #990 ) ;
#6742 = EDGE_CURVE ( 'NONE', #2744, #7740, #5734, .T. ) ;
#6743 = CARTESIAN_POINT ( 'NONE',  ( 5.449678256205720798E-16, 19.00000000000000355, -4.399999999999999467 ) ) ;
#6744 = EDGE_LOOP ( 'NONE', ( #7621, #883, #7819, #613, #3304 ) ) ;
#6745 = CIRCLE ( 'NONE', #704, 12.75000000000000000 ) ;
#6746 = CARTESIAN_POINT ( 'NONE',  ( 8.480487417368559377, 2.000000000000000000, -4.281510617043243094 ) ) ;
#6747 = DIRECTION ( 'NONE',  ( 0.000000000000000000, 1.000000000000000000, 0.000000000000000000 ) ) ;
#6748 = CARTESIAN_POINT ( 'NONE',  ( 0.000000000000000000, -1.402220585023716934E-15, -8.000000000000000000 ) ) ;
#6749 = CARTESIAN_POINT ( 'NONE',  ( 0.000000000000000000, 8.000000000000000000, 0.000000000000000000 ) ) ;
#6750 = DIRECTION ( 'NONE',  ( 0.000000000000000000, -1.000000000000000000, 0.000000000000000000 ) ) ;
#6751 = CARTESIAN_POINT ( 'NONE',  ( 0.000000000000000000, 17.50000000000000000, 0.000000000000000000 ) ) ;
#6752 = CIRCLE ( 'NONE', #7293, 1.317565283458833614 ) ;
#6753 = ADVANCED_FACE ( 'NONE', ( #2440 ), #1057, .T. ) ;
#6754 = DIRECTION ( 'NONE',  ( 1.000000000000000000, 0.000000000000000000, 1.047444401652940007E-14 ) ) ;
#6755 = ORIENTED_EDGE ( 'NONE', *, *, #4730, .F. ) ;
#6756 = CALENDAR_DATE ( 2024, 28, 12 ) ;
#6757 = AXIS2_PLACEMENT_3D ( 'NONE', #5235, #7812, #2035 ) ;
#6758 = VERTEX_POINT ( 'NONE', #6181 ) ;
#6759 = CARTESIAN_POINT ( 'NONE',  ( 13.33734161647679883, 3.544796663261067238, 3.547054873789559526 ) ) ;
#6760 = PLANE ( 'NONE',  #6581 ) ;
#6761 = DIRECTION ( 'NONE',  ( 0.7071067811865474617, 0.000000000000000000, -0.7071067811865476838 ) ) ;
#6762 = PRODUCT_DEFINITION_SHAPE ( 'NONE', 'NONE',  #5307 ) ;
#6763 = VECTOR ( 'NONE', #7764, 1000.000000000000000 ) ;
#6764 = DIRECTION ( 'NONE',  ( -0.000000000000000000, -1.000000000000000000, -0.000000000000000000 ) ) ;
#6765 = ORIENTED_EDGE ( 'NONE', *, *, #1791, .T. ) ;
#6766 = FACE_BOUND ( 'NONE', #6544, .T. ) ;
#6767 = EDGE_LOOP ( 'NONE', ( #7264, #7408, #7039, #7817 ) ) ;
#6768 = DIRECTION ( 'NONE',  ( -0.000000000000000000, -1.000000000000000000, -0.000000000000000000 ) ) ;
#6769 = DIRECTION ( 'NONE',  ( 0.8660254037844433705, 0.000000000000000000, -0.4999999999999918954 ) ) ;
#6770 = AXIS2_PLACEMENT_3D ( 'NONE', #5344, #4166, #500 ) ;
#6771 = CARTESIAN_POINT ( 'NONE',  ( -11.57471673388330125, 6.000000000000001776, 3.173793329487168524 ) ) ;
#6772 = EDGE_CURVE ( 'NONE', #6990, #7624, #6402, .T. ) ;
#6773 = DIRECTION ( 'NONE',  ( -0.000000000000000000, -1.000000000000000000, -0.000000000000000000 ) ) ;
#6774 = ORIENTED_EDGE ( 'NONE', *, *, #3087, .F. ) ;
#6775 = AXIS2_PLACEMENT_3D ( 'NONE', #7133, #5821, #5278 ) ;
#6776 = CARTESIAN_POINT ( 'NONE',  ( -6.516585068083194265, 2.000000000000000000, 3.290002895201699751 ) ) ;
#6777 = EDGE_LOOP ( 'NONE', ( #3015, #4832, #4834, #6511, #6774 ) ) ;
#6778 = ORIENTED_EDGE ( 'NONE', *, *, #6891, .T. ) ;
#6779 = ORIENTED_EDGE ( 'NONE', *, *, #2239, .T. ) ;
#6780 = CARTESIAN_POINT ( 'NONE',  ( 3.290002895201666888, 0.000000000000000000, -6.516585068083180055 ) ) ;
#6781 = EDGE_CURVE ( 'NONE', #3444, #5067, #6140, .T. ) ;
#6782 = DIRECTION ( 'NONE',  ( 0.000000000000000000, 1.000000000000000000, 0.000000000000000000 ) ) ;
#6783 = DIRECTION ( 'NONE',  ( 0.000000000000000000, -1.000000000000000000, 0.000000000000000000 ) ) ;
#6784 = DIRECTION ( 'NONE',  ( 0.000000000000000000, 0.000000000000000000, 1.000000000000000000 ) ) ;
#6785 = AXIS2_PLACEMENT_3D ( 'NONE', #4146, #3008, #6832 ) ;
#6786 = ORIENTED_EDGE ( 'NONE', *, *, #878, .F. ) ;
#6787 = DIRECTION ( 'NONE',  ( 0.3420201433256826462, 0.000000000000000000, -0.9396926207859033209 ) ) ;
#6788 = DIRECTION ( 'NONE',  ( -0.000000000000000000, -1.000000000000000000, 0.000000000000000000 ) ) ;
#6789 = CARTESIAN_POINT ( 'NONE',  ( 8.143287828756628599, 15.50000000000000000, -5.533310556417240456 ) ) ;
#6790 = EDGE_CURVE ( 'NONE', #3397, #7540, #5005, .T. ) ;
#6791 = CYLINDRICAL_SURFACE ( 'NONE', #1927, 1.249999999999993339 ) ;
#6792 = EDGE_CURVE ( 'NONE', #7232, #2275, #8325, .T. ) ;
#6793 = LINE ( 'NONE', #7475, #7810 ) ;
#6794 = LINE ( 'NONE', #4860, #7050 ) ;
#6795 = DIRECTION ( 'NONE',  ( -0.000000000000000000, -1.000000000000000000, -0.000000000000000000 ) ) ;
#6796 = APPROVAL_STATUS ( 'not_yet_approved' ) ;
#6797 = EDGE_LOOP ( 'NONE', ( #6033, #6101, #2976, #7418 ) ) ;
#6798 = DIRECTION ( 'NONE',  ( 0.6427876096865378086, 0.000000000000000000, -0.7660444431189792347 ) ) ;
#6799 = AXIS2_PLACEMENT_3D ( 'NONE', #2327, #1027, #8113 ) ;
#6800 = DIRECTION ( 'NONE',  ( 0.000000000000000000, 1.000000000000000000, 0.000000000000000000 ) ) ;
#6801 = EDGE_CURVE ( 'NONE', #6981, #3628, #7082, .T. ) ;
#6802 = CYLINDRICAL_SURFACE ( 'NONE', #6323, 1.499999999999999556 ) ;
#6803 = CIRCLE ( 'NONE', #6799, 1.499999999999999556 ) ;
#6804 = CARTESIAN_POINT ( 'NONE',  ( -11.71395797463922328, 5.027862843882718202, -11.71395797463923216 ) ) ;
#6805 = ORIENTED_EDGE ( 'NONE', *, *, #370, .F. ) ;
#6806 = DIRECTION ( 'NONE',  ( -0.000000000000000000, -1.000000000000000000, -0.000000000000000000 ) ) ;
#6807 = ORIENTED_EDGE ( 'NONE', *, *, #6817, .T. ) ;
#6808 = DIRECTION ( 'NONE',  ( 0.000000000000000000, 0.000000000000000000, -1.000000000000000000 ) ) ;
#6809 = VERTEX_POINT ( 'NONE', #2952 ) ;
#6810 = DIRECTION ( 'NONE',  ( 0.000000000000000000, 0.000000000000000000, -1.000000000000000000 ) ) ;
#6811 = VECTOR ( 'NONE', #1325, 1000.000000000000000 ) ;
#6812 = VERTEX_POINT ( 'NONE', #7459 ) ;
#6813 = DIRECTION ( 'NONE',  ( 0.8294259869447440092, -0.000000000000000000, 0.5586166236165348575 ) ) ;
#6814 = ORIENTED_EDGE ( 'NONE', *, *, #1594, .T. ) ;
#6815 = ADVANCED_FACE ( 'NONE', ( #7497 ), #4296, .F. ) ;
#6816 = ADVANCED_FACE ( 'NONE', ( #40 ), #1222, .F. ) ;
#6817 = EDGE_CURVE ( 'NONE', #2424, #2704, #4382, .T. ) ;
#6818 = VERTEX_POINT ( 'NONE', #3158 ) ;
#6819 = ORIENTED_EDGE ( 'NONE', *, *, #1905, .F. ) ;
#6820 = CYLINDRICAL_SURFACE ( 'NONE', #2064, 0.7999999999999933831 ) ;
#6821 = CARTESIAN_POINT ( 'NONE',  ( 0.000000000000000000, 16.00000000000000000, 0.000000000000000000 ) ) ;
#6822 = DIRECTION ( 'NONE',  ( 0.000000000000000000, 0.000000000000000000, -1.000000000000000000 ) ) ;
#6823 = AXIS2_PLACEMENT_3D ( 'NONE', #7052, #584, #5120 ) ;
#6824 = LINE ( 'NONE', #8237, #4653 ) ;
#6825 = ORIENTED_EDGE ( 'NONE', *, *, #7216, .F. ) ;
#6826 = CARTESIAN_POINT ( 'NONE',  ( 11.76212437659632570, 3.271183911623103402, -2.383621651256626617 ) ) ;
#6827 = DIRECTION ( 'NONE',  ( 0.000000000000000000, 1.000000000000000000, 0.000000000000000000 ) ) ;
#6828 = AXIS2_PLACEMENT_3D ( 'NONE', #2381, #3478, #7519 ) ;
#6829 = DIRECTION ( 'NONE',  ( -0.000000000000000000, -1.000000000000000000, -0.000000000000000000 ) ) ;
#6830 = FACE_OUTER_BOUND ( 'NONE', #344, .T. ) ;
#6831 = CARTESIAN_POINT ( 'NONE',  ( 1.836970198721030181E-16, -8.999999999999998224, -1.500000000000000222 ) ) ;
#6832 = DIRECTION ( 'NONE',  ( 0.000000000000000000, 0.000000000000000000, 1.000000000000000000 ) ) ;
#6833 = AXIS2_PLACEMENT_3D ( 'NONE', #5757, #7750, #1385 ) ;
#6834 = ADVANCED_FACE ( 'NONE', ( #1897 ), #2609, .F. ) ;
#6835 = EDGE_CURVE ( 'NONE', #8282, #7357, #7903, .T. ) ;
#6836 = ORIENTED_EDGE ( 'NONE', *, *, #5128, .T. ) ;
#6837 = CARTESIAN_POINT ( 'NONE',  ( 0.000000000000000000, 16.00100000000000122, 0.000000000000000000 ) ) ;
#6838 = COORDINATED_UNIVERSAL_TIME_OFFSET ( 8, 0, .AHEAD. ) ;
#6839 = VERTEX_POINT ( 'NONE', #4466 ) ;
#6840 = CARTESIAN_POINT ( 'NONE',  ( 13.33557626713712452, 5.445110143937112568, 3.550604392508382556 ) ) ;
#6841 = CIRCLE ( 'NONE', #3352, 4.399999999999999467 ) ;
#6842 = CARTESIAN_POINT ( 'NONE',  ( 4.698463103929530149, 16.00000000000000000, 1.710100716628379480 ) ) ;
#6843 = DIRECTION ( 'NONE',  ( -0.000000000000000000, -1.000000000000000000, 0.000000000000000000 ) ) ;
#6844 = CC_DESIGN_SECURITY_CLASSIFICATION ( #4022, ( #6969 ) ) ;
#6845 = APPROVAL ( #6916, 'UNKNOWN' ) ;
#6846 = DIRECTION ( 'NONE',  ( 0.000000000000000000, -1.000000000000000000, -0.000000000000000000 ) ) ;
#6847 = ORIENTED_EDGE ( 'NONE', *, *, #4680, .F. ) ;
#6848 = CARTESIAN_POINT ( 'NONE',  ( -9.526279441628874523, 8.000000000000000000, 5.499999999999911182 ) ) ;
#6849 = EDGE_LOOP ( 'NONE', ( #754, #845, #6222, #6515, #7279, #4002, #5059 ) ) ;
#6850 = DIRECTION ( 'NONE',  ( 0.000000000000000000, -1.000000000000000000, -0.000000000000000000 ) ) ;
#6851 = ORIENTED_EDGE ( 'NONE', *, *, #7839, .T. ) ;
#6852 = DIRECTION ( 'NONE',  ( -0.000000000000000000, -1.000000000000000000, -0.000000000000000000 ) ) ;
#6853 = VECTOR ( 'NONE', #1595, 1000.000000000000000 ) ;
#6854 = ORIENTED_EDGE ( 'NONE', *, *, #6061, .F. ) ;
#6855 = DIRECTION ( 'NONE',  ( -0.8660254037844329345, 0.000000000000000000, 0.5000000000000101030 ) ) ;
#6856 = ORIENTED_EDGE ( 'NONE', *, *, #5905, .T. ) ;
#6857 = AXIS2_PLACEMENT_3D ( 'NONE', #4057, #739, #3974 ) ;
#6858 = ORIENTED_EDGE ( 'NONE', *, *, #475, .T. ) ;
#6859 = EDGE_LOOP ( 'NONE', ( #6552, #5485 ) ) ;
#6860 = CARTESIAN_POINT ( 'NONE',  ( -3.827521524628621830, 15.50000000000000000, -4.261825444138377605 ) ) ;
#6861 = CARTESIAN_POINT ( 'NONE',  ( -9.500000000000000000, 2.000000000000000000, -1.249999999999993339 ) ) ;
#6862 = DIRECTION ( 'NONE',  ( 8.659560562354879857E-17, 0.7071067811865517916, -0.7071067811865431318 ) ) ;
#6863 = CONICAL_SURFACE ( 'NONE', #3905, 13.75000000000000178, 0.7853981633974526089 ) ;
#6864 = DIRECTION ( 'NONE',  ( -0.000000000000000000, -1.000000000000000000, -0.000000000000000000 ) ) ;
#6865 = EDGE_LOOP ( 'NONE', ( #6003, #3988, #5697, #5436 ) ) ;
#6866 = DIRECTION ( 'NONE',  ( -0.000000000000000000, -1.000000000000000000, 0.000000000000000000 ) ) ;
#6867 = CARTESIAN_POINT ( 'NONE',  ( 3.091507654588485199, 15.50000000000000000, 4.037083046276517706 ) ) ;
#6868 = CIRCLE ( 'NONE', #6052, 3.407039166088960958 ) ;
#6869 = CARTESIAN_POINT ( 'NONE',  ( -10.73180085994850863, 5.035569463351220243, -9.034744585100805025 ) ) ;
#6870 = DIRECTION ( 'NONE',  ( 0.000000000000000000, 0.000000000000000000, -1.000000000000000000 ) ) ;
#6871 = FACE_OUTER_BOUND ( 'NONE', #5424, .T. ) ;
#6872 = EDGE_CURVE ( 'NONE', #5202, #7738, #5676, .T. ) ;
#6873 = EDGE_CURVE ( 'NONE', #6220, #1797, #3867, .T. ) ;
#6874 = ORIENTED_EDGE ( 'NONE', *, *, #6557, .F. ) ;
#6875 = DIRECTION ( 'NONE',  ( -0.8660254037844433705, 0.000000000000000000, 0.4999999999999918954 ) ) ;
#6876 = DATE_TIME_ROLE ( 'creation_date' ) ;
#6877 = ORIENTED_EDGE ( 'NONE', *, *, #3395, .F. ) ;
#6878 = DIRECTION ( 'NONE',  ( 0.000000000000000000, 0.000000000000000000, -1.000000000000000000 ) ) ;
#6879 = DIRECTION ( 'NONE',  ( 0.000000000000000000, 1.000000000000000000, 0.000000000000000000 ) ) ;
#6880 = CIRCLE ( 'NONE', #570, 1.249999999999987121 ) ;
#6882 = EDGE_CURVE ( 'NONE', #4919, #7426, #4530, .T. ) ;
#6881 = DIRECTION ( 'NONE',  ( -0.7071067811865470176, 0.000000000000000000, -0.7071067811865480168 ) ) ;
#6883 = CARTESIAN_POINT ( 'NONE',  ( 0.000000000000000000, 15.49999999999999822, 0.000000000000000000 ) ) ;
#6884 = VECTOR ( 'NONE', #1298, 1000.000000000000114 ) ;
#6885 = CARTESIAN_POINT ( 'NONE',  ( 11.09555992249984335, 13.50000000000000178, -3.866658765163446532 ) ) ;
#6886 = ORIENTED_EDGE ( 'NONE', *, *, #8076, .T. ) ;
#6887 = DIRECTION ( 'NONE',  ( -0.000000000000000000, -1.000000000000000000, -0.000000000000000000 ) ) ;
#6888 = ORIENTED_EDGE ( 'NONE', *, *, #140, .F. ) ;
#6889 = LINE ( 'NONE', #1133, #6615 ) ;
#6890 = CARTESIAN_POINT ( 'NONE',  ( 12.97299176364895246, 6.000000000000010658, -4.706638969034911746 ) ) ;
#6891 = EDGE_CURVE ( 'NONE', #4877, #4866, #1343, .T. ) ;
#6892 = DIRECTION ( 'NONE',  ( -0.1736481776669272226, 0.000000000000000000, 0.9848077530122086864 ) ) ;
#6893 = VECTOR ( 'NONE', #2302, 1000.000000000000000 ) ;
#6894 = VERTEX_POINT ( 'NONE', #4425 ) ;
#6895 = CARTESIAN_POINT ( 'NONE',  ( -8.593287326970505902, 4.435569463351222375, -8.593287326970502349 ) ) ;
#6896 = ORIENTED_EDGE ( 'NONE', *, *, #2316, .T. ) ;
#6897 = CIRCLE ( 'NONE', #8266, 5.000000000000001776 ) ;
#6898 = ORIENTED_EDGE ( 'NONE', *, *, #5604, .F. ) ;
#6899 = ORIENTED_EDGE ( 'NONE', *, *, #3997, .T. ) ;
#6900 = DIRECTION ( 'NONE',  ( 0.000000000000000000, -1.000000000000000000, 0.000000000000000000 ) ) ;
#6901 = EDGE_CURVE ( 'NONE', #8327, #3235, #8045, .T. ) ;
#6902 = DIRECTION ( 'NONE',  ( 0.000000000000000000, -1.000000000000000000, -0.000000000000000000 ) ) ;
#6903 = CIRCLE ( 'NONE', #6770, 2.199999999999997957 ) ;
#6904 = DIRECTION ( 'NONE',  ( 0.7660444431189771253, 0.000000000000000000, 0.6427876096865405842 ) ) ;
#6905 = ORIENTED_EDGE ( 'NONE', *, *, #1969, .F. ) ;
#6906 = CARTESIAN_POINT ( 'NONE',  ( 4.281510617043213784, 16.00100000000000122, 8.480487417368575365 ) ) ;
#6907 = VECTOR ( 'NONE', #2262, 999.9999999999998863 ) ;
#6908 = CARTESIAN_POINT ( 'NONE',  ( -17.86586399182264628, 3.000000000000001332, 9.734136008177353361 ) ) ;
#6909 = AXIS2_PLACEMENT_3D ( 'NONE', #781, #5319, #6665 ) ;
#6910 = CARTESIAN_POINT ( 'NONE',  ( 3.176669536594623811, 5.991245621477953698, -11.57237879619131071 ) ) ;
#6911 = CARTESIAN_POINT ( 'NONE',  ( -3.830222215594861535, 16.00000000000000000, -3.213938048432730454 ) ) ;
#6912 = DIRECTION ( 'NONE',  ( 0.7071067811865475727, 0.000000000000000000, 0.7071067811865475727 ) ) ;
#6913 = ORIENTED_EDGE ( 'NONE', *, *, #2765, .F. ) ;
#6914 = DIRECTION ( 'NONE',  ( 0.000000000000000000, -1.000000000000000000, 0.000000000000000000 ) ) ;
#6915 = EDGE_CURVE ( 'NONE', #6937, #1547, #909, .T. ) ;
#6916 = APPROVAL_STATUS ( 'not_yet_approved' ) ;
#6917 = ORIENTED_EDGE ( 'NONE', *, *, #986, .T. ) ;
#6918 = CARTESIAN_POINT ( 'NONE',  ( -8.480487417368529179, 2.000000000000000000, -4.281510617043308820 ) ) ;
#6919 = CIRCLE ( 'NONE', #5711, 10.99999999999999822 ) ;
#6920 = LINE ( 'NONE', #7649, #5112 ) ;
#6921 = CARTESIAN_POINT ( 'NONE',  ( -11.72279952002516090, 5.828852987997290569, -2.572438380456256724 ) ) ;
#6922 = CARTESIAN_POINT ( 'NONE',  ( 3.830222215594885071, 16.00000000000000000, 3.213938048432703809 ) ) ;
#6923 = AXIS2_PLACEMENT_3D ( 'NONE', #8154, #3633, #2876 ) ;
#6924 = CARTESIAN_POINT ( 'NONE',  ( 0.000000000000000000, 16.00000000000000000, 0.000000000000000000 ) ) ;
#6925 = PLANE ( 'NONE',  #7499 ) ;
#6926 = EDGE_LOOP ( 'NONE', ( #2892, #3523, #7320, #426 ) ) ;
#6927 = DIRECTION ( 'NONE',  ( 0.000000000000000000, -0.000000000000000000, 1.000000000000000000 ) ) ;
#6928 = VERTEX_POINT ( 'NONE', #6428 ) ;
#6929 = CARTESIAN_POINT ( 'NONE',  ( -12.97294548883688492, 6.000000000000000000, -4.706763560087766862 ) ) ;
#6930 = DIRECTION ( 'NONE',  ( 0.000000000000000000, -1.000000000000000000, -0.000000000000000000 ) ) ;
#6931 = CARTESIAN_POINT ( 'NONE',  ( -3.762221576582472249, 16.00000000000000000, 10.33661882864494963 ) ) ;
#6932 = AXIS2_PLACEMENT_3D ( 'NONE', #3061, #2429, #4412 ) ;
#6933 = ORIENTED_EDGE ( 'NONE', *, *, #4422, .F. ) ;
#6934 = ADVANCED_FACE ( 'NONE', ( #6303 ), #550, .F. ) ;
#6935 = CARTESIAN_POINT ( 'NONE',  ( 1.530808498934178998E-16, -1.402220585023716934E-15, 9.249999999999987566 ) ) ;
#6936 = CIRCLE ( 'NONE', #4397, 1.499999999999999778 ) ;
#6937 = VERTEX_POINT ( 'NONE', #5089 ) ;
#6938 = EDGE_CURVE ( 'NONE', #8267, #1060, #3828, .T. ) ;
#6939 = ORIENTED_EDGE ( 'NONE', *, *, #6316, .F. ) ;
#6940 = AXIS2_PLACEMENT_3D ( 'NONE', #3960, #4474, #8281 ) ;
#6941 = VERTEX_POINT ( 'NONE', #632 ) ;
#6942 = PLANE ( 'NONE',  #6096 ) ;
#6943 = CARTESIAN_POINT ( 'NONE',  ( -11.15606492866044164, 4.435569463351222375, -8.610480516388870242 ) ) ;
#6944 = AXIS2_PLACEMENT_3D ( 'NONE', #8185, #1017, #1139 ) ;
#6945 = DIRECTION ( 'NONE',  ( -0.7071067811865470176, 0.000000000000000000, -0.7071067811865480168 ) ) ;
#6946 = VERTEX_POINT ( 'NONE', #79 ) ;
#6947 = EDGE_CURVE ( 'NONE', #4208, #2779, #3243, .T. ) ;
#6948 = VERTEX_POINT ( 'NONE', #6935 ) ;
#6949 = CARTESIAN_POINT ( 'NONE',  ( 0.000000000000000000, 16.00000000000000000, 0.000000000000000000 ) ) ;
#6950 = FACE_OUTER_BOUND ( 'NONE', #6185, .T. ) ;
#6951 = AXIS2_PLACEMENT_3D ( 'NONE', #3615, #1634, #3696 ) ;
#6952 = CARTESIAN_POINT ( 'NONE',  ( 0.000000000000000000, -8.999999999999998224, 0.000000000000000000 ) ) ;
#6953 = CARTESIAN_POINT ( 'NONE',  ( -10.54303520136807215, 5.417892839593012155, -12.24009147621578286 ) ) ;
#6954 = AXIS2_PLACEMENT_3D ( 'NONE', #7687, #6914, #1875 ) ;
#6955 = EDGE_LOOP ( 'NONE', ( #4708, #7536, #2587, #4426 ) ) ;
#6956 = FACE_OUTER_BOUND ( 'NONE', #6926, .T. ) ;
#6957 = EDGE_CURVE ( 'NONE', #1938, #733, #4404, .T. ) ;
#6958 = ORIENTED_EDGE ( 'NONE', *, *, #6684, .F. ) ;
#6959 = CARTESIAN_POINT ( 'NONE',  ( 0.000000000000000000, 1.224646799147353256E-15, 0.000000000000000000 ) ) ;
#6960 = CARTESIAN_POINT ( 'NONE',  ( 8.896404679647163860, 0.000000000000000000, 7.675707379515720241 ) ) ;
#6961 = DIRECTION ( 'NONE',  ( 0.7071067811865499042, 0.000000000000000000, -0.7071067811865451302 ) ) ;
#6962 = DIRECTION ( 'NONE',  ( 5.329070518200751394E-15, 0.000000000000000000, 1.000000000000000000 ) ) ;
#6963 = VECTOR ( 'NONE', #385, 1000.000000000000000 ) ;
#6964 = EDGE_CURVE ( 'NONE', #4806, #7252, #6387, .T. ) ;
#6965 = EDGE_CURVE ( 'NONE', #1226, #4592, #8356, .T. ) ;
#6966 = DIRECTION ( 'NONE',  ( 0.000000000000000000, 1.000000000000000000, 0.000000000000000000 ) ) ;
#6967 = CARTESIAN_POINT ( 'NONE',  ( -1.710100716628297102, 8.000000000000000000, -4.698463103929558571 ) ) ;
#6968 = ORIENTED_EDGE ( 'NONE', *, *, #5346, .F. ) ;
#6969 = PRODUCT_DEFINITION_FORMATION_WITH_SPECIFIED_SOURCE ( 'ä»', '', #3006, .NOT_KNOWN. ) ;
#6970 = ORIENTED_EDGE ( 'NONE', *, *, #3161, .F. ) ;
#6971 = CARTESIAN_POINT ( 'NONE',  ( -13.00866269416816579, 5.990793779393237095, -4.607089630164669991 ) ) ;
#6972 = CYLINDRICAL_SURFACE ( 'NONE', #3764, 10.99999999999999822 ) ;
#6973 = CARTESIAN_POINT ( 'NONE',  ( 0.000000000000000000, 13.50000000000000178, 0.000000000000000000 ) ) ;
#6974 = EDGE_CURVE ( 'NONE', #7665, #3436, #5069, .T. ) ;
#6975 = EDGE_CURVE ( 'NONE', #3035, #796, #2654, .T. ) ;
#6976 = VERTEX_POINT ( 'NONE', #4579 ) ;
#6977 = CARTESIAN_POINT ( 'NONE',  ( 0.000000000000000000, 8.000000000000000000, 0.000000000000000000 ) ) ;
#6978 = VERTEX_POINT ( 'NONE', #296 ) ;
#6979 = AXIS2_PLACEMENT_3D ( 'NONE', #7809, #7126, #3929 ) ;
#6980 = CARTESIAN_POINT ( 'NONE',  ( -1.915286453029176439, 5.300549398529439848, -11.84638076866498047 ) ) ;
#6981 = VERTEX_POINT ( 'NONE', #1548 ) ;
#6982 = EDGE_LOOP ( 'NONE', ( #7403, #611, #2861, #2015 ) ) ;
#6983 = AXIS2_PLACEMENT_3D ( 'NONE', #5997, #2811, #3902 ) ;
#6984 = DIRECTION ( 'NONE',  ( 0.000000000000000000, -1.000000000000000000, -0.000000000000000000 ) ) ;
#6985 = CARTESIAN_POINT ( 'NONE',  ( 0.000000000000000000, 6.000000000000000000, 0.000000000000000000 ) ) ;
#6986 = EDGE_CURVE ( 'NONE', #3699, #356, #2775, .T. ) ;
#6987 = VECTOR ( 'NONE', #379, 1000.000000000000000 ) ;
#6988 = DIRECTION ( 'NONE',  ( -1.000000000000000000, 0.000000000000000000, -1.047444401652940007E-14 ) ) ;
#6989 = VERTEX_POINT ( 'NONE', #753 ) ;
#6990 = VERTEX_POINT ( 'NONE', #7188 ) ;
#6991 = FACE_OUTER_BOUND ( 'NONE', #3065, .T. ) ;
#6992 = DIRECTION ( 'NONE',  ( -0.8660254037844362651, 0.000000000000000000, -0.5000000000000038858 ) ) ;
#6993 = FACE_OUTER_BOUND ( 'NONE', #297, .T. ) ;
#6994 = CARTESIAN_POINT ( 'NONE',  ( 1.777088338804358569, 17.50000000000000000, -5.445643595929342773 ) ) ;
#6995 = AXIS2_PLACEMENT_3D ( 'NONE', #3088, #8243, #5020 ) ;
#6996 = CLOSED_SHELL ( 'NONE', ( #2368, #275, #7962, #3332, #7720, #3069, #7258, #7334 ) ) ;
#6997 = ADVANCED_FACE ( 'NONE', ( #797 ), #4805, .T. ) ;
#6998 = ORIENTED_EDGE ( 'NONE', *, *, #5285, .F. ) ;
#6999 = VECTOR ( 'NONE', #6020, 1000.000000000000000 ) ;
#7000 = DIRECTION ( 'NONE',  ( -0.7071067811865476838, 0.000000000000000000, -0.7071067811865474617 ) ) ;
#7001 = APPROVAL_STATUS ( 'not_yet_approved' ) ;
#7002 = ORIENTED_EDGE ( 'NONE', *, *, #4400, .F. ) ;
#7003 = DIRECTION ( 'NONE',  ( 0.000000000000000000, 1.000000000000000000, 0.000000000000000000 ) ) ;
#7004 = FACE_OUTER_BOUND ( 'NONE', #1818, .T. ) ;
#7005 = DIRECTION ( 'NONE',  ( -0.000000000000000000, -1.000000000000000000, -0.000000000000000000 ) ) ;
#7006 = CARTESIAN_POINT ( 'NONE',  ( 1.910129954336200697, 8.000000000000000000, 10.83288528313429389 ) ) ;
#7007 = EDGE_CURVE ( 'NONE', #3914, #5552, #512, .T. ) ;
#7008 = AXIS2_PLACEMENT_3D ( 'NONE', #8196, #1150, #364 ) ;
#7009 = EDGE_CURVE ( 'NONE', #5141, #7629, #4272, .T. ) ;
#7010 = DIRECTION ( 'NONE',  ( 0.7071067811865475727, 0.000000000000000000, 0.7071067811865475727 ) ) ;
#7011 = CARTESIAN_POINT ( 'NONE',  ( 11.51359854670576333, 6.000000000000000888, -3.381870563060468626 ) ) ;
#7012 = ORIENTED_EDGE ( 'NONE', *, *, #1170, .T. ) ;
#7013 = CARTESIAN_POINT ( 'NONE',  ( -3.189384793763140546, 4.711581474162461980, -13.42640983623433470 ) ) ;
#7014 = VECTOR ( 'NONE', #907, 1000.000000000000114 ) ;
#7015 = ORIENTED_EDGE ( 'NONE', *, *, #3197, .F. ) ;
#7016 = CARTESIAN_POINT ( 'NONE',  ( -13.19840887615072944, 3.175710426879421178, -4.034999719196065371 ) ) ;
#7017 = DIRECTION ( 'NONE',  ( 0.8660254037844328234, 0.000000000000000000, 0.5000000000000102141 ) ) ;
#7018 = DIRECTION ( 'NONE',  ( -1.000000000000000000, 0.000000000000000000, -1.047444401652940164E-14 ) ) ;
#7019 = LINE ( 'NONE', #8265, #7486 ) ;
#7020 = ORIENTED_EDGE ( 'NONE', *, *, #1432, .T. ) ;
#7021 = DIRECTION ( 'NONE',  ( 0.000000000000000000, 1.000000000000000000, 0.000000000000000000 ) ) ;
#7022 = VERTEX_POINT ( 'NONE', #2180 ) ;
#7023 = PLANE ( 'NONE',  #6833 ) ;
#7024 = ORIENTED_EDGE ( 'NONE', *, *, #3346, .F. ) ;
#7025 = EDGE_CURVE ( 'NONE', #4641, #7478, #1309, .T. ) ;
#7026 = VERTEX_POINT ( 'NONE', #1507 ) ;
#7027 = AXIS2_PLACEMENT_3D ( 'NONE', #8039, #1582, #4154 ) ;
#7028 = PLANE ( 'NONE',  #8280 ) ;
#7029 = DIRECTION ( 'NONE',  ( -0.7071067811865477948, 0.000000000000000000, -0.7071067811865473507 ) ) ;
#7030 = VECTOR ( 'NONE', #5768, 1000.000000000000000 ) ;
#7031 = FACE_OUTER_BOUND ( 'NONE', #3750, .T. ) ;
#7032 = ORIENTED_EDGE ( 'NONE', *, *, #7176, .F. ) ;
#7033 = ORIENTED_EDGE ( 'NONE', *, *, #7642, .T. ) ;
#7034 = FACE_OUTER_BOUND ( 'NONE', #8164, .T. ) ;
#7035 = CARTESIAN_POINT ( 'NONE',  ( -3.762221576582472249, 16.00000000000000000, 10.33661882864494963 ) ) ;
#7036 = DIRECTION ( 'NONE',  ( 0.9848077530122086864, 0.000000000000000000, -0.1736481776669272226 ) ) ;
#7037 = AXIS2_PLACEMENT_3D ( 'NONE', #3712, #1903, #558 ) ;
#7038 = AXIS2_PLACEMENT_3D ( 'NONE', #3390, #5943, #2077 ) ;
#7039 = ORIENTED_EDGE ( 'NONE', *, *, #5262, .T. ) ;
#7040 = VECTOR ( 'NONE', #740, 1000.000000000000000 ) ;
#7041 = CARTESIAN_POINT ( 'NONE',  ( 3.275699974182540331, 5.013821048214190057, 13.40567564308727100 ) ) ;
#7042 = EDGE_CURVE ( 'NONE', #3241, #1773, #3599, .T. ) ;
#7043 = EDGE_CURVE ( 'NONE', #7178, #5798, #8180, .T. ) ;
#7044 = PERSON_AND_ORGANIZATION_ROLE ( 'classification_officer' ) ;
#7045 = VERTEX_POINT ( 'NONE', #6043 ) ;
#7046 = CARTESIAN_POINT ( 'NONE',  ( 12.93653194863397005, 5.999999999999998224, 4.804803964988855647 ) ) ;
#7047 = EDGE_CURVE ( 'NONE', #5351, #7178, #641, .T. ) ;
#7048 = CARTESIAN_POINT ( 'NONE',  ( 3.381870563060468626, 6.000000000000000000, -11.51359854670576688 ) ) ;
#7049 = CARTESIAN_POINT ( 'NONE',  ( 1.530808498934183189E-16, 0.000000000000000000, 9.249999999999994671 ) ) ;
#7050 = VECTOR ( 'NONE', #7435, 1000.000000000000114 ) ;
#7051 = CARTESIAN_POINT ( 'NONE',  ( 0.000000000000000000, 19.00000000000000355, 0.000000000000000000 ) ) ;
#7052 = CARTESIAN_POINT ( 'NONE',  ( 0.000000000000000000, 13.50000000000000178, 0.000000000000000000 ) ) ;
#7053 = AXIS2_PLACEMENT_3D ( 'NONE', #4263, #8066, #6740 ) ;
#7054 = ORIENTED_EDGE ( 'NONE', *, *, #3997, .F. ) ;
#7055 = EDGE_CURVE ( 'NONE', #4533, #4477, #5423, .T. ) ;
#7056 = ADVANCED_FACE ( 'NONE', ( #3324 ), #6637, .T. ) ;
#7057 = ORIENTED_EDGE ( 'NONE', *, *, #1217, .T. ) ;
#7058 = CARTESIAN_POINT ( 'NONE',  ( 0.000000000000000000, 16.00000000000000000, 0.000000000000000000 ) ) ;
#7059 = DIRECTION ( 'NONE',  ( -0.8660254037844328234, 0.000000000000000000, -0.5000000000000102141 ) ) ;
#7060 = EDGE_CURVE ( 'NONE', #3919, #786, #7224, .T. ) ;
#7061 = FACE_OUTER_BOUND ( 'NONE', #4052, .T. ) ;
#7062 = DIRECTION ( 'NONE',  ( 0.000000000000000000, 0.000000000000000000, 1.000000000000000000 ) ) ;
#7063 = AXIS2_PLACEMENT_3D ( 'NONE', #6601, #5, #5138 ) ;
#7064 = ORIENTED_EDGE ( 'NONE', *, *, #5221, .F. ) ;
#7065 = DIRECTION ( 'NONE',  ( 0.000000000000000000, 1.000000000000000000, 0.000000000000000000 ) ) ;
#7066 = EDGE_LOOP ( 'NONE', ( #6224, #7287, #4583, #7335 ) ) ;
#7067 = FACE_OUTER_BOUND ( 'NONE', #2571, .T. ) ;
#7068 = ORIENTED_EDGE ( 'NONE', *, *, #3921, .T. ) ;
#7069 = VERTEX_POINT ( 'NONE', #208 ) ;
#7070 = FACE_BOUND ( 'NONE', #300, .T. ) ;
#7072 = CIRCLE ( 'NONE', #6932, 0.7999999999999879430 ) ;
#7071 = B_SPLINE_CURVE_WITH_KNOTS ( 'NONE', 3,
 ( #6437, #7075, #1315, #3253 ),
 .UNSPECIFIED., .F., .F.,
 ( 4, 4 ),
 ( 2.837003266958170759E-07, 0.001418470439742868005 ),
 .UNSPECIFIED. ) ;
#7073 = DIRECTION ( 'NONE',  ( -0.8660254037844361541, 0.000000000000000000, 0.5000000000000041078 ) ) ;
#7074 = EDGE_CURVE ( 'NONE', #1941, #5719, #2929, .T. ) ;
#7075 = CARTESIAN_POINT ( 'NONE',  ( 10.00937232694869650, 17.16674065569375429, -8.425288703366369703 ) ) ;
#7076 = EDGE_LOOP ( 'NONE', ( #4429, #5806 ) ) ;
#7077 = AXIS2_PLACEMENT_3D ( 'NONE', #443, #3593, #6148 ) ;
#7078 = ORIENTED_EDGE ( 'NONE', *, *, #5703, .T. ) ;
#7079 = DIRECTION ( 'NONE',  ( 0.000000000000000000, 0.000000000000000000, 1.000000000000000000 ) ) ;
#7080 = PLANE ( 'NONE',  #4577 ) ;
#7081 = CARTESIAN_POINT ( 'NONE',  ( 0.000000000000000000, 16.00000000000000000, 0.000000000000000000 ) ) ;
#7082 = CIRCLE ( 'NONE', #1442, 13.75000000000000178 ) ;
#7083 = VERTEX_POINT ( 'NONE', #1423 ) ;
#7084 = LINE ( 'NONE', #2671, #391 ) ;
#7085 = AXIS2_PLACEMENT_3D ( 'NONE', #5866, #870, #3977 ) ;
#7086 = CARTESIAN_POINT ( 'NONE',  ( -12.76971534448497536, 5.330256036992114588, -12.76971534448497003 ) ) ;
#7087 = DATE_TIME_ROLE ( 'classification_date' ) ;
#7088 = ORIENTED_EDGE ( 'NONE', *, *, #2661, .F. ) ;
#7089 = CARTESIAN_POINT ( 'NONE',  ( 11.88606847319429960, 4.283109048990279000, 1.649906475216122548 ) ) ;
#7090 = DIRECTION ( 'NONE',  ( -0.8660254037844362651, 0.000000000000000000, -0.5000000000000038858 ) ) ;
#7091 = DIRECTION ( 'NONE',  ( -0.000000000000000000, -1.000000000000000000, 0.000000000000000000 ) ) ;
#7092 = ADVANCED_FACE ( 'NONE', ( #3363 ), #5611, .T. ) ;
#7093 = ADVANCED_FACE ( 'NONE', ( #164 ), #839, .T. ) ;
#7094 = VECTOR ( 'NONE', #7726, 1000.000000000000114 ) ;
#7095 = DIRECTION ( 'NONE',  ( 0.000000000000000000, 0.000000000000000000, 1.000000000000000000 ) ) ;
#7096 = CYLINDRICAL_SURFACE ( 'NONE', #3336, 5.000000000000000000 ) ;
#7097 = ORIENTED_EDGE ( 'NONE', *, *, #574, .T. ) ;
#7098 = DIRECTION ( 'NONE',  ( 1.000000000000000000, 0.000000000000000000, 0.000000000000000000 ) ) ;
#7099 = ORIENTED_EDGE ( 'NONE', *, *, #7404, .T. ) ;
#7100 = CARTESIAN_POINT ( 'NONE',  ( 5.604609863433032579, 17.50000000000000000, -1.183818151790995588 ) ) ;
#7101 = DIRECTION ( 'NONE',  ( 0.000000000000000000, -1.000000000000000000, -0.000000000000000000 ) ) ;
#7102 = DIRECTION ( 'NONE',  ( 0.000000000000000000, 1.000000000000000000, 0.000000000000000000 ) ) ;
#7103 = CARTESIAN_POINT ( 'NONE',  ( -9.441815464394363033, 4.435569463351222375, -7.744759189546645217 ) ) ;
#7104 = EDGE_CURVE ( 'NONE', #5670, #3063, #4000, .T. ) ;
#7105 = CC_DESIGN_PERSON_AND_ORGANIZATION_ASSIGNMENT ( #957, #2340, ( #6024 ) ) ;
#7106 = CC_DESIGN_APPROVAL ( #4993, ( #6024 ) ) ;
#7107 = ORIENTED_EDGE ( 'NONE', *, *, #7862, .F. ) ;
#7108 = CARTESIAN_POINT ( 'NONE',  ( 3.091507654588422582, 13.50000000000000178, -5.354648329735387513 ) ) ;
#7109 = ORIENTED_EDGE ( 'NONE', *, *, #3512, .T. ) ;
#7110 = DIRECTION ( 'NONE',  ( 0.000000000000000000, -1.000000000000000000, 0.000000000000000000 ) ) ;
#7111 = EDGE_LOOP ( 'NONE', ( #5369, #871, #7033, #1160 ) ) ;
#7112 = EDGE_LOOP ( 'NONE', ( #2599, #3779, #7960, #3707 ) ) ;
#7113 = DIRECTION ( 'NONE',  ( 0.000000000000000000, 1.000000000000000000, 0.000000000000000000 ) ) ;
#7114 = LINE ( 'NONE', #7837, #6384 ) ;
#7115 = EDGE_CURVE ( 'NONE', #1588, #3024, #6169, .T. ) ;
#7116 = DIRECTION ( 'NONE',  ( 0.000000000000000000, 1.000000000000000000, 0.000000000000000000 ) ) ;
#7117 = ORIENTED_EDGE ( 'NONE', *, *, #1620, .T. ) ;
#7118 = CIRCLE ( 'NONE', #6983, 0.5999999999999983125 ) ;
#7119 = ORIENTED_EDGE ( 'NONE', *, *, #4646, .F. ) ;
#7120 = DIRECTION ( 'NONE',  ( 0.000000000000000000, 0.000000000000000000, -1.000000000000000000 ) ) ;
#7121 = LINE ( 'NONE', #2875, #7953 ) ;
#7122 = CARTESIAN_POINT ( 'NONE',  ( 0.000000000000000000, 1.224646799147353256E-15, 0.000000000000000000 ) ) ;
#7123 = AXIS2_PLACEMENT_3D ( 'NONE', #8088, #2303, #3811 ) ;
#7124 = ORIENTED_EDGE ( 'NONE', *, *, #7487, .T. ) ;
#7125 = DIRECTION ( 'NONE',  ( 1.000000000000000000, 0.000000000000000000, 1.047444401652940164E-14 ) ) ;
#7126 = DIRECTION ( 'NONE',  ( 0.000000000000000000, 1.000000000000000000, 0.000000000000000000 ) ) ;
#7127 = AXIS2_PLACEMENT_3D ( 'NONE', #4273, #5448, #6029 ) ;
#7128 = VERTEX_POINT ( 'NONE', #6885 ) ;
#7129 = CYLINDRICAL_SURFACE ( 'NONE', #177, 0.5999999999999983125 ) ;
#7130 = EDGE_CURVE ( 'NONE', #643, #5264, #4411, .T. ) ;
#7131 = LINE ( 'NONE', #7213, #8090 ) ;
#7132 = EDGE_CURVE ( 'NONE', #8094, #5194, #1587, .T. ) ;
#7133 = CARTESIAN_POINT ( 'NONE',  ( 3.091507654588422582, 17.50000000000000000, -5.354648329735387513 ) ) ;
#7134 = CIRCLE ( 'NONE', #1771, 1.249999999999987121 ) ;
#7135 = FACE_OUTER_BOUND ( 'NONE', #7927, .T. ) ;
#7136 = ORIENTED_EDGE ( 'NONE', *, *, #4062, .F. ) ;
#7137 = DATE_AND_TIME ( #4654, #3882 ) ;
#7138 = EDGE_LOOP ( 'NONE', ( #2698, #1172, #2820, #3112 ) ) ;
#7139 = CARTESIAN_POINT ( 'NONE',  ( -1.854307629892860909, 3.784195221983286839, 11.85598518620271236 ) ) ;
#7140 = ADVANCED_FACE ( 'NONE', ( #4953 ), #646, .T. ) ;
#7141 = DIRECTION ( 'NONE',  ( 0.7660444431189815662, 0.000000000000000000, -0.6427876096865350330 ) ) ;
#7142 = VECTOR ( 'NONE', #581, 1000.000000000000000 ) ;
#7143 = CYLINDRICAL_SURFACE ( 'NONE', #1097, 1.499999999999999556 ) ;
#7144 = CYLINDRICAL_SURFACE ( 'NONE', #88, 1.317565283458833836 ) ;
#7145 = ORIENTED_EDGE ( 'NONE', *, *, #3985, .F. ) ;
#7146 = AXIS2_PLACEMENT_3D ( 'NONE', #949, #409, #2203 ) ;
#7147 = DIRECTION ( 'NONE',  ( 0.000000000000000000, 1.000000000000000000, 0.000000000000000000 ) ) ;
#7148 = ORIENTED_EDGE ( 'NONE', *, *, #8199, .F. ) ;
#7149 = DIRECTION ( 'NONE',  ( 0.000000000000000000, -1.000000000000000000, -0.000000000000000000 ) ) ;
#7150 = ORIENTED_EDGE ( 'NONE', *, *, #4462, .F. ) ;
#7151 = EDGE_CURVE ( 'NONE', #7069, #1808, #7489, .T. ) ;
#7152 = CARTESIAN_POINT ( 'NONE',  ( -10.56536461825801432, 17.50000000000000000, 8.799748319313556166 ) ) ;
#7153 = EDGE_CURVE ( 'NONE', #1669, #625, #3656, .T. ) ;
#7154 = EDGE_LOOP ( 'NONE', ( #6858, #2955, #437, #2501 ) ) ;
#7155 = PLANE ( 'NONE',  #7312 ) ;
#7156 = CARTESIAN_POINT ( 'NONE',  ( 0.000000000000000000, 2.000000000000000000, -6.750000000000007105 ) ) ;
#7157 = VECTOR ( 'NONE', #5374, 1000.000000000000000 ) ;
#7158 = CARTESIAN_POINT ( 'NONE',  ( 2.291827887858681745, 17.16674065569375074, -12.88101506275776842 ) ) ;
#7159 = ORIENTED_EDGE ( 'NONE', *, *, #6373, .T. ) ;
#7160 = VECTOR ( 'NONE', #5154, 1000.000000000000000 ) ;
#7161 = VERTEX_POINT ( 'NONE', #425 ) ;
#7162 = ADVANCED_FACE ( 'NONE', ( #6208 ), #7402, .T. ) ;
#7163 = DIRECTION ( 'NONE',  ( 0.7071067811865475727, 0.000000000000000000, 0.7071067811865474617 ) ) ;
#7164 = DIRECTION ( 'NONE',  ( 0.000000000000000000, 1.000000000000000000, 0.000000000000000000 ) ) ;
#7165 = CARTESIAN_POINT ( 'NONE',  ( 0.000000000000000000, 15.50000000000000000, 0.000000000000000000 ) ) ;
#7166 = CIRCLE ( 'NONE', #1664, 10.99999999999999822 ) ;
#7167 = EDGE_LOOP ( 'NONE', ( #8124, #1009, #1304, #1485 ) ) ;
#7168 = ORIENTED_EDGE ( 'NONE', *, *, #4991, .T. ) ;
#7169 = CARTESIAN_POINT ( 'NONE',  ( 4.607089630164582950, 3.009206220606761573, 13.00866269416819954 ) ) ;
#7170 = CARTESIAN_POINT ( 'NONE',  ( -11.88808833175172985, 4.500000000000001776, 1.635040004546792991 ) ) ;
#7171 = AXIS2_PLACEMENT_3D ( 'NONE', #4439, #488, #6317 ) ;
#7172 = CARTESIAN_POINT ( 'NONE',  ( 11.57436889566466576, 2.999999999999997335, 3.174977546781717397 ) ) ;
#7173 = CARTESIAN_POINT ( 'NONE',  ( 5.604609863433054784, 17.50000000000000000, 1.183818151790891449 ) ) ;
#7174 = CARTESIAN_POINT ( 'NONE',  ( -3.091507654588460774, 15.50000000000000000, 5.354648329735367085 ) ) ;
#7175 = AXIS2_PLACEMENT_3D ( 'NONE', #4929, #1144, #6309 ) ;
#7176 = EDGE_CURVE ( 'NONE', #939, #1948, #4793, .T. ) ;
#7177 = CARTESIAN_POINT ( 'NONE',  ( 13.27251118294736010, 3.345336280929024131, -3.779808207198028569 ) ) ;
#7178 = VERTEX_POINT ( 'NONE', #6804 ) ;
#7179 = CALENDAR_DATE ( 2024, 28, 12 ) ;
#7180 = ORIENTED_EDGE ( 'NONE', *, *, #99, .T. ) ;
#7181 = CARTESIAN_POINT ( 'NONE',  ( -3.381870563060467738, 5.999999999999998224, 11.51359854670576333 ) ) ;
#7182 = CIRCLE ( 'NONE', #1534, 1.249999999999993339 ) ;
#7183 = FACE_OUTER_BOUND ( 'NONE', #3026, .T. ) ;
#7184 = CARTESIAN_POINT ( 'NONE',  ( -13.42946039122700874, 4.500000000000001776, 3.176412064022069881 ) ) ;
#7185 = DIRECTION ( 'NONE',  ( 0.7071067811865475727, 0.000000000000000000, -0.7071067811865475727 ) ) ;
#7186 = AXIS2_PLACEMENT_3D ( 'NONE', #823, #3393, #193 ) ;
#7187 = ORIENTED_EDGE ( 'NONE', *, *, #3245, .T. ) ;
#7188 = CARTESIAN_POINT ( 'NONE',  ( 11.00000000000000000, 16.00000000000000000, 3.840629472727446691E-14 ) ) ;
#7189 = VERTEX_POINT ( 'NONE', #461 ) ;
#7190 = CARTESIAN_POINT ( 'NONE',  ( 0.000000000000000000, 16.00000000000000000, 0.000000000000000000 ) ) ;
#7191 = ORIENTED_EDGE ( 'NONE', *, *, #2299, .F. ) ;
#7192 = CARTESIAN_POINT ( 'NONE',  ( -12.93653194863401801, 3.000000000000001776, 4.804803964988723308 ) ) ;
#7193 = ORIENTED_EDGE ( 'NONE', *, *, #2316, .F. ) ;
#7194 = DIRECTION ( 'NONE',  ( 0.6427876096865324795, 0.000000000000000000, 0.7660444431189837866 ) ) ;
#7195 = AXIS2_PLACEMENT_3D ( 'NONE', #3844, #5066, #5021 ) ;
#7196 = LINE ( 'NONE', #2657, #5853 ) ;
#7197 = ADVANCED_FACE ( 'NONE', ( #5585 ), #8174, .F. ) ;
#7198 = ADVANCED_FACE ( 'NONE', ( #1761 ), #1128, .F. ) ;
#7199 = LINE ( 'NONE', #936, #1976 ) ;
#7200 = VECTOR ( 'NONE', #6105, 1000.000000000000000 ) ;
#7201 = ORIENTED_EDGE ( 'NONE', *, *, #6975, .T. ) ;
#7202 = ORIENTED_EDGE ( 'NONE', *, *, #6663, .F. ) ;
#7203 = CARTESIAN_POINT ( 'NONE',  ( -1.777088338804422518, 15.50000000000000000, -5.445643595929321457 ) ) ;
#7204 = FACE_OUTER_BOUND ( 'NONE', #6982, .T. ) ;
#7205 = DIRECTION ( 'NONE',  ( -0.000000000000000000, -1.000000000000000000, -0.000000000000000000 ) ) ;
#7206 = EDGE_LOOP ( 'NONE', ( #2232, #1558, #5357, #905 ) ) ;
#7207 = AXIS2_PLACEMENT_3D ( 'NONE', #4493, #5704, #1168 ) ;
#7208 = VERTEX_POINT ( 'NONE', #6254 ) ;
#7209 = DIRECTION ( 'NONE',  ( -0.000000000000000000, -1.000000000000000000, -0.000000000000000000 ) ) ;
#7210 = CARTESIAN_POINT ( 'NONE',  ( 0.000000000000000000, 19.00000000000000355, 0.000000000000000000 ) ) ;
#7211 = DIRECTION ( 'NONE',  ( 0.7071067811865475727, 0.000000000000000000, 0.7071067811865474617 ) ) ;
#7212 = CIRCLE ( 'NONE', #3184, 5.000000000000001776 ) ;
#7213 = CARTESIAN_POINT ( 'NONE',  ( 7.070663706551857608, 8.000000000000000000, 8.426488874308819987 ) ) ;
#7214 = LINE ( 'NONE', #1451, #6240 ) ;
#7215 = AXIS2_PLACEMENT_3D ( 'NONE', #7748, #7021, #3114 ) ;
#7216 = EDGE_CURVE ( 'NONE', #7990, #533, #4539, .T. ) ;
#7217 = CARTESIAN_POINT ( 'NONE',  ( 13.07713287269230484, 3.035834554049034573, -4.412233895501750602 ) ) ;
#7218 = VERTEX_POINT ( 'NONE', #1047 ) ;
#7219 = PERSON_AND_ORGANIZATION_ROLE ( 'classification_officer' ) ;
#7220 = ORIENTED_EDGE ( 'NONE', *, *, #2329, .T. ) ;
#7221 = CARTESIAN_POINT ( 'NONE',  ( -1.744303978236132480, 5.017226705194943293, 11.87266514258529071 ) ) ;
#7222 = FACE_OUTER_BOUND ( 'NONE', #3657, .T. ) ;
#7223 = LINE ( 'NONE', #6547, #7815 ) ;
#7224 = CIRCLE ( 'NONE', #4940, 0.1000000000000002554 ) ;
#7225 = EDGE_CURVE ( 'NONE', #6683, #682, #8000, .T. ) ;
#7226 = CARTESIAN_POINT ( 'NONE',  ( 11.09555992249991441, 0.000000000000000000, 3.866658765163240918 ) ) ;
#7227 = ORIENTED_EDGE ( 'NONE', *, *, #8032, .F. ) ;
#7228 = CARTESIAN_POINT ( 'NONE',  ( 0.000000000000000000, 18.90000000000000213, 4.399999999999999467 ) ) ;
#7229 = ORIENTED_EDGE ( 'NONE', *, *, #676, .F. ) ;
#7230 = VECTOR ( 'NONE', #862, 1000.000000000000000 ) ;
#7231 = CARTESIAN_POINT ( 'NONE',  ( -5.196152422706618701, 17.50000000000000000, 3.000000000000024869 ) ) ;
#7232 = VERTEX_POINT ( 'NONE', #6086 ) ;
#7233 = CARTESIAN_POINT ( 'NONE',  ( 1.683889348827611048E-15, 0.000000000000000000, 13.75000000000000178 ) ) ;
#7234 = ORIENTED_EDGE ( 'NONE', *, *, #915, .T. ) ;
#7235 = CARTESIAN_POINT ( 'NONE',  ( -11.00000000000000000, 16.00000000000000000, -1.152188841818234133E-13 ) ) ;
#7236 = ADVANCED_FACE ( 'NONE', ( #341 ), #2897, .F. ) ;
#7237 = EDGE_CURVE ( 'NONE', #4533, #2601, #5873, .T. ) ;
#7238 = DIRECTION ( 'NONE',  ( 0.000000000000000000, 1.000000000000000000, 0.000000000000000000 ) ) ;
#7239 = CIRCLE ( 'NONE', #5623, 2.199999999999997069 ) ;
#7240 = DIRECTION ( 'NONE',  ( 0.000000000000000000, -1.000000000000000000, 0.000000000000000000 ) ) ;
#7241 = ORIENTED_EDGE ( 'NONE', *, *, #721, .F. ) ;
#7242 = EDGE_LOOP ( 'NONE', ( #6687, #3817, #3866, #5590, #1731, #1734 ) ) ;
#7243 = VECTOR ( 'NONE', #5506, 1000.000000000000000 ) ;
#7244 = DIRECTION ( 'NONE',  ( 0.000000000000000000, 1.000000000000000000, 0.000000000000000000 ) ) ;
#7245 = EDGE_CURVE ( 'NONE', #6839, #6141, #7372, .T. ) ;
#7246 = CARTESIAN_POINT ( 'NONE',  ( 2.499999999999974687, 8.000000000000000000, 4.330127018922207860 ) ) ;
#7247 = CARTESIAN_POINT ( 'NONE',  ( -3.189072493581003087, 4.290792293195277551, -13.42648311168790976 ) ) ;
#7248 = ORIENTED_EDGE ( 'NONE', *, *, #2777, .F. ) ;
#7249 = CC_DESIGN_APPROVAL ( #2113, ( #6301 ) ) ;
#7250 = AXIS2_PLACEMENT_3D ( 'NONE', #5549, #7533, #6769 ) ;
#7251 = FACE_OUTER_BOUND ( 'NONE', #2681, .T. ) ;
#7252 = VERTEX_POINT ( 'NONE', #3190 ) ;
#7253 = CARTESIAN_POINT ( 'NONE',  ( 0.000000000000000000, 0.000000000000000000, -8.000000000000000000 ) ) ;
#7254 = CIRCLE ( 'NONE', #3614, 0.5999999999999983125 ) ;
#7256 = B_SPLINE_CURVE_WITH_KNOTS ( 'NONE', 3,
 ( #2142, #6010, #4756, #7323, #6644, #2823, #1554, #4124, #6689, #932, #8007, #2551, #5779, #3098, #5740, #6412, #1800, #1881, #6921, #24, #5116, #1164, #8253, #3228 ),
 .UNSPECIFIED., .F., .F.,
 ( 4, 2, 2, 2, 2, 2, 2, 2, 2, 2, 2, 4 ),
 ( 0.002470875822172926509, 0.003112234140884016440, 0.003753592459595105936, 0.004394950778306195432, 0.004715629937661741482, 0.005036309097017287531, 0.005356988256372832713, 0.005677667415728377895, 0.006319025734439469993, 0.006960384053150560357, 0.007281063212506107274, 0.007601742371861650721 ),
 .UNSPECIFIED. ) ;
#7255 = DIRECTION ( 'NONE',  ( -1.865174681370262988E-14, 0.000000000000000000, 1.000000000000000000 ) ) ;
#7257 = DIRECTION ( 'NONE',  ( -0.6427876096865431377, 0.000000000000000000, 0.7660444431189747938 ) ) ;
#7258 = ADVANCED_FACE ( 'NONE', ( #1928 ), #6925, .F. ) ;
#7259 = DIRECTION ( 'NONE',  ( 0.1736481776669237809, 0.000000000000000000, 0.9848077530122092416 ) ) ;
#7260 = CARTESIAN_POINT ( 'NONE',  ( -8.480487417368530956, 0.000000000000000000, 4.281510617043302602 ) ) ;
#7261 = AXIS2_PLACEMENT_3D ( 'NONE', #1501, #1377, #7141 ) ;
#7262 = VECTOR ( 'NONE', #2593, 1000.000000000000000 ) ;
#7263 = DIRECTION ( 'NONE',  ( 0.7071067811865452413, -0.000000000000000000, 0.7071067811865499042 ) ) ;
#7264 = ORIENTED_EDGE ( 'NONE', *, *, #4060, .F. ) ;
#7265 = VERTEX_POINT ( 'NONE', #8346 ) ;
#7266 = CARTESIAN_POINT ( 'NONE',  ( 0.000000000000000000, 16.00000000000000000, 0.000000000000000000 ) ) ;
#7267 = EDGE_CURVE ( 'NONE', #4877, #5725, #912, .T. ) ;
#7268 = PLANE ( 'NONE',  #7261 ) ;
#7269 = CARTESIAN_POINT ( 'NONE',  ( 0.000000000000000000, 2.000000000000000000, 12.00000000000000178 ) ) ;
#7270 = LINE ( 'NONE', #251, #8145 ) ;
#7271 = VECTOR ( 'NONE', #5691, 1000.000000000000000 ) ;
#7272 = ORIENTED_EDGE ( 'NONE', *, *, #4062, .T. ) ;
#7273 = DIRECTION ( 'NONE',  ( 0.8660254037844432595, 0.000000000000000000, -0.4999999999999920064 ) ) ;
#7274 = EDGE_LOOP ( 'NONE', ( #122, #72, #3034, #5948 ) ) ;
#7275 = DIRECTION ( 'NONE',  ( 0.000000000000000000, 0.000000000000000000, -1.000000000000000000 ) ) ;
#7276 = AXIS2_PLACEMENT_3D ( 'NONE', #2009, #2686, #4112 ) ;
#7277 = ORIENTED_EDGE ( 'NONE', *, *, #1620, .F. ) ;
#7278 = DIRECTION ( 'NONE',  ( 0.7071067811865475727, 0.000000000000000000, -0.7071067811865475727 ) ) ;
#7279 = ORIENTED_EDGE ( 'NONE', *, *, #4260, .F. ) ;
#7280 = DIRECTION ( 'NONE',  ( -0.8660254037844328234, 0.000000000000000000, -0.5000000000000102141 ) ) ;
#7281 = FACE_OUTER_BOUND ( 'NONE', #6296, .T. ) ;
#7282 = CIRCLE ( 'NONE', #7008, 1.317565283458833392 ) ;
#7283 = CARTESIAN_POINT ( 'NONE',  ( -9.500000000000000000, 0.000000000000000000, 1.249999999999993339 ) ) ;
#7284 = EDGE_LOOP ( 'NONE', ( #5464, #677, #4206, #3364 ) ) ;
#7285 = ADVANCED_FACE ( 'NONE', ( #1294 ), #5160, .F. ) ;
#7286 = VERTEX_POINT ( 'NONE', #3232 ) ;
#7287 = ORIENTED_EDGE ( 'NONE', *, *, #2834, .T. ) ;
#7288 = AXIS2_PLACEMENT_3D ( 'NONE', #6949, #4351, #5569 ) ;
#7289 = CARTESIAN_POINT ( 'NONE',  ( 0.000000000000000000, 16.50000000000000711, 0.000000000000000000 ) ) ;
#7290 = CARTESIAN_POINT ( 'NONE',  ( 0.000000000000000000, 0.000000000000000000, -1.499999999999999778 ) ) ;
#7291 = CARTESIAN_POINT ( 'NONE',  ( -1.910129954336199143, 16.00000000000000000, 10.83288528313429389 ) ) ;
#7292 = ORIENTED_EDGE ( 'NONE', *, *, #2208, .F. ) ;
#7293 = AXIS2_PLACEMENT_3D ( 'NONE', #6337, #665, #3150 ) ;
#7294 = CARTESIAN_POINT ( 'NONE',  ( 0.000000000000000000, 3.000000000000000888, 0.000000000000000000 ) ) ;
#7295 = ORIENTED_EDGE ( 'NONE', *, *, #3374, .F. ) ;
#7296 = DIRECTION ( 'NONE',  ( 0.000000000000000000, -1.000000000000000000, 0.000000000000000000 ) ) ;
#7297 = CARTESIAN_POINT ( 'NONE',  ( 3.381870563060433543, 5.999999999999998224, 11.51359854670577754 ) ) ;
#7298 = DIRECTION ( 'NONE',  ( 0.7071067811865452413, -0.000000000000000000, 0.7071067811865499042 ) ) ;
#7299 = DIRECTION ( 'NONE',  ( 0.4596547580548490108, -0.7598914440859811936, 0.4596547580548479006 ) ) ;
#7300 = DIRECTION ( 'NONE',  ( 0.000000000000000000, -1.000000000000000000, 0.000000000000000000 ) ) ;
#7301 = EDGE_CURVE ( 'NONE', #3502, #4295, #3146, .T. ) ;
#7302 = ADVANCED_FACE ( 'NONE', ( #7695 ), #7096, .F. ) ;
#7303 = AXIS2_PLACEMENT_3D ( 'NONE', #5809, #4515, #7079 ) ;
#7304 = FACE_OUTER_BOUND ( 'NONE', #1499, .T. ) ;
#7305 = VERTEX_POINT ( 'NONE', #5784 ) ;
#7306 = DATE_AND_TIME ( #872, #5096 ) ;
#7307 = ORIENTED_EDGE ( 'NONE', *, *, #2239, .F. ) ;
#7308 = CARTESIAN_POINT ( 'NONE',  ( -2.303774786268326658, 3.334143922661283899, 11.77709001305444581 ) ) ;
#7309 = DIRECTION ( 'NONE',  ( -0.4999999999999948930, 0.000000000000000000, -0.8660254037844414832 ) ) ;
#7310 = DIRECTION ( 'NONE',  ( 0.000000000000000000, -1.000000000000000000, 0.000000000000000000 ) ) ;
#7311 = CARTESIAN_POINT ( 'NONE',  ( 0.000000000000000000, 0.000000000000000000, 0.000000000000000000 ) ) ;
#7312 = AXIS2_PLACEMENT_3D ( 'NONE', #2062, #4631, #7194 ) ;
#7313 = ORIENTED_EDGE ( 'NONE', *, *, #7805, .F. ) ;
#7314 = EDGE_CURVE ( 'NONE', #5351, #7718, #5742, .T. ) ;
#7315 = CARTESIAN_POINT ( 'NONE',  ( 0.000000000000000000, 16.50000000000000711, 0.000000000000000000 ) ) ;
#7316 = AXIS2_PLACEMENT_3D ( 'NONE', #2091, #1418, #5834 ) ;
#7317 = ORIENTED_EDGE ( 'NONE', *, *, #67, .T. ) ;
#7318 = DIRECTION ( 'NONE',  ( 1.000000000000000000, 0.000000000000000000, -1.047444401652940007E-14 ) ) ;
#7319 = VECTOR ( 'NONE', #7650, 1000.000000000000000 ) ;
#7320 = ORIENTED_EDGE ( 'NONE', *, *, #5848, .T. ) ;
#7321 = CARTESIAN_POINT ( 'NONE',  ( 0.000000000000000000, 16.00000000000000000, 0.000000000000000000 ) ) ;
#7322 = ORIENTED_EDGE ( 'NONE', *, *, #5875, .F. ) ;
#7323 = CARTESIAN_POINT ( 'NONE',  ( -11.72308315111103560, 3.171566151326165262, -2.571238114557480081 ) ) ;
#7324 = CARTESIAN_POINT ( 'NONE',  ( 1.690012582823347332E-15, 0.000000000000000000, 13.79999999999999893 ) ) ;
#7325 = DIRECTION ( 'NONE',  ( 0.000000000000000000, -1.000000000000000000, 0.000000000000000000 ) ) ;
#7326 = ORIENTED_EDGE ( 'NONE', *, *, #8337, .T. ) ;
#7327 = ADVANCED_FACE ( 'NONE', ( #1171 ), #4994, .F. ) ;
#7328 = ORIENTED_EDGE ( 'NONE', *, *, #5043, .F. ) ;
#7329 = AXIS2_PLACEMENT_3D ( 'NONE', #5852, #4596, #3966 ) ;
#7330 = ORIENTED_EDGE ( 'NONE', *, *, #1420, .F. ) ;
#7331 = CARTESIAN_POINT ( 'NONE',  ( -7.070663706551798100, 16.00000000000000000, -8.426488874308869725 ) ) ;
#7332 = CARTESIAN_POINT ( 'NONE',  ( -9.034744585100801473, 4.435569463351222375, -10.73180085994851218 ) ) ;
#7333 = DIRECTION ( 'NONE',  ( -0.8660254037844363761, 0.000000000000000000, -0.5000000000000039968 ) ) ;
#7334 = ADVANCED_FACE ( 'NONE', ( #8304 ), #1846, .T. ) ;
#7335 = ORIENTED_EDGE ( 'NONE', *, *, #7673, .T. ) ;
#7336 = AXIS2_PLACEMENT_3D ( 'NONE', #2573, #1945, #1313 ) ;
#7337 = CARTESIAN_POINT ( 'NONE',  ( 11.51359854670573135, 6.000000000000000000, 3.381870563060587198 ) ) ;
#7338 = VERTEX_POINT ( 'NONE', #8217 ) ;
#7339 = CYLINDRICAL_SURFACE ( 'NONE', #1589, 11.75000000000000178 ) ;
#7340 = DIRECTION ( 'NONE',  ( -0.000000000000000000, -1.000000000000000000, -0.000000000000000000 ) ) ;
#7341 = CARTESIAN_POINT ( 'NONE',  ( 2.385293570413077990, 3.270191807089484204, -11.76178592546982138 ) ) ;
#7342 = CARTESIAN_POINT ( 'NONE',  ( -3.174696590610534219, 3.000000000000002220, -11.57445142046357134 ) ) ;
#7343 = DIRECTION ( 'NONE',  ( -0.7071067811865476838, 0.000000000000000000, -0.7071067811865474617 ) ) ;
#7344 = DIRECTION ( 'NONE',  ( 0.000000000000000000, 1.000000000000000000, 0.000000000000000000 ) ) ;
#7345 = ORIENTED_EDGE ( 'NONE', *, *, #2814, .F. ) ;
#7346 = AXIS2_PLACEMENT_3D ( 'NONE', #6521, #2492, #3212 ) ;
#7347 = PERSON_AND_ORGANIZATION ( #3572, #663 ) ;
#7348 = ORIENTED_EDGE ( 'NONE', *, *, #453, .T. ) ;
#7349 = DIRECTION ( 'NONE',  ( -0.8294259869447440092, 0.000000000000000000, -0.5586166236165348575 ) ) ;
#7350 = CARTESIAN_POINT ( 'NONE',  ( -10.83288528313431520, 8.000000000000000000, 1.910129954336087454 ) ) ;
#7351 = EDGE_CURVE ( 'NONE', #3669, #8334, #2430, .T. ) ;
#7353 = EDGE_CURVE ( 'NONE', #6416, #8282, #6375, .T. ) ;
#7352 = FACE_OUTER_BOUND ( 'NONE', #7112, .T. ) ;
#7354 = DIRECTION ( 'NONE',  ( 1.000000000000000000, 0.000000000000000000, 1.047444401652940007E-14 ) ) ;
#7355 = AXIS2_PLACEMENT_3D ( 'NONE', #6977, #7707, #1855 ) ;
#7356 = CARTESIAN_POINT ( 'NONE',  ( 0.000000000000000000, 16.00000000000000000, 0.000000000000000000 ) ) ;
#7357 = VERTEX_POINT ( 'NONE', #3738 ) ;
#7358 = CARTESIAN_POINT ( 'NONE',  ( 0.000000000000000000, 3.000000000000000888, 0.000000000000000000 ) ) ;
#7359 = ORIENTED_EDGE ( 'NONE', *, *, #6938, .F. ) ;
#7360 = DIRECTION ( 'NONE',  ( -0.000000000000000000, -1.000000000000000000, -0.000000000000000000 ) ) ;
#7361 = VECTOR ( 'NONE', #68, 999.9999999999998863 ) ;
#7362 = B_SPLINE_CURVE_WITH_KNOTS ( 'NONE', 3,
 ( #4039, #1596, #3692, #6729 ),
 .UNSPECIFIED., .F., .F.,
 ( 4, 4 ),
 ( 2.837003266933706859E-07, 0.001418470439742866920 ),
 .UNSPECIFIED. ) ;
#7363 = VERTEX_POINT ( 'NONE', #6293 ) ;
#7364 = CARTESIAN_POINT ( 'NONE',  ( -11.77749045721840915, 5.664466928926565892, 2.301730243664128039 ) ) ;
#7365 = EDGE_CURVE ( 'NONE', #1468, #1647, #542, .T. ) ;
#7366 = DIRECTION ( 'NONE',  ( 0.000000000000000000, 0.000000000000000000, 1.000000000000000000 ) ) ;
#7367 = APPROVAL ( #7001, 'æœª' ) ;
#7368 = EDGE_CURVE ( 'NONE', #2487, #5840, #243, .T. ) ;
#7369 = ORIENTED_EDGE ( 'NONE', *, *, #5361, .F. ) ;
#7370 = DIRECTION ( 'NONE',  ( -0.8660254037844362651, 0.000000000000000000, -0.5000000000000038858 ) ) ;
#7371 = ORIENTED_EDGE ( 'NONE', *, *, #1235, .T. ) ;
#7372 = B_SPLINE_CURVE_WITH_KNOTS ( 'NONE', 3,
 ( #7011, #6458, #2473, #661, #5705, #6415, #1805, #1966, #3776, #7736, #1252, #5037, #2557, #4415 ),
 .UNSPECIFIED., .F., .F.,
 ( 4, 2, 2, 2, 2, 2, 4 ),
 ( 0.007504326702221605916, 0.008145284155037728346, 0.008465762881445789562, 0.008786241607853850777, 0.009106720334261913727, 0.009427199060669976677, 0.01006815651348610084 ),
 .UNSPECIFIED. ) ;
#7373 = ORIENTED_EDGE ( 'NONE', *, *, #1665, .F. ) ;
#7374 = ORIENTED_EDGE ( 'NONE', *, *, #2284, .F. ) ;
#7375 = PLANE ( 'NONE',  #6498 ) ;
#7376 = CIRCLE ( 'NONE', #3745, 0.7999999999999883871 ) ;
#7377 = CARTESIAN_POINT ( 'NONE',  ( -4.413191076466570273, 3.035524126501810471, 13.07681982257933839 ) ) ;
#7378 = CYLINDRICAL_SURFACE ( 'NONE', #4510, 1.249999999999993339 ) ;
#7379 = EDGE_CURVE ( 'NONE', #7478, #5456, #7860, .T. ) ;
#7380 = DIRECTION ( 'NONE',  ( 0.5586166236165445165, 0.000000000000000000, 0.8294259869447374589 ) ) ;
#7381 = APPROVAL_PERSON_ORGANIZATION ( #6201, #5712, #5617 ) ;
#7382 = VERTEX_POINT ( 'NONE', #2041 ) ;
#7383 = DIRECTION ( 'NONE',  ( 0.8660254037844398178, 0.000000000000000000, -0.4999999999999980571 ) ) ;
#7384 = DIRECTION ( 'NONE',  ( 0.000000000000000000, -1.000000000000000000, -0.000000000000000000 ) ) ;
#7385 = DIRECTION ( 'NONE',  ( -0.8660254037844363761, 0.000000000000000000, -0.5000000000000039968 ) ) ;
#7386 = CARTESIAN_POINT ( 'NONE',  ( 0.000000000000000000, 6.000000000000000888, 0.000000000000000000 ) ) ;
#7387 = CARTESIAN_POINT ( 'NONE',  ( -2.131613396943291328, 3.468472156458219047, -11.80946780480336145 ) ) ;
#7388 = CARTESIAN_POINT ( 'NONE',  ( 0.000000000000000000, 2.000000000000000000, 0.000000000000000000 ) ) ;
#7389 = ORGANIZATION ( 'NAUO-ORG1', 'UNSPECIFIED', 'UNSPECIFIED' ) ;
#7390 = CARTESIAN_POINT ( 'NONE',  ( 12.90348790056389561, 13.50000000000000178, -4.750000000000120792 ) ) ;
#7391 = ORIENTED_EDGE ( 'NONE', *, *, #2508, .T. ) ;
#7392 = EDGE_CURVE ( 'NONE', #3307, #796, #6669, .T. ) ;
#7393 = PERSON_AND_ORGANIZATION ( #3572, #663 ) ;
#7394 = EDGE_CURVE ( 'NONE', #3709, #625, #2004, .T. ) ;
#7395 = AXIS2_PLACEMENT_3D ( 'NONE', #1014, #6092, #2396 ) ;
#7396 = ORIENTED_EDGE ( 'NONE', *, *, #2421, .F. ) ;
#7397 = DIRECTION ( 'NONE',  ( -1.000000000000000000, 0.000000000000000000, 3.548298019043473862E-15 ) ) ;
#7398 = PLANE ( 'NONE',  #7123 ) ;
#7399 = DIRECTION ( 'NONE',  ( 0.000000000000000000, 0.000000000000000000, 1.000000000000000000 ) ) ;
#7400 = DIRECTION ( 'NONE',  ( 0.9848077530122103518, 0.000000000000000000, -0.1736481776669168697 ) ) ;
#7401 = AXIS2_PLACEMENT_3D ( 'NONE', #5031, #3770, #5778 ) ;
#7402 = PLANE ( 'NONE',  #388 ) ;
#7403 = ORIENTED_EDGE ( 'NONE', *, *, #721, .T. ) ;
#7404 = EDGE_CURVE ( 'NONE', #4615, #8282, #2168, .T. ) ;
#7405 = CARTESIAN_POINT ( 'NONE',  ( 0.000000000000000000, 0.000000000000000000, -1.499999999999999778 ) ) ;
#7406 = ORIENTED_EDGE ( 'NONE', *, *, #3070, .T. ) ;
#7407 = CARTESIAN_POINT ( 'NONE',  ( 0.000000000000000000, 15.50000000000000000, 0.000000000000000000 ) ) ;
#7408 = ORIENTED_EDGE ( 'NONE', *, *, #2011, .T. ) ;
#7409 = VECTOR ( 'NONE', #1320, 1000.000000000000227 ) ;
#7410 = FACE_OUTER_BOUND ( 'NONE', #554, .T. ) ;
#7411 = CARTESIAN_POINT ( 'NONE',  ( 0.000000000000000000, 17.50000000000000000, 0.000000000000000000 ) ) ;
#7412 = ORIENTED_EDGE ( 'NONE', *, *, #5111, .T. ) ;
#7413 = CIRCLE ( 'NONE', #3910, 2.199999999999997957 ) ;
#7414 = ADVANCED_FACE ( 'NONE', ( #7304 ), #1537, .F. ) ;
#7415 = DIRECTION ( 'NONE',  ( 0.7071067811865474617, -0.000000000000000000, -0.7071067811865476838 ) ) ;
#7416 = EDGE_LOOP ( 'NONE', ( #5213, #6472, #3162, #1521, #1096 ) ) ;
#7417 = EDGE_CURVE ( 'NONE', #3244, #1361, #6499, .T. ) ;
#7418 = ORIENTED_EDGE ( 'NONE', *, *, #5217, .F. ) ;
#7419 = ORIENTED_EDGE ( 'NONE', *, *, #7007, .T. ) ;
#7420 = DIRECTION ( 'NONE',  ( 0.000000000000000000, 0.000000000000000000, 1.000000000000000000 ) ) ;
#7421 = DIRECTION ( 'NONE',  ( -0.000000000000000000, -1.000000000000000000, -0.000000000000000000 ) ) ;
#7422 = CARTESIAN_POINT ( 'NONE',  ( 0.000000000000000000, 16.00000000000000000, 0.000000000000000000 ) ) ;
#7423 = AXIS2_PLACEMENT_3D ( 'NONE', #5568, #5647, #6192 ) ;
#7424 = LINE ( 'NONE', #4895, #3979 ) ;
#7425 = EDGE_CURVE ( 'NONE', #1131, #4455, #3863, .T. ) ;
#7426 = VERTEX_POINT ( 'NONE', #785 ) ;
#7427 = CIRCLE ( 'NONE', #4871, 1.499999999999999556 ) ;
#7428 = EDGE_CURVE ( 'NONE', #2613, #544, #2349, .T. ) ;
#7429 = LINE ( 'NONE', #4227, #1992 ) ;
#7430 = DIRECTION ( 'NONE',  ( 0.000000000000000000, 1.000000000000000000, 0.000000000000000000 ) ) ;
#7431 = DIRECTION ( 'NONE',  ( -0.4999999999999948930, 0.000000000000000000, -0.8660254037844414832 ) ) ;
#7432 = EDGE_CURVE ( 'NONE', #6894, #7665, #6582, .T. ) ;
#7433 = FACE_OUTER_BOUND ( 'NONE', #6014, .T. ) ;
#7434 = CARTESIAN_POINT ( 'NONE',  ( -2.338123282305824446, 16.50000000000000711, 13.54974831931351886 ) ) ;
#7435 = DIRECTION ( 'NONE',  ( 0.06906319355582574149, 0.000000000000000000, -0.9976122870613965965 ) ) ;
#7436 = CIRCLE ( 'NONE', #4875, 1.499999999999999778 ) ;
#7437 = CARTESIAN_POINT ( 'NONE',  ( 0.000000000000000000, 0.000000000000000000, -13.79999999999999893 ) ) ;
#7438 = EDGE_LOOP ( 'NONE', ( #7461, #4847, #7099, #7800 ) ) ;
#7439 = DATE_AND_TIME ( #4194, #934 ) ;
#7440 = ORIENTED_EDGE ( 'NONE', *, *, #7392, .F. ) ;
#7441 = CARTESIAN_POINT ( 'NONE',  ( 13.41771819555238920, 4.914432602277395645, 3.227055088263149685 ) ) ;
#7442 = DIRECTION ( 'NONE',  ( -0.000000000000000000, -1.000000000000000000, -0.000000000000000000 ) ) ;
#7443 = LINE ( 'NONE', #2216, #6457 ) ;
#7444 = ADVANCED_FACE ( 'NONE', ( #3396 ), #4135, .T. ) ;
#7445 = PRODUCT_DEFINITION_SHAPE ( 'NONE', 'NONE',  #8358 ) ;
#7446 = EDGE_CURVE ( 'NONE', #6044, #6839, #5209, .T. ) ;
#7447 = CIRCLE ( 'NONE', #4888, 13.79999999999999893 ) ;
#7448 = CARTESIAN_POINT ( 'NONE',  ( 1.337372317084188689, 15.50000000000000000, -0.9060190408585719890 ) ) ;
#7449 = ORIENTED_EDGE ( 'NONE', *, *, #178, .T. ) ;
#7450 = DIRECTION ( 'NONE',  ( 0.000000000000000000, 1.000000000000000000, 0.000000000000000000 ) ) ;
#7451 = EDGE_LOOP ( 'NONE', ( #5283, #881, #4204, #673, #3906, #2115 ) ) ;
#7452 = PLANE ( 'NONE',  #8123 ) ;
#7453 = CARTESIAN_POINT ( 'NONE',  ( 13.40574310001726133, 5.012842257139924484, -3.275411365455832780 ) ) ;
#7454 = AXIS2_PLACEMENT_3D ( 'NONE', #1606, #2281, #4891 ) ;
#7455 = FACE_BOUND ( 'NONE', #254, .T. ) ;
#7456 = CIRCLE ( 'NONE', #1402, 5.000000000000000000 ) ;
#7457 = EDGE_LOOP ( 'NONE', ( #4611, #3028, #5918, #4106 ) ) ;
#7458 = AXIS2_PLACEMENT_3D ( 'NONE', #1641, #4670, #4083 ) ;
#7459 = CARTESIAN_POINT ( 'NONE',  ( 0.000000000000000000, 0.000000000000000000, -1.500000000000000000 ) ) ;
#7460 = ORIENTED_EDGE ( 'NONE', *, *, #1065, .F. ) ;
#7461 = ORIENTED_EDGE ( 'NONE', *, *, #2059, .F. ) ;
#7462 = ORIENTED_EDGE ( 'NONE', *, *, #2510, .F. ) ;
#7463 = DIRECTION ( 'NONE',  ( 0.000000000000000000, 0.000000000000000000, 1.000000000000000000 ) ) ;
#7464 = CARTESIAN_POINT ( 'NONE',  ( -4.034911047418811236, 3.175675097910128031, 13.19844555199686376 ) ) ;
#7465 = CARTESIAN_POINT ( 'NONE',  ( -4.698463103929516826, 16.00000000000000000, -1.710100716628412121 ) ) ;
#7466 = ADVANCED_FACE ( 'NONE', ( #7135 ), #5326, .F. ) ;
#7467 = EDGE_CURVE ( 'NONE', #6231, #8014, #2124, .T. ) ;
#7468 = FACE_OUTER_BOUND ( 'NONE', #1878, .T. ) ;
#7469 = CIRCLE ( 'NONE', #8157, 12.00000000000000178 ) ;
#7470 = ORIENTED_EDGE ( 'NONE', *, *, #2895, .F. ) ;
#7471 = CARTESIAN_POINT ( 'NONE',  ( 11.85661272182307791, 3.790485074450194780, -1.850262400595405143 ) ) ;
#7472 = DIRECTION ( 'NONE',  ( 0.7071067811865475727, 0.000000000000000000, 0.7071067811865475727 ) ) ;
#7473 = DIRECTION ( 'NONE',  ( 0.000000000000000000, 0.000000000000000000, 1.000000000000000000 ) ) ;
#7474 = CARTESIAN_POINT ( 'NONE',  ( -9.734136008177292965, 6.000000000000000888, -17.86586399182268181 ) ) ;
#7475 = CARTESIAN_POINT ( 'NONE',  ( 0.000000000000000000, 16.00000000000000000, 5.000000000000000000 ) ) ;
#7476 = DIRECTION ( 'NONE',  ( 0.7071067811865475727, 0.000000000000000000, 0.7071067811865475727 ) ) ;
#7477 = CC_DESIGN_PERSON_AND_ORGANIZATION_ASSIGNMENT ( #8208, #5577, ( #4018 ) ) ;
#7478 = VERTEX_POINT ( 'NONE', #4063 ) ;
#7479 = CARTESIAN_POINT ( 'NONE',  ( 1.530808498934182449E-16, 2.000000000000000000, 9.249999999999994671 ) ) ;
#7480 = PERSON_AND_ORGANIZATION ( #3572, #663 ) ;
#7481 = ORIENTED_EDGE ( 'NONE', *, *, #1273, .F. ) ;
#7482 = DIRECTION ( 'NONE',  ( 0.000000000000000000, 0.000000000000000000, -1.000000000000000000 ) ) ;
#7483 = AXIS2_PLACEMENT_3D ( 'NONE', #7294, #2919, #2200 ) ;
#7484 = CARTESIAN_POINT ( 'NONE',  ( 5.196152422706659557, 17.50000000000000000, 2.999999999999952038 ) ) ;
#7485 = DIRECTION ( 'NONE',  ( 0.8660254037844434816, 0.000000000000000000, 0.4999999999999916733 ) ) ;
#7486 = VECTOR ( 'NONE', #1893, 1000.000000000000000 ) ;
#7487 = EDGE_CURVE ( 'NONE', #2704, #5814, #100, .T. ) ;
#7488 = VECTOR ( 'NONE', #7840, 1000.000000000000000 ) ;
#7489 = LINE ( 'NONE', #4876, #1183 ) ;
#7490 = ORIENTED_EDGE ( 'NONE', *, *, #700, .F. ) ;
#7491 = CARTESIAN_POINT ( 'NONE',  ( -4.129129454228025686, 5.859151407942112755, -13.16814247213700106 ) ) ;
#7492 = ORIENTED_EDGE ( 'NONE', *, *, #7568, .F. ) ;
#7493 = CYLINDRICAL_SURFACE ( 'NONE', #3797, 1.317565283458833392 ) ;
#7494 = ORIENTED_EDGE ( 'NONE', *, *, #5656, .T. ) ;
#7495 = CARTESIAN_POINT ( 'NONE',  ( -4.804803964988720644, 3.000000000000000000, 12.93653194863401801 ) ) ;
#7496 = ORIENTED_EDGE ( 'NONE', *, *, #5250, .F. ) ;
#7497 = FACE_OUTER_BOUND ( 'NONE', #1253, .T. ) ;
#7498 = ORIENTED_EDGE ( 'NONE', *, *, #2472, .F. ) ;
#7499 = AXIS2_PLACEMENT_3D ( 'NONE', #6333, #2515, #7612 ) ;
#7500 = ORIENTED_EDGE ( 'NONE', *, *, #3010, .T. ) ;
#7501 = EDGE_CURVE ( 'NONE', #5202, #2704, #2888, .T. ) ;
#7502 = ORIENTED_EDGE ( 'NONE', *, *, #619, .T. ) ;
#7503 = EDGE_CURVE ( 'NONE', #5270, #8001, #6075, .T. ) ;
#7504 = LINE ( 'NONE', #1862, #7589 ) ;
#7505 = DIRECTION ( 'NONE',  ( 0.000000000000000000, 0.000000000000000000, -1.000000000000000000 ) ) ;
#7506 = PLANE ( 'NONE',  #4385 ) ;
#7507 = AXIS2_PLACEMENT_3D ( 'NONE', #4360, #1794, #2588 ) ;
#7508 = CARTESIAN_POINT ( 'NONE',  ( -11.62936631829682455, 3.036040123717861139, 2.966295007745349377 ) ) ;
#7509 = ORIENTED_EDGE ( 'NONE', *, *, #2647, .T. ) ;
#7510 = FACE_OUTER_BOUND ( 'NONE', #1185, .T. ) ;
#7511 = EDGE_CURVE ( 'NONE', #6191, #571, #1188, .T. ) ;
#7512 = CIRCLE ( 'NONE', #7652, 5.000000000000000000 ) ;
#7513 = CARTESIAN_POINT ( 'NONE',  ( 0.000000000000000000, 16.00000000000000000, 0.000000000000000000 ) ) ;
#7514 = DIRECTION ( 'NONE',  ( 0.3420201433256596646, 0.000000000000000000, 0.9396926207859116476 ) ) ;
#7515 = CARTESIAN_POINT ( 'NONE',  ( 3.859383156451097641, 3.277299463864554063, -13.25033740415615036 ) ) ;
#7516 = DIRECTION ( 'NONE',  ( 0.000000000000000000, 0.000000000000000000, 1.000000000000000000 ) ) ;
#7517 = CIRCLE ( 'NONE', #5359, 1.249999999999987121 ) ;
#7518 = ORIENTED_EDGE ( 'NONE', *, *, #2102, .F. ) ;
#7519 = DIRECTION ( 'NONE',  ( 0.4999999999999888423, 0.000000000000000000, 0.8660254037844450359 ) ) ;
#7520 = ADVANCED_FACE ( 'NONE', ( #1668 ), #2974, .T. ) ;
#7521 = APPROVAL_STATUS ( 'not_yet_approved' ) ;
#7522 = ORIENTED_EDGE ( 'NONE', *, *, #6710, .T. ) ;
#7523 = CARTESIAN_POINT ( 'NONE',  ( 0.000000000000000000, 16.00000000000000000, 0.000000000000000000 ) ) ;
#7524 = LOCAL_TIME ( 11, 36, 54.00000000000000000, #3522 ) ;
#7525 = CARTESIAN_POINT ( 'NONE',  ( 1.710100716628362605, 8.000000000000000000, -4.698463103929535478 ) ) ;
#7526 = CYLINDRICAL_SURFACE ( 'NONE', #2439, 11.00000000000000000 ) ;
#7527 = AXIS2_PLACEMENT_3D ( 'NONE', #5246, #114, #5913 ) ;
#7528 = DIRECTION ( 'NONE',  ( -0.000000000000000000, -1.000000000000000000, -0.000000000000000000 ) ) ;
#7529 = EDGE_LOOP ( 'NONE', ( #7917, #6617 ) ) ;
#7530 = FACE_OUTER_BOUND ( 'NONE', #5808, .T. ) ;
#7531 = ORIENTED_EDGE ( 'NONE', *, *, #876, .T. ) ;
#7532 = CARTESIAN_POINT ( 'NONE',  ( 0.000000000000000000, 8.000000000000000000, 0.000000000000000000 ) ) ;
#7533 = DIRECTION ( 'NONE',  ( 0.000000000000000000, -1.000000000000000000, 0.000000000000000000 ) ) ;
#7534 = DIRECTION ( 'NONE',  ( 0.000000000000000000, 1.000000000000000000, 0.000000000000000000 ) ) ;
#7535 = CIRCLE ( 'NONE', #5516, 13.75000000000000178 ) ;
#7536 = ORIENTED_EDGE ( 'NONE', *, *, #5703, .F. ) ;
#7537 = LINE ( 'NONE', #5635, #5605 ) ;
#7538 = EDGE_LOOP ( 'NONE', ( #6786, #1603, #5121, #5847 ) ) ;
#7539 = AXIS2_PLACEMENT_3D ( 'NONE', #6071, #7299, #4102 ) ;
#7540 = VERTEX_POINT ( 'NONE', #416 ) ;
#7541 = B_SPLINE_CURVE_WITH_KNOTS ( 'NONE', 3,
 ( #8142, #6890, #1135, #5468, #3701, #2269, #2865, #4881, #6174, #2355, #4799, #1640, #3578, #7453, #1681, #1932, #1299, #1810 ),
 .UNSPECIFIED., .F., .F.,
 ( 4, 2, 2, 2, 2, 2, 2, 2, 4 ),
 ( 0.007371168016960124268, 0.007683712095296247116, 0.007996256173632369096, 0.008308800251968492812, 0.008621344330304614792, 0.008933888408640736772, 0.009246432486976857018, 0.009558976565312978999, 0.009871520643649100979 ),
 .UNSPECIFIED. ) ;
#7542 = ORIENTED_EDGE ( 'NONE', *, *, #684, .F. ) ;
#7543 = DIRECTION ( 'NONE',  ( 0.000000000000000000, 1.000000000000000000, 0.000000000000000000 ) ) ;
#7544 = CARTESIAN_POINT ( 'NONE',  ( -8.610480516388872019, 4.435569463351222375, -11.15606492866043808 ) ) ;
#7545 = DIRECTION ( 'NONE',  ( 0.7071067811865475727, 0.000000000000000000, -0.7071067811865475727 ) ) ;
#7546 = AXIS2_PLACEMENT_3D ( 'NONE', #7929, #271, #5399 ) ;
#7547 = ADVANCED_FACE ( 'NONE', ( #6712 ), #6117, .T. ) ;
#7548 = LINE ( 'NONE', #1739, #6126 ) ;
#7549 = ORIENTED_EDGE ( 'NONE', *, *, #7982, .F. ) ;
#7550 = CARTESIAN_POINT ( 'NONE',  ( 0.000000000000000000, 9.797174393178825657E-16, 0.000000000000000000 ) ) ;
#7551 = CARTESIAN_POINT ( 'NONE',  ( 0.000000000000000000, 0.000000000000000000, 0.000000000000000000 ) ) ;
#7552 = CIRCLE ( 'NONE', #968, 0.5999999999999983125 ) ;
#7553 = CARTESIAN_POINT ( 'NONE',  ( 0.8682408883346373063, 8.000000000000000000, 4.924038765061042433 ) ) ;
#7554 = DIRECTION ( 'NONE',  ( 1.000000000000000000, 0.000000000000000000, 1.047444401652940007E-14 ) ) ;
#7555 = CARTESIAN_POINT ( 'NONE',  ( 5.273018338884863709, 0.000000000000000000, -10.44438976665385432 ) ) ;
#7556 = SHAPE_REPRESENTATION ( '2208\X2\76f46d4165e052377535673a\X0\-\X2\8f6c5b50\X0\', ( #7789 ), #1067 ) ;
#7557 = CIRCLE ( 'NONE', #1917, 11.00000000000000000 ) ;
#7558 = ORIENTED_EDGE ( 'NONE', *, *, #6965, .T. ) ;
#7559 = CARTESIAN_POINT ( 'NONE',  ( 3.422448658948026079, 3.717071955386388904, 13.36904002184135010 ) ) ;
#7560 = COORDINATED_UNIVERSAL_TIME_OFFSET ( 8, 0, .AHEAD. ) ;
#7561 = ORIENTED_EDGE ( 'NONE', *, *, #6102, .F. ) ;
#7562 = CARTESIAN_POINT ( 'NONE',  ( -13.22718005141974906, 4.223722372889497478, -11.53012377657202947 ) ) ;
#7563 = CARTESIAN_POINT ( 'NONE',  ( 11.51359854670573135, 3.000000000000000000, 3.381870563060588086 ) ) ;
#7564 = CARTESIAN_POINT ( 'NONE',  ( 0.000000000000000000, 8.000000000000000000, 0.000000000000000000 ) ) ;
#7565 = VECTOR ( 'NONE', #280, 1000.000000000000114 ) ;
#7566 = LINE ( 'NONE', #3734, #7142 ) ;
#7567 = EDGE_CURVE ( 'NONE', #5776, #141, #997, .T. ) ;
#7568 = EDGE_CURVE ( 'NONE', #7891, #6128, #2339, .T. ) ;
#7569 = CARTESIAN_POINT ( 'NONE',  ( -11.99995723270236248, 17.50000000000000000, -4.308541100339443375 ) ) ;
#7570 = ADVANCED_FACE ( 'NONE', ( #8034 ), #4945, .T. ) ;
#7571 = AXIS2_PLACEMENT_3D ( 'NONE', #4375, #1971, #4536 ) ;
#7572 = CARTESIAN_POINT ( 'NONE',  ( -3.827521524628621830, 13.50000000000000178, -4.261825444138377605 ) ) ;
#7573 = VERTEX_POINT ( 'NONE', #7479 ) ;
#7574 = CARTESIAN_POINT ( 'NONE',  ( 0.000000000000000000, 0.000000000000000000, 6.750000000000007105 ) ) ;
#7575 = ORIENTED_EDGE ( 'NONE', *, *, #3461, .T. ) ;
#7576 = LINE ( 'NONE', #3741, #980 ) ;
#7577 = DIRECTION ( 'NONE',  ( -0.000000000000000000, -1.000000000000000000, 0.000000000000000000 ) ) ;
#7578 = CARTESIAN_POINT ( 'NONE',  ( 0.000000000000000000, 6.000000000000000000, 0.000000000000000000 ) ) ;
#7579 = TOROIDAL_SURFACE ( 'NONE', #5422, 1.837044042515924236, 0.5999999999999983125 ) ;
#7580 = CC_DESIGN_DATE_AND_TIME_ASSIGNMENT ( #2170, #6628, ( #117 ) ) ;
#7581 = ORIENTED_EDGE ( 'NONE', *, *, #532, .F. ) ;
#7582 = DIRECTION ( 'NONE',  ( 0.000000000000000000, 1.000000000000000000, 0.000000000000000000 ) ) ;
#7583 = VERTEX_POINT ( 'NONE', #2253 ) ;
#7584 = PRODUCT ( '2208\X2\76f46d4165e052377535673a\X0\-\X2\8f6c5b50\X0\', '2208\X2\76f46d4165e052377535673a\X0\-\X2\8f6c5b50\X0\', '', ( #4696 ) ) ;
#7585 = ORIENTED_EDGE ( 'NONE', *, *, #5111, .F. ) ;
#7586 = VERTEX_POINT ( 'NONE', #7390 ) ;
#7587 = DIRECTION ( 'NONE',  ( 0.8660254037844397068, 0.000000000000000000, 0.4999999999999979461 ) ) ;
#7588 = CARTESIAN_POINT ( 'NONE',  ( -1.910129954336200697, 16.00000000000000000, -10.83288528313429389 ) ) ;
#7589 = VECTOR ( 'NONE', #4430, 1000.000000000000114 ) ;
#7590 = CARTESIAN_POINT ( 'NONE',  ( 0.000000000000000000, 8.000000000000000000, -13.79999999999999893 ) ) ;
#7591 = ORIENTED_EDGE ( 'NONE', *, *, #2554, .F. ) ;
#7592 = ORIENTED_EDGE ( 'NONE', *, *, #1592, .T. ) ;
#7593 = CIRCLE ( 'NONE', #58, 13.79999999999999893 ) ;
#7594 = CARTESIAN_POINT ( 'NONE',  ( 0.000000000000000000, 2.000000000000000000, 0.000000000000000000 ) ) ;
#7595 = CARTESIAN_POINT ( 'NONE',  ( 0.000000000000000000, 16.00000000000000000, 0.000000000000000000 ) ) ;
#7596 = ADVANCED_FACE ( 'NONE', ( #3561 ), #4317, .F. ) ;
#7597 = DIRECTION ( 'NONE',  ( 0.4999999999999888423, 0.000000000000000000, 0.8660254037844450359 ) ) ;
#7598 = ADVANCED_FACE ( 'NONE', ( #1709 ), #4277, .F. ) ;
#7599 = DIRECTION ( 'NONE',  ( 0.7071067811865475727, 0.000000000000000000, 0.7071067811865475727 ) ) ;
#7600 = ORIENTED_EDGE ( 'NONE', *, *, #6196, .F. ) ;
#7601 = DIRECTION ( 'NONE',  ( -0.1736481776669168975, 0.000000000000000000, -0.9848077530122104628 ) ) ;
#7602 = COORDINATED_UNIVERSAL_TIME_OFFSET ( 8, 0, .AHEAD. ) ;
#7603 = EDGE_LOOP ( 'NONE', ( #5047, #2544, #59, #5896 ) ) ;
#7604 = DIRECTION ( 'NONE',  ( -0.8660254037844398178, 0.000000000000000000, 0.4999999999999980571 ) ) ;
#7605 = CIRCLE ( 'NONE', #3703, 0.1000000000000000472 ) ;
#7606 = EDGE_CURVE ( 'NONE', #6257, #4785, #4141, .T. ) ;
#7607 = DIRECTION ( 'NONE',  ( 0.000000000000000000, -1.000000000000000000, 0.000000000000000000 ) ) ;
#7608 = EDGE_CURVE ( 'NONE', #4416, #5381, #4865, .T. ) ;
#7609 = FACE_OUTER_BOUND ( 'NONE', #7457, .T. ) ;
#7610 = LINE ( 'NONE', #3772, #299 ) ;
#7611 = CARTESIAN_POINT ( 'NONE',  ( -12.60237228453319425, 16.83340189783331198, -4.602876971140141826 ) ) ;
#7612 = DIRECTION ( 'NONE',  ( 0.7071067811865467956, -3.330669073875470607E-16, -0.7071067811865481278 ) ) ;
#7613 = ORIENTED_EDGE ( 'NONE', *, *, #1235, .F. ) ;
#7614 =( NAMED_UNIT ( * ) SI_UNIT ( $, .STERADIAN. ) SOLID_ANGLE_UNIT ( ) );
#7615 = ORIENTED_EDGE ( 'NONE', *, *, #8289, .F. ) ;
#7616 = CARTESIAN_POINT ( 'NONE',  ( -13.25033740415614325, 3.277299463864554507, -3.859383156451142494 ) ) ;
#7617 = EDGE_CURVE ( 'NONE', #4295, #2911, #3742, .T. ) ;
#7618 = DIRECTION ( 'NONE',  ( -0.000000000000000000, -1.000000000000000000, -0.000000000000000000 ) ) ;
#7619 = CARTESIAN_POINT ( 'NONE',  ( -4.924038765061051315, 16.00000000000000000, 0.8682408883345857920 ) ) ;
#7620 = AXIS2_PLACEMENT_3D ( 'NONE', #1484, #7978, #1527 ) ;
#7621 = ORIENTED_EDGE ( 'NONE', *, *, #5197, .F. ) ;
#7622 = CARTESIAN_POINT ( 'NONE',  ( -8.143287828756587743, 15.50000000000000000, 5.533310556417295523 ) ) ;
#7623 = CIRCLE ( 'NONE', #8172, 0.1000000000000000472 ) ;
#7624 = VERTEX_POINT ( 'NONE', #6032 ) ;
#7625 = DIRECTION ( 'NONE',  ( 0.000000000000000000, 0.000000000000000000, 1.000000000000000000 ) ) ;
#7626 = ORIENTED_EDGE ( 'NONE', *, *, #3430, .F. ) ;
#7627 = EDGE_CURVE ( 'NONE', #6182, #5153, #1728, .T. ) ;
#7628 = CIRCLE ( 'NONE', #630, 12.00000000000000178 ) ;
#7629 = VERTEX_POINT ( 'NONE', #7989 ) ;
#7630 = CARTESIAN_POINT ( 'NONE',  ( -0.8682408883346373063, 16.00000000000000000, 4.924038765061042433 ) ) ;
#7631 = CARTESIAN_POINT ( 'NONE',  ( 8.480487417368529179, 16.00100000000000122, 2.081510617043310418 ) ) ;
#7632 = DESIGN_CONTEXT ( 'detailed design', #1291, 'design' ) ;
#7633 = VECTOR ( 'NONE', #5048, 999.9999999999998863 ) ;
#7634 = PLANE ( 'NONE',  #2379 ) ;
#7635 = VERTEX_POINT ( 'NONE', #2210 ) ;
#7636 = EDGE_LOOP ( 'NONE', ( #894, #4543 ) ) ;
#7637 = CARTESIAN_POINT ( 'NONE',  ( 0.000000000000000000, 16.00000000000000000, 0.000000000000000000 ) ) ;
#7638 = CARTESIAN_POINT ( 'NONE',  ( 2.572438380456219420, 5.828852987997288793, -11.72279952002516801 ) ) ;
#7639 = AXIS2_PLACEMENT_3D ( 'NONE', #7356, #1676, #6722 ) ;
#7640 = FACE_OUTER_BOUND ( 'NONE', #5079, .T. ) ;
#7641 = CARTESIAN_POINT ( 'NONE',  ( 3.827521524628572536, 15.50000000000000000, -4.261825444138422903 ) ) ;
#7642 = EDGE_CURVE ( 'NONE', #6257, #1282, #2296, .T. ) ;
#7643 = VECTOR ( 'NONE', #8165, 1000.000000000000000 ) ;
#7644 = ORIENTED_EDGE ( 'NONE', *, *, #4044, .F. ) ;
#7645 = CARTESIAN_POINT ( 'NONE',  ( 0.000000000000000000, 16.00000000000000000, 0.000000000000000000 ) ) ;
#7646 = DATE_AND_TIME ( #1203, #4695 ) ;
#7647 = ORIENTED_EDGE ( 'NONE', *, *, #2057, .T. ) ;
#7648 = CARTESIAN_POINT ( 'NONE',  ( -13.25068437447805181, 5.722049353282897322, 3.858212168743402337 ) ) ;
#7649 = CARTESIAN_POINT ( 'NONE',  ( -1.530808498934183189E-16, 0.000000000000000000, -9.249999999999994671 ) ) ;
#7650 = DIRECTION ( 'NONE',  ( 0.000000000000000000, -1.000000000000000000, 0.000000000000000000 ) ) ;
#7651 = CARTESIAN_POINT ( 'NONE',  ( 0.000000000000000000, 18.90000000000000213, -4.500000000000000000 ) ) ;
#7652 = AXIS2_PLACEMENT_3D ( 'NONE', #3408, #2055, #7275 ) ;
#7653 = CARTESIAN_POINT ( 'NONE',  ( 0.000000000000000000, 16.00000000000000000, -11.00000000000000000 ) ) ;
#7654 = EDGE_CURVE ( 'NONE', #6255, #278, #2261, .T. ) ;
#7655 = DIRECTION ( 'NONE',  ( 0.7071067811865477948, 0.000000000000000000, 0.7071067811865471286 ) ) ;
#7656 = ORIENTED_EDGE ( 'NONE', *, *, #6915, .F. ) ;
#7657 = APPROVAL_PERSON_ORGANIZATION ( #2932, #4993, #2255 ) ;
#7658 = CARTESIAN_POINT ( 'NONE',  ( 0.000000000000000000, 0.000000000000000000, 0.000000000000000000 ) ) ;
#7659 = ORIENTED_EDGE ( 'NONE', *, *, #2756, .F. ) ;
#7660 = DIRECTION ( 'NONE',  ( 0.000000000000000000, 0.000000000000000000, 1.000000000000000000 ) ) ;
#7661 = CARTESIAN_POINT ( 'NONE',  ( 0.000000000000000000, 17.50000000000000000, -4.500000000000000000 ) ) ;
#7662 = DIRECTION ( 'NONE',  ( 0.000000000000000000, 0.000000000000000000, -1.000000000000000000 ) ) ;
#7663 = ORIENTED_EDGE ( 'NONE', *, *, #5993, .F. ) ;
#7664 = DIRECTION ( 'NONE',  ( 0.000000000000000000, 1.000000000000000000, 0.000000000000000000 ) ) ;
#7665 = VERTEX_POINT ( 'NONE', #4984 ) ;
#7666 = CARTESIAN_POINT ( 'NONE',  ( -0.8682408883346373063, 16.00000000000000000, -4.924038765061042433 ) ) ;
#7667 = ORIENTED_EDGE ( 'NONE', *, *, #5759, .T. ) ;
#7668 = VERTEX_POINT ( 'NONE', #5150 ) ;
#7669 = AXIS2_PLACEMENT_3D ( 'NONE', #1215, #3781, #8351 ) ;
#7670 = FACE_BOUND ( 'NONE', #2518, .T. ) ;
#7671 = CYLINDRICAL_SURFACE ( 'NONE', #1026, 1.317565283458833170 ) ;
#7672 = ADVANCED_FACE ( 'NONE', ( #1242 ), #5773, .F. ) ;
#7673 = EDGE_CURVE ( 'NONE', #6812, #6818, #1055, .T. ) ;
#7674 = VECTOR ( 'NONE', #4156, 1000.000000000000227 ) ;
#7675 = DIRECTION ( 'NONE',  ( -0.000000000000000000, -1.000000000000000000, 0.000000000000000000 ) ) ;
#7676 = ORIENTED_EDGE ( 'NONE', *, *, #6421, .T. ) ;
#7677 = ORIENTED_EDGE ( 'NONE', *, *, #2520, .T. ) ;
#7678 = CARTESIAN_POINT ( 'NONE',  ( -3.762221576582256422, 16.00000000000000000, -10.33661882864502601 ) ) ;
#7679 = DIRECTION ( 'NONE',  ( -0.000000000000000000, -1.000000000000000000, -0.000000000000000000 ) ) ;
#7680 = DIRECTION ( 'NONE',  ( 0.000000000000000000, 0.000000000000000000, 1.000000000000000000 ) ) ;
#7681 = CARTESIAN_POINT ( 'NONE',  ( -8.896404679647163860, 15.50000000000000000, -7.675707379515720241 ) ) ;
#7682 = AXIS2_PLACEMENT_3D ( 'NONE', #2165, #4734, #993 ) ;
#7683 = EDGE_CURVE ( 'NONE', #2341, #2608, #4403, .T. ) ;
#7684 = ORIENTED_EDGE ( 'NONE', *, *, #402, .F. ) ;
#7685 = AXIS2_PLACEMENT_3D ( 'NONE', #5287, #921, #7868 ) ;
#7686 = ADVANCED_FACE ( 'NONE', ( #3766 ), #5108, .T. ) ;
#7687 = CARTESIAN_POINT ( 'NONE',  ( 0.000000000000000000, 16.00000000000000000, 0.000000000000000000 ) ) ;
#7688 = COORDINATED_UNIVERSAL_TIME_OFFSET ( 8, 0, .AHEAD. ) ;
#7689 = VERTEX_POINT ( 'NONE', #6366 ) ;
#7690 = CARTESIAN_POINT ( 'NONE',  ( -13.42946039122701229, 4.604692046675257444, 3.176412064022071213 ) ) ;
#7691 = CARTESIAN_POINT ( 'NONE',  ( 0.000000000000000000, 8.000000000000000000, 0.000000000000000000 ) ) ;
#7692 = CARTESIAN_POINT ( 'NONE',  ( -17.86586399182261786, 4.499999999999998224, -9.734136008177408428 ) ) ;
#7693 = CIRCLE ( 'NONE', #4728, 11.75000000000000178 ) ;
#7694 = DIRECTION ( 'NONE',  ( 0.000000000000000000, 1.000000000000000000, 0.000000000000000000 ) ) ;
#7695 = FACE_OUTER_BOUND ( 'NONE', #374, .T. ) ;
#7696 = ORIENTED_EDGE ( 'NONE', *, *, #2038, .F. ) ;
#7697 = VECTOR ( 'NONE', #8240, 1000.000000000000114 ) ;
#7698 = ORIENTED_EDGE ( 'NONE', *, *, #5864, .F. ) ;
#7699 = CARTESIAN_POINT ( 'NONE',  ( -13.38340197477531746, 5.193957212787940314, -3.365533109488874963 ) ) ;
#7700 = DIRECTION ( 'NONE',  ( 0.6427876096865378086, 0.000000000000000000, -0.7660444431189792347 ) ) ;
#7701 = CARTESIAN_POINT ( 'NONE',  ( 5.604609863433033468, 13.50000000000000178, -1.183818151790996032 ) ) ;
#7702 = ADVANCED_FACE ( 'NONE', ( #6956 ), #3805, .F. ) ;
#7703 = EDGE_CURVE ( 'NONE', #2822, #7232, #5749, .T. ) ;
#7704 = DIRECTION ( 'NONE',  ( 0.000000000000000000, 1.000000000000000000, 0.000000000000000000 ) ) ;
#7705 = CIRCLE ( 'NONE', #848, 1.249999999999993339 ) ;
#7706 = VERTEX_POINT ( 'NONE', #2545 ) ;
#7707 = DIRECTION ( 'NONE',  ( 0.000000000000000000, 1.000000000000000000, 0.000000000000000000 ) ) ;
#7708 = ORIENTED_EDGE ( 'NONE', *, *, #1823, .T. ) ;
#7709 = DIRECTION ( 'NONE',  ( 0.000000000000000000, 0.000000000000000000, -1.000000000000000000 ) ) ;
#7710 = ORIENTED_EDGE ( 'NONE', *, *, #5476, .F. ) ;
#7711 = ORIENTED_EDGE ( 'NONE', *, *, #826, .T. ) ;
#7712 = AXIS2_PLACEMENT_3D ( 'NONE', #1033, #281, #2924 ) ;
#7713 = DIRECTION ( 'NONE',  ( 0.000000000000000000, 1.000000000000000000, 0.000000000000000000 ) ) ;
#7714 = LINE ( 'NONE', #3873, #4914 ) ;
#7715 = AXIS2_PLACEMENT_3D ( 'NONE', #4218, #4848, #7420 ) ;
#7716 = CARTESIAN_POINT ( 'NONE',  ( 0.000000000000000000, 16.00000000000000000, 11.00000000000000000 ) ) ;
#7717 = EDGE_LOOP ( 'NONE', ( #3841, #7292, #4694, #6585 ) ) ;
#7718 = VERTEX_POINT ( 'NONE', #3053 ) ;
#7719 = ADVANCED_FACE ( 'NONE', ( #5027 ), #3221, .F. ) ;
#7720 = ADVANCED_FACE ( 'NONE', ( #572 ), #8057, .T. ) ;
#7721 = CARTESIAN_POINT ( 'NONE',  ( 3.239409476306129410, 4.083963685033093149, -13.41442773151993073 ) ) ;
#7722 = DIRECTION ( 'NONE',  ( 0.7071067811865475727, 0.000000000000000000, -0.7071067811865475727 ) ) ;
#7723 = VECTOR ( 'NONE', #5218, 1000.000000000000000 ) ;
#7724 = ORIENTED_EDGE ( 'NONE', *, *, #726, .F. ) ;
#7725 = TOROIDAL_SURFACE ( 'NONE', #5166, 1.837044042515924236, 0.5999999999999983125 ) ;
#7726 = DIRECTION ( 'NONE',  ( 0.7071067811865452413, -0.000000000000000000, 0.7071067811865499042 ) ) ;
#7727 = DIRECTION ( 'NONE',  ( -0.8660254037844327124, 0.000000000000000000, 0.5000000000000101030 ) ) ;
#7728 = DATE_TIME_ROLE ( 'classification_date' ) ;
#7729 = ORIENTED_EDGE ( 'NONE', *, *, #8075, .T. ) ;
#7730 = CARTESIAN_POINT ( 'NONE',  ( 8.480487417368529179, 0.000000000000000000, 2.081510617043310418 ) ) ;
#7731 = DIRECTION ( 'NONE',  ( -0.6427876096865323685, 0.000000000000000000, -0.7660444431189838976 ) ) ;
#7732 = CARTESIAN_POINT ( 'NONE',  ( 0.000000000000000000, 13.50000000000000178, 0.000000000000000000 ) ) ;
#7733 = CC_DESIGN_DATE_AND_TIME_ASSIGNMENT ( #1670, #4236, ( #4018 ) ) ;
#7734 = TOROIDAL_SURFACE ( 'NONE', #610, 2.807039166088962645, 0.5999999999999983125 ) ;
#7735 = CARTESIAN_POINT ( 'NONE',  ( 3.827521524628621830, 15.50000000000000000, 4.261825444138377605 ) ) ;
#7736 = CARTESIAN_POINT ( 'NONE',  ( 11.84638076866498047, 5.300549398529438960, -1.915286453029216629 ) ) ;
#7737 = VECTOR ( 'NONE', #4979, 1000.000000000000000 ) ;
#7738 = VERTEX_POINT ( 'NONE', #3180 ) ;
#7739 = DIRECTION ( 'NONE',  ( 1.000000000000000000, 0.000000000000000000, 0.000000000000000000 ) ) ;
#7740 = VERTEX_POINT ( 'NONE', #1919 ) ;
#7741 = CARTESIAN_POINT ( 'NONE',  ( -13.25101032785056354, 5.721338235320152066, -3.857094134006399777 ) ) ;
#7742 = CARTESIAN_POINT ( 'NONE',  ( 10.44438976665387564, 0.000000000000000000, -5.273018338884823741 ) ) ;
#7743 = DIRECTION ( 'NONE',  ( 0.000000000000000000, -1.000000000000000000, 0.000000000000000000 ) ) ;
#7744 = CARTESIAN_POINT ( 'NONE',  ( 10.56536461825795037, 13.50000000000000178, -8.799748319313628997 ) ) ;
#7745 = EDGE_CURVE ( 'NONE', #788, #2067, #2534, .T. ) ;
#7746 = CIRCLE ( 'NONE', #2362, 1.317565283458833836 ) ;
#7747 = ORIENTED_EDGE ( 'NONE', *, *, #1883, .F. ) ;
#7748 = CARTESIAN_POINT ( 'NONE',  ( 0.000000000000000000, 8.000000000000000000, 0.000000000000000000 ) ) ;
#7749 = ORIENTED_EDGE ( 'NONE', *, *, #242, .T. ) ;
#7750 = DIRECTION ( 'NONE',  ( 0.9976122870613962634, 0.000000000000000000, 0.06906319355583279140 ) ) ;
#7751 = ORIENTED_EDGE ( 'NONE', *, *, #6624, .T. ) ;
#7752 = AXIS2_PLACEMENT_3D ( 'NONE', #2313, #973, #8008 ) ;
#7753 = VERTEX_POINT ( 'NONE', #5733 ) ;
#7754 = DIRECTION ( 'NONE',  ( 7.999791739217630834E-17, -1.000000000000000000, -7.999791739217577832E-17 ) ) ;
#7755 = VECTOR ( 'NONE', #3102, 1000.000000000000000 ) ;
#7756 = CARTESIAN_POINT ( 'NONE',  ( 0.000000000000000000, 0.000000000000000000, 12.80000000000000426 ) ) ;
#7757 = AXIS2_PLACEMENT_3D ( 'NONE', #5710, #8312, #5085 ) ;
#7758 = CARTESIAN_POINT ( 'NONE',  ( 0.000000000000000000, 16.00000000000000000, 0.000000000000000000 ) ) ;
#7759 = ORIENTED_EDGE ( 'NONE', *, *, #4326, .F. ) ;
#7760 = CIRCLE ( 'NONE', #3322, 11.00000000000000000 ) ;
#7761 = EDGE_CURVE ( 'NONE', #604, #2025, #6666, .T. ) ;
#7762 = ADVANCED_FACE ( 'NONE', ( #3884 ), #4561, .F. ) ;
#7763 = ORIENTED_EDGE ( 'NONE', *, *, #1022, .F. ) ;
#7764 = DIRECTION ( 'NONE',  ( 0.000000000000000000, -1.000000000000000000, 0.000000000000000000 ) ) ;
#7765 = DIRECTION ( 'NONE',  ( -0.9848077530122086864, 0.000000000000000000, -0.1736481776669272226 ) ) ;
#7766 = DIRECTION ( 'NONE',  ( 0.000000000000000000, 1.000000000000000000, 0.000000000000000000 ) ) ;
#7767 = VECTOR ( 'NONE', #3033, 1000.000000000000114 ) ;
#7768 = EDGE_CURVE ( 'NONE', #4762, #2495, #2960, .T. ) ;
#7769 = ORIENTED_EDGE ( 'NONE', *, *, #7425, .T. ) ;
#7770 = CARTESIAN_POINT ( 'NONE',  ( 4.316961768045781689, 3.071096820082239720, 13.10776931489140829 ) ) ;
#7771 = VECTOR ( 'NONE', #827, 1000.000000000000000 ) ;
#7772 = CARTESIAN_POINT ( 'NONE',  ( -3.213938048432717132, 16.00000000000000000, 3.830222215594873081 ) ) ;
#7773 = ORIENTED_EDGE ( 'NONE', *, *, #2788, .T. ) ;
#7774 = FACE_OUTER_BOUND ( 'NONE', #84, .T. ) ;
#7775 = LINE ( 'NONE', #780, #4174 ) ;
#7776 = DIRECTION ( 'NONE',  ( 0.000000000000000000, -1.000000000000000000, 0.000000000000000000 ) ) ;
#7777 = AXIS2_PLACEMENT_3D ( 'NONE', #3595, #6787, #3117 ) ;
#7778 = ADVANCED_FACE ( 'NONE', ( #6618 ), #1446, .F. ) ;
#7779 = EDGE_CURVE ( 'NONE', #1528, #7286, #6534, .T. ) ;
#7780 = DIRECTION ( 'NONE',  ( 0.000000000000000000, 0.000000000000000000, -1.000000000000000000 ) ) ;
#7781 = ORIENTED_EDGE ( 'NONE', *, *, #6299, .T. ) ;
#7782 = CARTESIAN_POINT ( 'NONE',  ( -3.176412064022023696, 4.500000000000001776, -13.42946039122701762 ) ) ;
#7783 = ORIENTED_EDGE ( 'NONE', *, *, #5860, .T. ) ;
#7784 = CARTESIAN_POINT ( 'NONE',  ( -2.379973578632342157, 5.726447930135460496, 11.76284706223739462 ) ) ;
#7785 = VECTOR ( 'NONE', #5382, 1000.000000000000000 ) ;
#7786 = LINE ( 'NONE', #2685, #2825 ) ;
#7787 = PLANE ( 'NONE',  #2575 ) ;
#7788 = CARTESIAN_POINT ( 'NONE',  ( 2.081510617043281108, 2.000000000000000000, -8.480487417368538061 ) ) ;
#7789 = AXIS2_PLACEMENT_3D ( 'NONE', #3898, #8348, #7098 ) ;
#7790 = ORIENTED_EDGE ( 'NONE', *, *, #3497, .T. ) ;
#7791 = DIRECTION ( 'NONE',  ( 0.000000000000000000, -1.000000000000000000, 0.000000000000000000 ) ) ;
#7792 = ORIENTED_EDGE ( 'NONE', *, *, #2949, .T. ) ;
#7793 = DIRECTION ( 'NONE',  ( 0.000000000000000000, -1.000000000000000000, 0.000000000000000000 ) ) ;
#7794 = ORIENTED_EDGE ( 'NONE', *, *, #5640, .T. ) ;
#7795 = ORIENTED_EDGE ( 'NONE', *, *, #1707, .T. ) ;
#7796 = CARTESIAN_POINT ( 'NONE',  ( 3.213938048432663397, 16.00000000000000000, 3.830222215594918378 ) ) ;
#7797 = LOCAL_TIME ( 11, 36, 54.00000000000000000, #7560 ) ;
#7798 = CYLINDRICAL_SURFACE ( 'NONE', #1962, 1.499999999999999556 ) ;
#7799 = CARTESIAN_POINT ( 'NONE',  ( 2.338123282305729411, 16.50000000000000711, -13.54974831931353485 ) ) ;
#7800 = ORIENTED_EDGE ( 'NONE', *, *, #6835, .T. ) ;
#7801 = ORIENTED_EDGE ( 'NONE', *, *, #1273, .T. ) ;
#7802 = DIRECTION ( 'NONE',  ( 1.000000000000000000, 0.000000000000000000, -3.491481338843133355E-15 ) ) ;
#7803 = FACE_BOUND ( 'NONE', #3331, .T. ) ;
#7804 = DIRECTION ( 'NONE',  ( 0.000000000000000000, -1.000000000000000000, 0.000000000000000000 ) ) ;
#7805 = EDGE_CURVE ( 'NONE', #7876, #6894, #3305, .T. ) ;
#7806 = CIRCLE ( 'NONE', #3370, 1.317565283458833392 ) ;
#7807 = VERTEX_POINT ( 'NONE', #7851 ) ;
#7808 = CARTESIAN_POINT ( 'NONE',  ( 0.000000000000000000, 0.000000000000000000, 0.000000000000000000 ) ) ;
#7809 = CARTESIAN_POINT ( 'NONE',  ( -5.196152422706618701, 17.50000000000000000, 3.000000000000024869 ) ) ;
#7810 = VECTOR ( 'NONE', #367, 1000.000000000000000 ) ;
#7811 = ORIENTED_EDGE ( 'NONE', *, *, #7394, .F. ) ;
#7812 = DIRECTION ( 'NONE',  ( 0.000000000000000000, -1.000000000000000000, 0.000000000000000000 ) ) ;
#7813 = CARTESIAN_POINT ( 'NONE',  ( 3.762221576582398974, 16.00000000000000000, -10.33661882864497628 ) ) ;
#7814 = CARTESIAN_POINT ( 'NONE',  ( -9.441815464394363033, 4.435569463351222375, -7.744759189546645217 ) ) ;
#7815 = VECTOR ( 'NONE', #5998, 1000.000000000000000 ) ;
#7816 = CARTESIAN_POINT ( 'NONE',  ( 13.00973486934585388, 3.000000000000001332, -4.607711236664647103 ) ) ;
#7817 = ORIENTED_EDGE ( 'NONE', *, *, #7914, .F. ) ;
#7818 = COORDINATED_UNIVERSAL_TIME_OFFSET ( 8, 0, .AHEAD. ) ;
#7819 = ORIENTED_EDGE ( 'NONE', *, *, #5657, .F. ) ;
#7820 = CARTESIAN_POINT ( 'NONE',  ( -2.971663729863793790, 3.034787471133309822, 11.62800487672825689 ) ) ;
#7821 = DIRECTION ( 'NONE',  ( 0.7071067811865452413, -0.000000000000000000, 0.7071067811865499042 ) ) ;
#7822 = TOROIDAL_SURFACE ( 'NONE', #6331, 2.807039166088962645, 0.5999999999999983125 ) ;
#7823 = EDGE_CURVE ( 'NONE', #727, #7738, #6553, .T. ) ;
#7825 = EDGE_CURVE ( 'NONE', #2066, #7161, #2122, .T. ) ;
#7824 = DIRECTION ( 'NONE',  ( 0.5000000000000071054, 0.000000000000000000, -0.8660254037844345998 ) ) ;
#7826 = FACE_OUTER_BOUND ( 'NONE', #2, .T. ) ;
#7827 = ORIENTED_EDGE ( 'NONE', *, *, #5935, .T. ) ;
#7828 = VECTOR ( 'NONE', #4186, 1000.000000000000000 ) ;
#7829 = DIRECTION ( 'NONE',  ( 0.8660254037844431485, 0.000000000000000000, 0.4999999999999920064 ) ) ;
#7830 = VERTEX_POINT ( 'NONE', #5856 ) ;
#7831 = DIRECTION ( 'NONE',  ( 1.000000000000000000, -9.427844978134821433E-17, 1.776356839400250465E-15 ) ) ;
#7832 = ORIENTED_EDGE ( 'NONE', *, *, #2939, .F. ) ;
#7833 = CARTESIAN_POINT ( 'NONE',  ( -7.320495120834721980, 4.435569463351222375, -9.866079533106287158 ) ) ;
#7834 = MANIFOLD_SOLID_BREP ( '\X2\96355217\X0\(\X2\57065468\X0\)1[4]', #3648 ) ;
#7835 = VERTEX_POINT ( 'NONE', #187 ) ;
#7836 = DIRECTION ( 'NONE',  ( 0.8984891805005803533, 0.000000000000000000, -0.4389956634448630712 ) ) ;
#7837 = CARTESIAN_POINT ( 'NONE',  ( -2.199155242852715908, 0.000000000000000000, -11.54236614467906463 ) ) ;
#7838 = CIRCLE ( 'NONE', #4202, 10.99999999999999822 ) ;
#7839 = EDGE_CURVE ( 'NONE', #2505, #5135, #784, .T. ) ;
#7840 = DIRECTION ( 'NONE',  ( 0.000000000000000000, -1.000000000000000000, 0.000000000000000000 ) ) ;
#7841 = ORIENTED_EDGE ( 'NONE', *, *, #722, .T. ) ;
#7842 = AXIS2_PLACEMENT_3D ( 'NONE', #6537, #3349, #6070 ) ;
#7843 = ORIENTED_EDGE ( 'NONE', *, *, #4646, .T. ) ;
#7844 = DIRECTION ( 'NONE',  ( -0.000000000000000000, -1.000000000000000000, -0.000000000000000000 ) ) ;
#7845 = CARTESIAN_POINT ( 'NONE',  ( 3.091507654588485199, 13.50000000000000178, 5.354648329735351098 ) ) ;
#7846 = DIRECTION ( 'NONE',  ( 0.8660254037844434816, 0.000000000000000000, 0.4999999999999916733 ) ) ;
#7847 = AXIS2_PLACEMENT_3D ( 'NONE', #5103, #7679, #1913 ) ;
#7848 = EDGE_CURVE ( 'NONE', #7835, #1068, #2033, .T. ) ;
#7849 = VERTEX_POINT ( 'NONE', #5189 ) ;
#7850 = ORIENTED_EDGE ( 'NONE', *, *, #2299, .T. ) ;
#7851 = CARTESIAN_POINT ( 'NONE',  ( 5.510910596163088569E-16, 17.50000000000000000, 4.500000000000000000 ) ) ;
#7852 = ADVANCED_FACE ( 'NONE', ( #4601 ), #2714, .F. ) ;
#7853 = DIRECTION ( 'NONE',  ( 0.000000000000000000, 1.000000000000000000, 0.000000000000000000 ) ) ;
#7854 = AXIS2_PLACEMENT_3D ( 'NONE', #7973, #4177, #7463 ) ;
#7855 = DIRECTION ( 'NONE',  ( 0.000000000000000000, 1.000000000000000000, 0.000000000000000000 ) ) ;
#7856 = CARTESIAN_POINT ( 'NONE',  ( 13.79999999999999893, 8.000000000000000000, 0.000000000000000000 ) ) ;
#7857 = CARTESIAN_POINT ( 'NONE',  ( -4.503332099679075107, 17.50000000000000000, 2.600000000000024514 ) ) ;
#7858 = CIRCLE ( 'NONE', #5292, 13.75000000000000178 ) ;
#7859 = VECTOR ( 'NONE', #1841, 1000.000000000000000 ) ;
#7860 = LINE ( 'NONE', #5368, #2527 ) ;
#7861 = ORIENTED_EDGE ( 'NONE', *, *, #6690, .T. ) ;
#7862 = EDGE_CURVE ( 'NONE', #1874, #320, #2937, .T. ) ;
#7863 = PERSON_AND_ORGANIZATION_ROLE ( 'creator' ) ;
#7864 = EDGE_CURVE ( 'NONE', #4928, #7189, #7084, .T. ) ;
#7865 = ORIENTED_EDGE ( 'NONE', *, *, #149, .T. ) ;
#7866 = CARTESIAN_POINT ( 'NONE',  ( -2.081510617043222044, 2.000000000000000000, 8.480487417368550496 ) ) ;
#7867 = DIRECTION ( 'NONE',  ( -0.7071067811865474617, -0.000000000000000000, 0.7071067811865476838 ) ) ;
#7868 = DIRECTION ( 'NONE',  ( 0.4999999999999949485, 0.000000000000000000, 0.8660254037844415942 ) ) ;
#7869 = CYLINDRICAL_SURFACE ( 'NONE', #7316, 1.499999999999999778 ) ;
#7870 = VECTOR ( 'NONE', #5934, 1000.000000000000000 ) ;
#7871 = ORIENTED_EDGE ( 'NONE', *, *, #5388, .T. ) ;
#7872 = CARTESIAN_POINT ( 'NONE',  ( 0.000000000000000000, 8.000000000000000000, 0.000000000000000000 ) ) ;
#7873 = ORIENTED_EDGE ( 'NONE', *, *, #1667, .F. ) ;
#7874 = ADVANCED_FACE ( 'NONE', ( #817 ), #1324, .T. ) ;
#7875 = DIRECTION ( 'NONE',  ( -0.000000000000000000, -1.000000000000000000, -0.000000000000000000 ) ) ;
#7876 = VERTEX_POINT ( 'NONE', #2754 ) ;
#7877 = DIRECTION ( 'NONE',  ( 0.8660254037844432595, 0.000000000000000000, -0.4999999999999920064 ) ) ;
#7878 = MANIFOLD_SOLID_BREP ( '\X2\96355217\X0\(\X2\57065468\X0\)1[7]', #2163 ) ;
#7879 = EDGE_LOOP ( 'NONE', ( #3832, #5396, #80, #3978 ) ) ;
#7880 = DIRECTION ( 'NONE',  ( -0.4999999999999888978, 0.000000000000000000, -0.8660254037844451469 ) ) ;
#7881 = CIRCLE ( 'NONE', #751, 1.249999999999993339 ) ;
#7882 = CARTESIAN_POINT ( 'NONE',  ( -9.734136008177292965, 3.000000000000001332, -17.86586399182268181 ) ) ;
#7883 = DIRECTION ( 'NONE',  ( 0.000000000000000000, 0.000000000000000000, -1.000000000000000000 ) ) ;
#7884 = ORIENTED_EDGE ( 'NONE', *, *, #2729, .T. ) ;
#7885 = ADVANCED_FACE ( 'NONE', ( #5315 ), #7897, .F. ) ;
#7886 = ORIENTED_EDGE ( 'NONE', *, *, #1322, .F. ) ;
#7887 = AXIS2_PLACEMENT_3D ( 'NONE', #1127, #8303, #6374 ) ;
#7888 = CARTESIAN_POINT ( 'NONE',  ( 12.60237228453322622, 16.83340189783331198, 4.602876971140053897 ) ) ;
#7889 = CARTESIAN_POINT ( 'NONE',  ( -5.604609863433041461, 13.50000000000000178, 1.183818151790957174 ) ) ;
#7890 = DIRECTION ( 'NONE',  ( -1.000000000000000000, 0.000000000000000000, 0.000000000000000000 ) ) ;
#7891 = VERTEX_POINT ( 'NONE', #4854 ) ;
#7892 = AXIS2_PLACEMENT_3D ( 'NONE', #265, #2228, #3456 ) ;
#7893 = CARTESIAN_POINT ( 'NONE',  ( 11.88808833175173163, 4.500000000000001776, -1.635040004546794545 ) ) ;
#7894 = EDGE_CURVE ( 'NONE', #2613, #6141, #7429, .T. ) ;
#7895 = ORIENTED_EDGE ( 'NONE', *, *, #926, .F. ) ;
#7896 = ADVANCED_FACE ( 'NONE', ( #1658 ), #906, .F. ) ;
#7897 = CYLINDRICAL_SURFACE ( 'NONE', #3067, 1.249999999999993339 ) ;
#7898 = CARTESIAN_POINT ( 'NONE',  ( 0.000000000000000000, 2.000000000000000000, 8.000000000000000000 ) ) ;
#7899 = CARTESIAN_POINT ( 'NONE',  ( 11.51359854670573135, 6.000000000000000000, 3.381870563060587198 ) ) ;
#7900 = AXIS2_PLACEMENT_3D ( 'NONE', #7758, #4435, #5098 ) ;
#7901 = DIRECTION ( 'NONE',  ( 0.3420201433256728207, 0.000000000000000000, -0.9396926207859068736 ) ) ;
#7902 = CARTESIAN_POINT ( 'NONE',  ( 0.8682408883346373063, 16.00000000000000000, -4.924038765061042433 ) ) ;
#7903 = CIRCLE ( 'NONE', #7215, 11.00000000000000000 ) ;
#7904 = MANIFOLD_SOLID_BREP ( '\X2\96355217\X0\(\X2\57065468\X0\)1[5]', #295 ) ;
#7905 = DIRECTION ( 'NONE',  ( 0.7071067811865467956, -3.330669073875470607E-16, -0.7071067811865481278 ) ) ;
#7906 = ORIENTED_EDGE ( 'NONE', *, *, #7417, .F. ) ;
#7907 = DATE_TIME_ROLE ( 'creation_date' ) ;
#7908 = ORIENTED_EDGE ( 'NONE', *, *, #2605, .F. ) ;
#7909 = DIRECTION ( 'NONE',  ( -0.5000000000000009992, 0.000000000000000000, 0.8660254037844381525 ) ) ;
#7910 = DIRECTION ( 'NONE',  ( -5.333194492811737044E-17, -1.000000000000000000, -5.333194492811736427E-17 ) ) ;
#7911 = DIRECTION ( 'NONE',  ( 0.000000000000000000, 1.000000000000000000, 0.000000000000000000 ) ) ;
#7912 = AXIS2_PLACEMENT_3D ( 'NONE', #4494, #3103, #5078 ) ;
#7913 = CARTESIAN_POINT ( 'NONE',  ( 9.797174393178749730E-17, 15.50000000000000000, -6.799999999999993605 ) ) ;
#7914 = EDGE_CURVE ( 'NONE', #7807, #179, #1585, .T. ) ;
#7915 = ORIENTED_EDGE ( 'NONE', *, *, #173, .F. ) ;
#7916 = CARTESIAN_POINT ( 'NONE',  ( 0.000000000000000000, 16.00000000000000000, 0.000000000000000000 ) ) ;
#7917 = ORIENTED_EDGE ( 'NONE', *, *, #5128, .F. ) ;
#7918 = AXIS2_PLACEMENT_3D ( 'NONE', #3427, #1996, #7125 ) ;
#7919 = CYLINDRICAL_SURFACE ( 'NONE', #255, 1.499999999999999778 ) ;
#7920 = VERTEX_POINT ( 'NONE', #4773 ) ;
#7921 = CARTESIAN_POINT ( 'NONE',  ( 9.500000000000000000, 2.000000000000000000, 0.000000000000000000 ) ) ;
#7922 = ORIENTED_EDGE ( 'NONE', *, *, #2928, .T. ) ;
#7923 = LINE ( 'NONE', #7235, #6365 ) ;
#7924 = CARTESIAN_POINT ( 'NONE',  ( -2.268672570207777905, 17.50000000000000000, 12.54653835801679485 ) ) ;
#7925 = LINE ( 'NONE', #7283, #5470 ) ;
#7926 = EDGE_LOOP ( 'NONE', ( #1970, #8107, #1464, #1995, #2806, #4962 ) ) ;
#7927 = EDGE_LOOP ( 'NONE', ( #5290, #4547, #3990, #5017 ) ) ;
#7928 = CARTESIAN_POINT ( 'NONE',  ( 0.000000000000000000, 16.00000000000000000, 0.000000000000000000 ) ) ;
#7929 = CARTESIAN_POINT ( 'NONE',  ( 9.500000000000000000, 0.000000000000000000, 0.000000000000000000 ) ) ;
#7930 = CARTESIAN_POINT ( 'NONE',  ( -12.90348790056395067, 13.50000000000000178, -4.749999999999969802 ) ) ;
#7931 = EDGE_CURVE ( 'NONE', #6386, #438, #6152, .T. ) ;
#7932 = ADVANCED_FACE ( 'NONE', ( #989 ), #6705, .F. ) ;
#7933 = ORIENTED_EDGE ( 'NONE', *, *, #6252, .F. ) ;
#7934 = EDGE_CURVE ( 'NONE', #1056, #1050, #2538, .T. ) ;
#7935 = DIRECTION ( 'NONE',  ( 0.000000000000000000, 1.000000000000000000, 0.000000000000000000 ) ) ;
#7936 = ORIENTED_EDGE ( 'NONE', *, *, #5955, .F. ) ;
#7937 = CARTESIAN_POINT ( 'NONE',  ( -10.33661882864493542, 16.00000000000000000, -3.762221576582507776 ) ) ;
#7938 = FACE_OUTER_BOUND ( 'NONE', #3798, .T. ) ;
#7939 = CARTESIAN_POINT ( 'NONE',  ( -9.500000000000000000, 0.000000000000000000, 0.000000000000000000 ) ) ;
#7940 = DIRECTION ( 'NONE',  ( 0.000000000000000000, 1.000000000000000000, 0.000000000000000000 ) ) ;
#7941 = CARTESIAN_POINT ( 'NONE',  ( 0.000000000000000000, 16.00000000000000000, 0.000000000000000000 ) ) ;
#7942 = CIRCLE ( 'NONE', #2423, 1.237044042515925923 ) ;
#7943 = EDGE_CURVE ( 'NONE', #1412, #3323, #4684, .T. ) ;
#7944 = AXIS2_PLACEMENT_3D ( 'NONE', #74, #5207, #3611 ) ;
#7945 = CARTESIAN_POINT ( 'NONE',  ( 3.762221576582398974, 8.000000000000000000, -10.33661882864497628 ) ) ;
#7946 = VERTEX_POINT ( 'NONE', #407 ) ;
#7947 = COORDINATED_UNIVERSAL_TIME_OFFSET ( 8, 0, .AHEAD. ) ;
#7948 = ORIENTED_EDGE ( 'NONE', *, *, #620, .T. ) ;
#7949 = DIRECTION ( 'NONE',  ( 0.000000000000000000, -1.000000000000000000, 0.000000000000000000 ) ) ;
#7950 = DIRECTION ( 'NONE',  ( 0.000000000000000000, -1.000000000000000000, 0.000000000000000000 ) ) ;
#7951 = DIRECTION ( 'NONE',  ( -0.9976122870613967075, 0.000000000000000000, -0.06906319355582575537 ) ) ;
#7952 = CYLINDRICAL_SURFACE ( 'NONE', #4623, 4.500000000000000000 ) ;
#7953 = VECTOR ( 'NONE', #2957, 1000.000000000000000 ) ;
#7954 = CLOSED_SHELL ( 'NONE', ( #3546, #7140, #4558, #3021, #4379, #4961, #7414, #5451 ) ) ;
#7955 = EDGE_LOOP ( 'NONE', ( #4853, #3609, #5547, #6713 ) ) ;
#7956 = CARTESIAN_POINT ( 'NONE',  ( 2.338123282305887063, 13.50000000000000178, 13.54974831931350465 ) ) ;
#7957 = ORIENTED_EDGE ( 'NONE', *, *, #1644, .T. ) ;
#7958 = DIRECTION ( 'NONE',  ( -0.000000000000000000, -1.000000000000000000, 0.000000000000000000 ) ) ;
#7959 = CIRCLE ( 'NONE', #4582, 11.00000000000000000 ) ;
#7960 = ORIENTED_EDGE ( 'NONE', *, *, #2580, .T. ) ;
#7961 = DIRECTION ( 'NONE',  ( 0.4999999999999888978, 0.000000000000000000, 0.8660254037844451469 ) ) ;
#7962 = ADVANCED_FACE ( 'NONE', ( #321 ), #6068, .T. ) ;
#7963 = ADVANCED_FACE ( 'NONE', ( #5678 ), #8025, .F. ) ;
#7964 = ORIENTED_EDGE ( 'NONE', *, *, #6947, .T. ) ;
#7965 = CYLINDRICAL_SURFACE ( 'NONE', #8272, 0.7999999999999933831 ) ;
#7966 = FACE_BOUND ( 'NONE', #756, .T. ) ;
#7967 = CIRCLE ( 'NONE', #6198, 11.75000000000000178 ) ;
#7968 = LINE ( 'NONE', #1557, #7488 ) ;
#7969 = ORIENTED_EDGE ( 'NONE', *, *, #7617, .F. ) ;
#7970 = ORIENTED_EDGE ( 'NONE', *, *, #1732, .F. ) ;
#7971 = ORIENTED_EDGE ( 'NONE', *, *, #4512, .T. ) ;
#7972 = CIRCLE ( 'NONE', #3926, 1.499999999999999556 ) ;
#7973 = CARTESIAN_POINT ( 'NONE',  ( 0.000000000000000000, 17.50000000000000000, -6.000000000000000000 ) ) ;
#7974 = PLANE ( 'NONE',  #824 ) ;
#7975 = CARTESIAN_POINT ( 'NONE',  ( 9.500000000000000000, 0.000000000000000000, 0.000000000000000000 ) ) ;
#7976 = ORIENTED_EDGE ( 'NONE', *, *, #6448, .T. ) ;
#7977 = VECTOR ( 'NONE', #6630, 1000.000000000000114 ) ;
#7978 = DIRECTION ( 'NONE',  ( 0.000000000000000000, 1.000000000000000000, 0.000000000000000000 ) ) ;
#7979 = ORIENTED_EDGE ( 'NONE', *, *, #4078, .T. ) ;
#7980 = CARTESIAN_POINT ( 'NONE',  ( 11.87229260487952232, 3.977485896365378970, -1.746826977830631566 ) ) ;
#7981 = EDGE_CURVE ( 'NONE', #7738, #7128, #4814, .T. ) ;
#7982 = EDGE_CURVE ( 'NONE', #5456, #2732, #5526, .T. ) ;
#7983 = DIRECTION ( 'NONE',  ( 0.000000000000000000, 0.000000000000000000, -1.000000000000000000 ) ) ;
#7984 = CARTESIAN_POINT ( 'NONE',  ( 1.649906475215999313, 4.283109048990280776, -11.88606847319432092 ) ) ;
#7985 = DIRECTION ( 'NONE',  ( -0.8660254037844363761, 0.000000000000000000, -0.5000000000000039968 ) ) ;
#7986 = DIRECTION ( 'NONE',  ( 0.000000000000000000, 1.000000000000000000, 0.000000000000000000 ) ) ;
#7987 = CIRCLE ( 'NONE', #5279, 13.75000000000000178 ) ;
#7988 = TOROIDAL_SURFACE ( 'NONE', #1392, 1.837044042515924236, 0.5999999999999983125 ) ;
#7989 = CARTESIAN_POINT ( 'NONE',  ( -5.604609863433041461, 15.50000000000000000, 1.183818151790956730 ) ) ;
#7990 = VERTEX_POINT ( 'NONE', #2288 ) ;
#7991 = EDGE_CURVE ( 'NONE', #6141, #6076, #5564, .T. ) ;
#7992 = APPLICATION_PROTOCOL_DEFINITION ( 'international standard', 'config_control_design', 1994, #1726 ) ;
#7993 = VERTEX_POINT ( 'NONE', #1529 ) ;
#7994 = CARTESIAN_POINT ( 'NONE',  ( 13.07589183724105908, 5.955207881297414296, 4.412667289949023797 ) ) ;
#7995 = B_SPLINE_CURVE_WITH_KNOTS ( 'NONE', 3,
 ( #7799, #681, #7158, #8326 ),
 .UNSPECIFIED., .F., .F.,
 ( 4, 4 ),
 ( 2.835790007795756414E-07, 0.001418470318416955580 ),
 .UNSPECIFIED. ) ;
#7996 = CARTESIAN_POINT ( 'NONE',  ( 2.291827887858832291, 17.16674065569375429, 12.88101506275774177 ) ) ;
#7997 = LINE ( 'NONE', #6165, #4589 ) ;
#7998 = DIRECTION ( 'NONE',  ( -0.000000000000000000, -1.000000000000000000, 0.000000000000000000 ) ) ;
#7999 = AXIS2_PLACEMENT_3D ( 'NONE', #226, #6057, #5397 ) ;
#8000 = LINE ( 'NONE', #4203, #4672 ) ;
#8001 = VERTEX_POINT ( 'NONE', #6660 ) ;
#8002 = PLANE ( 'NONE',  #3878 ) ;
#8003 = VERTEX_POINT ( 'NONE', #279 ) ;
#8004 = CARTESIAN_POINT ( 'NONE',  ( 6.183015309176969510, 17.50000000000000000, -5.767955557622883589E-14 ) ) ;
#8005 = DIRECTION ( 'NONE',  ( 0.000000000000000000, 0.000000000000000000, -1.000000000000000000 ) ) ;
#8006 = ADVANCED_FACE ( 'NONE', ( #2202 ), #7339, .F. ) ;
#8007 = CARTESIAN_POINT ( 'NONE',  ( -11.88805761861810595, 4.390588284932630536, -1.635263313984375966 ) ) ;
#8008 = DIRECTION ( 'NONE',  ( -1.000000000000000000, 0.000000000000000000, 3.491481338843133355E-15 ) ) ;
#8009 = EDGE_CURVE ( 'NONE', #6948, #4535, #7517, .T. ) ;
#8010 = CARTESIAN_POINT ( 'NONE',  ( -6.183015309176970398, 13.50000000000000178, 1.474514954580286030E-14 ) ) ;
#8011 = ORIENTED_EDGE ( 'NONE', *, *, #3663, .T. ) ;
#8012 = ORIENTED_EDGE ( 'NONE', *, *, #4939, .F. ) ;
#8013 = CIRCLE ( 'NONE', #206, 7.300000000000000711 ) ;
#8014 = VERTEX_POINT ( 'NONE', #2016 ) ;
#8015 = CARTESIAN_POINT ( 'NONE',  ( -4.281510617043213784, 16.00100000000000122, -8.480487417368575365 ) ) ;
#8016 = CARTESIAN_POINT ( 'NONE',  ( -3.860087436629172863, 3.276764517092604301, 13.25013717574658401 ) ) ;
#8017 = DIRECTION ( 'NONE',  ( 0.000000000000000000, -1.000000000000000000, 0.000000000000000000 ) ) ;
#8018 = MANIFOLD_SOLID_BREP ( '\X2\96355217\X0\(\X2\57065468\X0\)7', #1768 ) ;
#8019 = EDGE_LOOP ( 'NONE', ( #5878, #7794, #7850, #4934, #7419, #6489 ) ) ;
#8020 = VECTOR ( 'NONE', #441, 1000.000000000000000 ) ;
#8021 = ADVANCED_FACE ( 'NONE', ( #3326 ), #7023, .F. ) ;
#8022 = EDGE_CURVE ( 'NONE', #4437, #1518, #4288, .T. ) ;
#8023 = DIRECTION ( 'NONE',  ( -0.000000000000000000, -1.000000000000000000, 0.000000000000000000 ) ) ;
#8024 = ORIENTED_EDGE ( 'NONE', *, *, #2530, .T. ) ;
#8025 = PLANE ( 'NONE',  #1062 ) ;
#8026 = B_SPLINE_CURVE_WITH_KNOTS ( 'NONE', 3,
 ( #654, #5619, #8341, #6369, #7648, #3226, #5698, #3731, #3096, #4407, #7690, #1922 ),
 .UNSPECIFIED., .F., .F.,
 ( 4, 2, 2, 2, 2, 4 ),
 ( 0.000000000000000000, 0.0006249005881210776192, 0.001249801176242155238, 0.001874701764363232966, 0.002187152058423772697, 0.002499602352484312211 ),
 .UNSPECIFIED. ) ;
#8027 = LINE ( 'NONE', #6619, #4059 ) ;
#8028 = CARTESIAN_POINT ( 'NONE',  ( -17.86586399182261786, 5.999999999999998224, -9.734136008177410204 ) ) ;
#8029 = CARTESIAN_POINT ( 'NONE',  ( 0.000000000000000000, 16.00000000000000000, 0.000000000000000000 ) ) ;
#8030 = DIRECTION ( 'NONE',  ( 0.8660254037844432595, 0.000000000000000000, -0.4999999999999919509 ) ) ;
#8031 = AXIS2_PLACEMENT_3D ( 'NONE', #1845, #7694, #4327 ) ;
#8032 = EDGE_CURVE ( 'NONE', #643, #3289, #2486, .T. ) ;
#8033 = AXIS2_PLACEMENT_3D ( 'NONE', #2989, #1769, #1094 ) ;
#8034 = FACE_OUTER_BOUND ( 'NONE', #4995, .T. ) ;
#8035 = ORIENTED_EDGE ( 'NONE', *, *, #2668, .F. ) ;
#8036 = AXIS2_PLACEMENT_3D ( 'NONE', #805, #2147, #4042 ) ;
#8037 = APPROVAL_DATE_TIME ( #7439, #2012 ) ;
#8038 = ORIENTED_EDGE ( 'NONE', *, *, #1274, .T. ) ;
#8039 = CARTESIAN_POINT ( 'NONE',  ( 0.000000000000000000, 8.000000000000000000, 0.000000000000000000 ) ) ;
#8040 = CARTESIAN_POINT ( 'NONE',  ( -1.777088338804396983, 13.50000000000000178, 5.445643595929330338 ) ) ;
#8041 = DIRECTION ( 'NONE',  ( 0.7071067811865475727, 0.000000000000000000, -0.7071067811865475727 ) ) ;
#8042 = LINE ( 'NONE', #2896, #6907 ) ;
#8043 = EDGE_CURVE ( 'NONE', #5381, #7920, #7239, .T. ) ;
#8044 = EDGE_CURVE ( 'NONE', #544, #4172, #2398, .T. ) ;
#8045 = CIRCLE ( 'NONE', #5200, 10.99999999999999822 ) ;
#8046 = CARTESIAN_POINT ( 'NONE',  ( -12.95939174259949844, 5.866954954446399029, -12.95939174259949489 ) ) ;
#8047 = ORIENTED_EDGE ( 'NONE', *, *, #6273, .F. ) ;
#8048 = CARTESIAN_POINT ( 'NONE',  ( -8.480487417368529179, 0.000000000000000000, -4.281510617043308820 ) ) ;
#8049 = ORIENTED_EDGE ( 'NONE', *, *, #3853, .T. ) ;
#8050 = CARTESIAN_POINT ( 'NONE',  ( 9.731284662494513071, 17.50000000000000000, 8.237997257677312390 ) ) ;
#8051 = VECTOR ( 'NONE', #1578, 1000.000000000000000 ) ;
#8052 = ORIENTED_EDGE ( 'NONE', *, *, #37, .F. ) ;
#8053 = DIRECTION ( 'NONE',  ( -0.000000000000000000, -1.000000000000000000, 0.000000000000000000 ) ) ;
#8054 = AXIS2_PLACEMENT_3D ( 'NONE', #1365, #777, #3885 ) ;
#8055 = FACE_BOUND ( 'NONE', #1566, .T. ) ;
#8056 = APPROVAL ( #3315, 'æœª' ) ;
#8057 = TOROIDAL_SURFACE ( 'NONE', #250, 2.807039166088962645, 0.5999999999999983125 ) ;
#8058 = ORIENTED_EDGE ( 'NONE', *, *, #3959, .F. ) ;
#8059 = DIRECTION ( 'NONE',  ( 0.000000000000000000, 1.000000000000000000, -0.000000000000000000 ) ) ;
#8060 = VERTEX_POINT ( 'NONE', #3160 ) ;
#8061 = VERTEX_POINT ( 'NONE', #7666 ) ;
#8062 = VERTEX_POINT ( 'NONE', #5050 ) ;
#8063 = DIRECTION ( 'NONE',  ( -0.000000000000000000, -1.000000000000000000, -0.000000000000000000 ) ) ;
#8064 = VECTOR ( 'NONE', #6806, 1000.000000000000000 ) ;
#8065 = LINE ( 'NONE', #5439, #6728 ) ;
#8066 = DIRECTION ( 'NONE',  ( 0.000000000000000000, 1.000000000000000000, 0.000000000000000000 ) ) ;
#8067 = MANIFOLD_SOLID_BREP ( '\X2\96355217\X0\(\X2\57065468\X0\)1[10]', #2703 ) ;
#8068 = CARTESIAN_POINT ( 'NONE',  ( -11.39156333879192928, 5.417892839593012155, -11.39156333879192751 ) ) ;
#8069 = CC_DESIGN_APPROVAL ( #5813, ( #5307 ) ) ;
#8070 = ORIENTED_EDGE ( 'NONE', *, *, #2508, .F. ) ;
#8071 = CARTESIAN_POINT ( 'NONE',  ( -3.830222215594929036, 16.00000000000000000, 3.213938048432649630 ) ) ;
#8072 = CARTESIAN_POINT ( 'NONE',  ( -7.070663706551974848, 8.000000000000000000, 8.426488874308724064 ) ) ;
#8073 = DIRECTION ( 'NONE',  ( -0.000000000000000000, -1.000000000000000000, -0.000000000000000000 ) ) ;
#8074 = FACE_BOUND ( 'NONE', #3584, .T. ) ;
#8075 = EDGE_CURVE ( 'NONE', #2779, #3531, #1194, .T. ) ;
#8076 = EDGE_CURVE ( 'NONE', #2310, #2608, #6452, .T. ) ;
#8077 = CARTESIAN_POINT ( 'NONE',  ( -1.705185765663822961, 4.078503662318323286, -11.87826295951019873 ) ) ;
#8078 = EDGE_CURVE ( 'NONE', #3804, #2776, #3909, .T. ) ;
#8079 = DIRECTION ( 'NONE',  ( 0.8660254037844328234, 0.000000000000000000, -0.5000000000000101030 ) ) ;
#8080 = APPROVAL_PERSON_ORGANIZATION ( #575, #6845, #1836 ) ;
#8081 = MANIFOLD_SOLID_BREP ( '\X2\96355217\X0\(\X2\57065468\X0\)1[1]', #689 ) ;
#8082 = DIRECTION ( 'NONE',  ( 0.8660254037844363761, 0.000000000000000000, -0.5000000000000039968 ) ) ;
#8083 = ORIENTED_EDGE ( 'NONE', *, *, #3852, .F. ) ;
#8084 = CALENDAR_DATE ( 2024, 28, 12 ) ;
#8085 = VECTOR ( 'NONE', #7950, 1000.000000000000000 ) ;
#8086 = ORIENTED_EDGE ( 'NONE', *, *, #7379, .F. ) ;
#8087 = CARTESIAN_POINT ( 'NONE',  ( 13.00950364264013359, 2.999999999999998224, 4.608333795188932491 ) ) ;
#8088 = CARTESIAN_POINT ( 'NONE',  ( 3.213938048432689598, 16.00000000000000000, -3.830222215594895729 ) ) ;
#8089 = CARTESIAN_POINT ( 'NONE',  ( -8.593287326970505902, 4.435569463351222375, -8.593287326970502349 ) ) ;
#8090 = VECTOR ( 'NONE', #7731, 1000.000000000000000 ) ;
#8091 = DIRECTION ( 'NONE',  ( -7.999791739217630834E-17, 1.000000000000000000, 7.999791739217577832E-17 ) ) ;
#8092 = EDGE_LOOP ( 'NONE', ( #1231, #31, #7979, #3789 ) ) ;
#8093 = DIRECTION ( 'NONE',  ( 0.000000000000000000, 1.000000000000000000, 0.000000000000000000 ) ) ;
#8094 = VERTEX_POINT ( 'NONE', #4504 ) ;
#8095 = ADVANCED_FACE ( 'NONE', ( #7067, #3950 ), #6474, .T. ) ;
#8096 = CARTESIAN_POINT ( 'NONE',  ( 5.388445916248353027E-16, 18.90000000000000213, -4.399999999999999467 ) ) ;
#8097 = EDGE_CURVE ( 'NONE', #2782, #5630, #674, .T. ) ;
#8098 = CARTESIAN_POINT ( 'NONE',  ( 0.000000000000000000, 8.000000000000000000, 0.000000000000000000 ) ) ;
#8099 = VECTOR ( 'NONE', #608, 1000.000000000000000 ) ;
#8100 = CLOSED_SHELL ( 'NONE', ( #5823, #7702, #3099, #414, #2727, #431, #4433, #3901 ) ) ;
#8101 = CARTESIAN_POINT ( 'NONE',  ( 1.747406918793304342, 5.023891962015796686, 11.87220925787385717 ) ) ;
#8102 = ORIENTED_EDGE ( 'NONE', *, *, #5192, .F. ) ;
#8103 = AXIS2_PLACEMENT_3D ( 'NONE', #479, #1778, #7018 ) ;
#8104 = CARTESIAN_POINT ( 'NONE',  ( 0.000000000000000000, 16.00000000000000000, 0.000000000000000000 ) ) ;
#8105 = EDGE_LOOP ( 'NONE', ( #6184, #2363, #2962, #509 ) ) ;
#8106 = ORIENTED_EDGE ( 'NONE', *, *, #7848, .T. ) ;
#8107 = ORIENTED_EDGE ( 'NONE', *, *, #1790, .T. ) ;
#8108 = CC_DESIGN_DATE_AND_TIME_ASSIGNMENT ( #1711, #1077, ( #405 ) ) ;
#8109 = DIRECTION ( 'NONE',  ( 0.000000000000000000, 0.000000000000000000, 1.000000000000000000 ) ) ;
#8110 = LINE ( 'NONE', #6654, #4980 ) ;
#8111 = CARTESIAN_POINT ( 'NONE',  ( -8.480487417368529179, 16.00100000000000122, -4.281510617043308820 ) ) ;
#8112 = CIRCLE ( 'NONE', #2983, 11.00000000000000000 ) ;
#8113 = DIRECTION ( 'NONE',  ( 0.000000000000000000, 0.000000000000000000, -1.000000000000000000 ) ) ;
#8114 = ORIENTED_EDGE ( 'NONE', *, *, #7839, .F. ) ;
#8115 = AXIS2_PLACEMENT_3D ( 'NONE', #5256, #6007, #7877 ) ;
#8116 = CARTESIAN_POINT ( 'NONE',  ( 11.88808833175173163, 4.500000000000001776, -1.635040004546794545 ) ) ;
#8117 = CARTESIAN_POINT ( 'NONE',  ( 0.000000000000000000, 13.50000000000000178, 0.000000000000000000 ) ) ;
#8118 = LINE ( 'NONE', #6789, #3665 ) ;
#8119 = CARTESIAN_POINT ( 'NONE',  ( 3.174977546781597493, 2.999999999999996891, -11.57436889566469240 ) ) ;
#8120 = FACE_OUTER_BOUND ( 'NONE', #2484, .T. ) ;
#8121 = CARTESIAN_POINT ( 'NONE',  ( -9.017551395682435356, 4.435569463351222375, -8.169023258258571119 ) ) ;
#8122 = ADVANCED_FACE ( 'NONE', ( #42 ), #3788, .F. ) ;
#8123 = AXIS2_PLACEMENT_3D ( 'NONE', #6090, #1051, #6258 ) ;
#8124 = ORIENTED_EDGE ( 'NONE', *, *, #4710, .T. ) ;
#8125 = EDGE_CURVE ( 'NONE', #2371, #3036, #1868, .T. ) ;
#8126 = CARTESIAN_POINT ( 'NONE',  ( -3.762221576582472249, 16.00000000000000000, 10.33661882864494963 ) ) ;
#8127 = APPROVAL_ROLE ( '' ) ;
#8128 = AXIS2_PLACEMENT_3D ( 'NONE', #3183, #536, #6878 ) ;
#8129 = ORIENTED_EDGE ( 'NONE', *, *, #1774, .T. ) ;
#8130 = CARTESIAN_POINT ( 'NONE',  ( 12.93653194863397182, 2.999999999999985789, 4.804803964988854759 ) ) ;
#8131 = DIRECTION ( 'NONE',  ( -0.8660254037844432595, 0.000000000000000000, -0.4999999999999920064 ) ) ;
#8132 = DIRECTION ( 'NONE',  ( 0.000000000000000000, -1.000000000000000000, -0.000000000000000000 ) ) ;
#8133 = TOROIDAL_SURFACE ( 'NONE', #7303, 1.400000000000000133, 0.1000000000000000056 ) ;
#8134 = EDGE_CURVE ( 'NONE', #1712, #4762, #2810, .T. ) ;
#8135 = EDGE_CURVE ( 'NONE', #2190, #3531, #2778, .T. ) ;
#8136 = DIRECTION ( 'NONE',  ( 0.8660254037844328234, 0.000000000000000000, 0.5000000000000102141 ) ) ;
#8137 = ORIENTED_EDGE ( 'NONE', *, *, #6602, .F. ) ;
#8138 = DIRECTION ( 'NONE',  ( 0.8294259869447374589, -0.000000000000000000, -0.5586166236165444055 ) ) ;
#8139 = ORIENTED_EDGE ( 'NONE', *, *, #4015, .T. ) ;
#8140 = CYLINDRICAL_SURFACE ( 'NONE', #6207, 11.69999999999999574 ) ;
#8141 = B_SPLINE_CURVE_WITH_KNOTS ( 'NONE', 3,
 ( #64, #7172, #6577, #1491, #4526, #820, #3931, #3391, #6494, #7089, #5985, #778, #2757, #1328, #3888, #2716, #6454, #5819, #2632, #1999, #5317, #1407, #5195, #7899 ),
 .UNSPECIFIED., .F., .F.,
 ( 4, 2, 2, 2, 2, 2, 2, 2, 2, 2, 2, 4 ),
 ( 0.002470875822172924775, 0.003112234140884012970, 0.003753592459595100732, 0.004394950778306190228, 0.004715629937661735410, 0.005036309097017280592, 0.005356988256372826641, 0.005677667415728372691, 0.006319025734439463922, 0.006960384053150553418, 0.007281063212506098600, 0.007601742371861643782 ),
 .UNSPECIFIED. ) ;
#8142 = CARTESIAN_POINT ( 'NONE',  ( 12.93653194863401623, 6.000000000000000888, -4.804803964988718867 ) ) ;
#8143 = TOROIDAL_SURFACE ( 'NONE', #3684, 1.837044042515924236, 0.5999999999999983125 ) ;
#8144 = DIRECTION ( 'NONE',  ( 0.000000000000000000, 1.000000000000000000, 0.000000000000000000 ) ) ;
#8145 = VECTOR ( 'NONE', #293, 1000.000000000000114 ) ;
#8146 = EDGE_CURVE ( 'NONE', #6941, #5215, #5086, .T. ) ;
#8147 = ORIENTED_EDGE ( 'NONE', *, *, #6102, .T. ) ;
#8148 = DIRECTION ( 'NONE',  ( 0.000000000000000000, 1.000000000000000000, 0.000000000000000000 ) ) ;
#8149 = VERTEX_POINT ( 'NONE', #6005 ) ;
#8150 = ORIENTED_EDGE ( 'NONE', *, *, #8337, .F. ) ;
#8151 = ORIENTED_EDGE ( 'NONE', *, *, #5262, .F. ) ;
#8152 = DIRECTION ( 'NONE',  ( -0.1736481776669272226, 0.000000000000000000, 0.9848077530122086864 ) ) ;
#8153 = CARTESIAN_POINT ( 'NONE',  ( 5.499999999999944045, 16.00000000000000000, 9.526279441628856759 ) ) ;
#8154 = CARTESIAN_POINT ( 'NONE',  ( 0.000000000000000000, 0.000000000000000000, 0.000000000000000000 ) ) ;
#8155 = ADVANCED_FACE ( 'NONE', ( #4751 ), #4035, .F. ) ;
#8156 = CARTESIAN_POINT ( 'NONE',  ( -3.830222215594861535, 8.000000000000000000, -3.213938048432730454 ) ) ;
#8157 = AXIS2_PLACEMENT_3D ( 'NONE', #2627, #2029, #3300 ) ;
#8158 = ORIENTED_EDGE ( 'NONE', *, *, #6061, .T. ) ;
#8159 = CARTESIAN_POINT ( 'NONE',  ( -8.480487417368529179, 2.000000000000000000, -4.281510617043308820 ) ) ;
#8160 = CARTESIAN_POINT ( 'NONE',  ( 9.500000000000000000, 2.000000000000000000, 1.249999999999993339 ) ) ;
#8161 = CYLINDRICAL_SURFACE ( 'NONE', #6352, 11.00000000000000178 ) ;
#8162 = CARTESIAN_POINT ( 'NONE',  ( 4.412072388826913993, 3.035870599545686055, -13.07718764993903093 ) ) ;
#8163 = LINE ( 'NONE', #368, #1546 ) ;
#8164 = EDGE_LOOP ( 'NONE', ( #2931, #5505, #4128, #4664 ) ) ;
#8165 = DIRECTION ( 'NONE',  ( -0.000000000000000000, -1.000000000000000000, -0.000000000000000000 ) ) ;
#8166 = PERSON_AND_ORGANIZATION ( #3572, #663 ) ;
#8167 = VERTEX_POINT ( 'NONE', #121 ) ;
#8168 = CARTESIAN_POINT ( 'NONE',  ( 13.38340197477529081, 5.193957212787937650, 3.365533109488967778 ) ) ;
#8169 = CIRCLE ( 'NONE', #1430, 4.500000000000000000 ) ;
#8170 = DIRECTION ( 'NONE',  ( 0.000000000000000000, -1.000000000000000000, 0.000000000000000000 ) ) ;
#8171 = CARTESIAN_POINT ( 'NONE',  ( 0.000000000000000000, -8.999999999999998224, 0.000000000000000000 ) ) ;
#8172 = AXIS2_PLACEMENT_3D ( 'NONE', #5591, #5045, #1814 ) ;
#8173 = VECTOR ( 'NONE', #2024, 1000.000000000000000 ) ;
#8174 = PLANE ( 'NONE',  #1447 ) ;
#8175 = VERTEX_POINT ( 'NONE', #4795 ) ;
#8176 = DIRECTION ( 'NONE',  ( -0.000000000000000000, -1.000000000000000000, -0.000000000000000000 ) ) ;
#8177 = ORIENTED_EDGE ( 'NONE', *, *, #3177, .T. ) ;
#8178 = CARTESIAN_POINT ( 'NONE',  ( -2.268672570207835637, 17.50000000000000000, -12.54653835801678419 ) ) ;
#8179 = LINE ( 'NONE', #4377, #945 ) ;
#8180 = CIRCLE ( 'NONE', #1046, 1.237044042515925923 ) ;
#8181 = ADVANCED_FACE ( 'NONE', ( #210 ), #8002, .F. ) ;
#8182 = ADVANCED_FACE ( 'NONE', ( #1590 ), #5962, .T. ) ;
#8183 = LINE ( 'NONE', #4421, #1843 ) ;
#8184 = ORIENTED_EDGE ( 'NONE', *, *, #7487, .F. ) ;
#8185 = CARTESIAN_POINT ( 'NONE',  ( 0.000000000000000000, 16.00000000000000000, 0.000000000000000000 ) ) ;
#8186 = ORIENTED_EDGE ( 'NONE', *, *, #413, .F. ) ;
#8187 = VECTOR ( 'NONE', #6846, 1000.000000000000000 ) ;
#8188 = EDGE_LOOP ( 'NONE', ( #6913, #433, #7792, #1048 ) ) ;
#8189 = ORIENTED_EDGE ( 'NONE', *, *, #5897, .F. ) ;
#8190 = CARTESIAN_POINT ( 'NONE',  ( -0.8682408883346373063, 16.00000000000000000, 4.924038765061042433 ) ) ;
#8191 = DIRECTION ( 'NONE',  ( -0.8660254037844361541, 0.000000000000000000, 0.5000000000000042188 ) ) ;
#8192 = DIRECTION ( 'NONE',  ( 0.000000000000000000, 1.000000000000000000, 0.000000000000000000 ) ) ;
#8193 = AXIS2_PLACEMENT_3D ( 'NONE', #4521, #97, #5273 ) ;
#8194 = DIRECTION ( 'NONE',  ( 0.000000000000000000, 1.000000000000000000, 0.000000000000000000 ) ) ;
#8195 = VERTEX_POINT ( 'NONE', #3365 ) ;
#8196 = CARTESIAN_POINT ( 'NONE',  ( 3.091507654588485199, 15.50000000000000000, 5.354648329735351098 ) ) ;
#8197 = VECTOR ( 'NONE', #4077, 1000.000000000000114 ) ;
#8198 = CARTESIAN_POINT ( 'NONE',  ( -18.92652416360246903, 4.500000000000001776, 8.673475836397532390 ) ) ;
#8199 = EDGE_CURVE ( 'NONE', #3289, #5373, #7512, .T. ) ;
#8200 = CARTESIAN_POINT ( 'NONE',  ( 2.972253712418570171, 5.956747310234800530, -11.62655960360934415 ) ) ;
#8201 = ADVANCED_FACE ( 'NONE', ( #5339 ), #928, .T. ) ;
#8202 = PRODUCT_DEFINITION_SHAPE ( 'NONE', 'NONE',  #4018 ) ;
#8203 = DIRECTION ( 'NONE',  ( 0.06906319355583273589, 0.000000000000000000, -0.9976122870613961524 ) ) ;
#8204 = CARTESIAN_POINT ( 'NONE',  ( -12.93653194863400202, 6.000000000000000000, -4.804803964988765053 ) ) ;
#8205 = ADVANCED_FACE ( 'NONE', ( #4626 ), #7919, .F. ) ;
#8206 = ORIENTED_EDGE ( 'NONE', *, *, #6111, .T. ) ;
#8207 = CARTESIAN_POINT ( 'NONE',  ( -10.83288528313431520, 16.00000000000000000, 1.910129954336087454 ) ) ;
#8208 = PERSON_AND_ORGANIZATION ( #3572, #663 ) ;
#8209 = ORIENTED_EDGE ( 'NONE', *, *, #4874, .T. ) ;
#8210 = DIRECTION ( 'NONE',  ( 0.000000000000000000, 0.000000000000000000, 1.000000000000000000 ) ) ;
#8211 = CARTESIAN_POINT ( 'NONE',  ( -4.924038765061034439, 16.00000000000000000, -0.8682408883346889317 ) ) ;
#8212 = CARTESIAN_POINT ( 'NONE',  ( -10.22064056552076572, 5.807922835303304332, -11.91769684036849242 ) ) ;
#8213 = ADVANCED_FACE ( 'NONE', ( #166 ), #4707, .T. ) ;
#8214 = DIRECTION ( 'NONE',  ( -0.7071067811865474617, -0.000000000000000000, 0.7071067811865476838 ) ) ;
#8215 = CARTESIAN_POINT ( 'NONE',  ( 0.000000000000000000, 2.000000000000000000, -8.000000000000000000 ) ) ;
#8216 = CIRCLE ( 'NONE', #6715, 0.7999999999999933831 ) ;
#8217 = CARTESIAN_POINT ( 'NONE',  ( -11.09555992249988776, 13.50000000000000178, -3.866658765163317302 ) ) ;
#8218 = EDGE_LOOP ( 'NONE', ( #8189, #944, #1137, #5938 ) ) ;
#8219 = DIRECTION ( 'NONE',  ( 1.776356839400250465E-15, 0.000000000000000000, 1.000000000000000000 ) ) ;
#8220 = EDGE_LOOP ( 'NONE', ( #650, #2060, #92, #6877 ) ) ;
#8221 = FACE_OUTER_BOUND ( 'NONE', #39, .T. ) ;
#8222 = CARTESIAN_POINT ( 'NONE',  ( 0.000000000000000000, 16.00000000000000000, 0.000000000000000000 ) ) ;
#8223 = DIRECTION ( 'NONE',  ( -0.000000000000000000, -1.000000000000000000, -0.000000000000000000 ) ) ;
#8224 = EDGE_CURVE ( 'NONE', #6304, #2402, #1509, .T. ) ;
#8225 = VECTOR ( 'NONE', #2758, 1000.000000000000000 ) ;
#8226 = ORIENTED_EDGE ( 'NONE', *, *, #1216, .T. ) ;
#8227 = CARTESIAN_POINT ( 'NONE',  ( -5.604609863433041461, 17.50000000000000000, 1.183818151790956730 ) ) ;
#8228 = ORIENTED_EDGE ( 'NONE', *, *, #8032, .T. ) ;
#8229 = EDGE_CURVE ( 'NONE', #7022, #6044, #2182, .T. ) ;
#8230 = AXIS2_PLACEMENT_3D ( 'NONE', #5851, #5229, #2626 ) ;
#8231 = ORIENTED_EDGE ( 'NONE', *, *, #2625, .F. ) ;
#8232 = VERTEX_POINT ( 'NONE', #884 ) ;
#8233 = CARTESIAN_POINT ( 'NONE',  ( -5.604609863433041461, 13.50000000000000178, 1.183818151790957174 ) ) ;
#8234 = DIRECTION ( 'NONE',  ( 0.000000000000000000, -1.000000000000000000, 0.000000000000000000 ) ) ;
#8235 = CIRCLE ( 'NONE', #7276, 1.249999999999987121 ) ;
#8236 = DESIGN_CONTEXT ( 'detailed design', #6604, 'design' ) ;
#8237 = CARTESIAN_POINT ( 'NONE',  ( -2.199155242852662617, 0.000000000000000000, 11.54236614467907529 ) ) ;
#8238 = ORIENTED_EDGE ( 'NONE', *, *, #1545, .F. ) ;
#8239 = ORIENTED_EDGE ( 'NONE', *, *, #5803, .F. ) ;
#8240 = DIRECTION ( 'NONE',  ( -0.9848077530122066880, 0.000000000000000000, -0.1736481776669375476 ) ) ;
#8241 = VECTOR ( 'NONE', #6788, 1000.000000000000000 ) ;
#8242 = CARTESIAN_POINT ( 'NONE',  ( 0.000000000000000000, 16.00000000000000000, 0.000000000000000000 ) ) ;
#8243 = DIRECTION ( 'NONE',  ( 0.000000000000000000, 1.000000000000000000, 0.000000000000000000 ) ) ;
#8244 = CYLINDRICAL_SURFACE ( 'NONE', #3030, 1.249999999999993339 ) ;
#8245 = CIRCLE ( 'NONE', #1643, 5.000000000000000000 ) ;
#8246 = ADVANCED_FACE ( 'NONE', ( #1425 ), #3991, .F. ) ;
#8247 = ORIENTED_EDGE ( 'NONE', *, *, #1916, .F. ) ;
#8248 = CARTESIAN_POINT ( 'NONE',  ( 3.622076823593964434, 3.480850409101180709, 13.31642489374797300 ) ) ;
#8249 = ITEM_DEFINED_TRANSFORMATION ( 'NONE', 'NONE', #6434,  #7789 ) ;
#8250 = ORIENTED_EDGE ( 'NONE', *, *, #2498, .T. ) ;
#8251 = CARTESIAN_POINT ( 'NONE',  ( 0.000000000000000000, 18.90000000000000213, 0.000000000000000000 ) ) ;
#8252 = CARTESIAN_POINT ( 'NONE',  ( 1.836970198721029688E-16, 7.999999999999998224, 1.499999999999999556 ) ) ;
#8253 = CARTESIAN_POINT ( 'NONE',  ( -11.54377415899865333, 6.000000000000026645, -3.279137510637876396 ) ) ;
#8254 = AXIS2_PLACEMENT_3D ( 'NONE', #8096, #1765, #3577 ) ;
#8255 = DIRECTION ( 'NONE',  ( -0.000000000000000000, -1.000000000000000000, -0.000000000000000000 ) ) ;
#8256 = EDGE_CURVE ( 'NONE', #7426, #4919, #7376, .T. ) ;
#8257 = DIRECTION ( 'NONE',  ( 0.000000000000000000, 0.000000000000000000, 1.000000000000000000 ) ) ;
#8258 = AXIS2_PLACEMENT_3D ( 'NONE', #3268, #190, #4014 ) ;
#8259 = DIRECTION ( 'NONE',  ( -1.000000000000000000, 0.000000000000000000, 3.154042683594197586E-15 ) ) ;
#8260 = EDGE_LOOP ( 'NONE', ( #5756, #7272, #6314, #7763 ) ) ;
#8261 = ADVANCED_FACE ( 'NONE', ( #3447 ), #841, .F. ) ;
#8262 = ORIENTED_EDGE ( 'NONE', *, *, #3976, .F. ) ;
#8263 = CARTESIAN_POINT ( 'NONE',  ( -13.41442773151992007, 4.083963685033093149, -3.239409476306173374 ) ) ;
#8264 = CARTESIAN_POINT ( 'NONE',  ( 6.516585068083168508, 0.000000000000000000, 3.290002895201689537 ) ) ;
#8265 = CARTESIAN_POINT ( 'NONE',  ( 1.836970198721029688E-16, 0.000000000000000000, 1.499999999999999778 ) ) ;
#8266 = AXIS2_PLACEMENT_3D ( 'NONE', #3720, #1870, #6992 ) ;
#8267 = VERTEX_POINT ( 'NONE', #5629 ) ;
#8268 = EDGE_CURVE ( 'NONE', #8292, #3787, #1459, .T. ) ;
#8269 = DIRECTION ( 'NONE',  ( 0.000000000000000000, 1.000000000000000000, 0.000000000000000000 ) ) ;
#8270 = ORIENTED_EDGE ( 'NONE', *, *, #7864, .F. ) ;
#8271 = DIRECTION ( 'NONE',  ( -7.999791739217630834E-17, 1.000000000000000000, 7.999791739217577832E-17 ) ) ;
#8272 = AXIS2_PLACEMENT_3D ( 'NONE', #5469, #5621, #2226 ) ;
#8273 = EDGE_CURVE ( 'NONE', #788, #8014, #427, .T. ) ;
#8274 = ORIENTED_EDGE ( 'NONE', *, *, #7151, .T. ) ;
#8275 = ORIENTED_EDGE ( 'NONE', *, *, #5035, .T. ) ;
#8276 = EDGE_CURVE ( 'NONE', #6055, #120, #1010, .T. ) ;
#8277 = FACE_OUTER_BOUND ( 'NONE', #4563, .T. ) ;
#8278 = DIRECTION ( 'NONE',  ( 0.000000000000000000, -1.000000000000000000, -0.000000000000000000 ) ) ;
#8279 = AXIS2_PLACEMENT_3D ( 'NONE', #1259, #2646, #3825 ) ;
#8280 = AXIS2_PLACEMENT_3D ( 'NONE', #127, #3207, #6433 ) ;
#8281 = DIRECTION ( 'NONE',  ( 1.000000000000000000, 7.228014483236694583E-17, 0.000000000000000000 ) ) ;
#8282 = VERTEX_POINT ( 'NONE', #2392 ) ;
#8283 = ORIENTED_EDGE ( 'NONE', *, *, #6742, .T. ) ;
#8284 = CIRCLE ( 'NONE', #194, 5.000000000000000000 ) ;
#8285 = CARTESIAN_POINT ( 'NONE',  ( -4.924038765061034439, 16.00000000000000000, -0.8682408883346889317 ) ) ;
#8286 = CARTESIAN_POINT ( 'NONE',  ( 2.869640288731196698, 5.930672549045240771, -11.65227581055638417 ) ) ;
#8287 = CARTESIAN_POINT ( 'NONE',  ( 8.480487417368529179, 16.00100000000000122, 4.281510617043308820 ) ) ;
#8288 = CYLINDRICAL_SURFACE ( 'NONE', #7195, 11.00000000000000000 ) ;
#8289 = EDGE_CURVE ( 'NONE', #4116, #2411, #3064, .T. ) ;
#8290 = EDGE_CURVE ( 'NONE', #8316, #4592, #4423, .T. ) ;
#8291 = AXIS2_PLACEMENT_3D ( 'NONE', #5411, #5492, #2207 ) ;
#8292 = VERTEX_POINT ( 'NONE', #2266 ) ;
#8293 = CARTESIAN_POINT ( 'NONE',  ( 3.416844856009508380, 5.295005426953803607, 13.37066080281944913 ) ) ;
#8294 = APPROVAL_DATE_TIME ( #5110, #6845 ) ;
#8295 = ORIENTED_EDGE ( 'NONE', *, *, #602, .F. ) ;
#8296 = CYLINDRICAL_SURFACE ( 'NONE', #1655, 1.317565283458833392 ) ;
#8297 = AXIS2_PLACEMENT_3D ( 'NONE', #5731, #6912, #569 ) ;
#8298 = LINE ( 'NONE', #2509, #2155 ) ;
#8299 = CARTESIAN_POINT ( 'NONE',  ( -11.09555992249987000, 15.50000000000000000, 3.866658765163369704 ) ) ;
#8301 = EDGE_CURVE ( 'NONE', #184, #5538, #2899, .T. ) ;
#8300 = DIRECTION ( 'NONE',  ( -1.000000000000000000, 0.000000000000000000, 3.154042683594197586E-15 ) ) ;
#8302 = AXIS2_PLACEMENT_3D ( 'NONE', #2490, #1822, #7029 ) ;
#8303 = DIRECTION ( 'NONE',  ( 0.000000000000000000, 1.000000000000000000, 0.000000000000000000 ) ) ;
#8304 = FACE_OUTER_BOUND ( 'NONE', #7636, .T. ) ;
#8305 = EDGE_LOOP ( 'NONE', ( #4214, #3940, #6779, #5474, #4621 ) ) ;
#8306 = CARTESIAN_POINT ( 'NONE',  ( -3.239218090929226523, 4.915813211523509807, -13.41447436959847295 ) ) ;
#8307 = EDGE_LOOP ( 'NONE', ( #6641, #4137, #5825, #3857, #7481 ) ) ;
#8308 = CARTESIAN_POINT ( 'NONE',  ( -13.40567564308725146, 3.986178951785804614, -3.275699974182630037 ) ) ;
#8309 = CARTESIAN_POINT ( 'NONE',  ( 1.910129954336199143, 16.00000000000000000, -10.83288528313429389 ) ) ;
#8310 = EDGE_CURVE ( 'NONE', #4153, #7830, #4956, .T. ) ;
#8311 = EDGE_CURVE ( 'NONE', #7265, #4535, #5546, .T. ) ;
#8312 = DIRECTION ( 'NONE',  ( -0.000000000000000000, 1.000000000000000000, -0.000000000000000000 ) ) ;
#8313 = CIRCLE ( 'NONE', #5060, 0.5999999999999983125 ) ;
#8314 = ORIENTED_EDGE ( 'NONE', *, *, #7779, .F. ) ;
#8315 = DIRECTION ( 'NONE',  ( 0.5000000000000071054, 0.000000000000000000, -0.8660254037844345998 ) ) ;
#8316 = VERTEX_POINT ( 'NONE', #464 ) ;
#8317 = DIRECTION ( 'NONE',  ( -0.8984891805005823517, 0.000000000000000000, -0.4389956634448590189 ) ) ;
#8318 = ORIENTED_EDGE ( 'NONE', *, *, #1835, .F. ) ;
#8319 = VECTOR ( 'NONE', #1517, 1000.000000000000000 ) ;
#8320 = ORIENTED_EDGE ( 'NONE', *, *, #263, .F. ) ;
#8321 = CARTESIAN_POINT ( 'NONE',  ( 2.199155242852715908, 13.50000000000000178, 11.54236614467906463 ) ) ;
#8322 = DIRECTION ( 'NONE',  ( 0.7071067811865475727, 0.000000000000000000, 0.7071067811865475727 ) ) ;
#8323 = CC_DESIGN_PERSON_AND_ORGANIZATION_ASSIGNMENT ( #4023, #5243, ( #5762 ) ) ;
#8324 = EDGE_CURVE ( 'NONE', #6063, #786, #6841, .T. ) ;
#8325 = CIRCLE ( 'NONE', #2789, 11.69999999999999574 ) ;
#8326 = CARTESIAN_POINT ( 'NONE',  ( 2.268672570207689532, 17.50000000000000000, -12.54653835801681083 ) ) ;
#8327 = VERTEX_POINT ( 'NONE', #6848 ) ;
#8328 = ORIENTED_EDGE ( 'NONE', *, *, #4173, .T. ) ;
#8329 = DIRECTION ( 'NONE',  ( 0.000000000000000000, 1.000000000000000000, 0.000000000000000000 ) ) ;
#8330 = CARTESIAN_POINT ( 'NONE',  ( 9.526279441628799916, 8.000000000000000000, 5.500000000000043521 ) ) ;
#8331 = VECTOR ( 'NONE', #5744, 1000.000000000000114 ) ;
#8332 = CARTESIAN_POINT ( 'NONE',  ( 9.526279441628837219, 16.00000000000000000, -5.499999999999977796 ) ) ;
#8333 = CARTESIAN_POINT ( 'NONE',  ( -4.698463103929552354, 16.00000000000000000, 1.710100716628313977 ) ) ;
#8334 = VERTEX_POINT ( 'NONE', #4372 ) ;
#8335 = CARTESIAN_POINT ( 'NONE',  ( 4.608333795188757520, 5.999999999999999112, 13.00950364264019754 ) ) ;
#8336 = EDGE_CURVE ( 'NONE', #6036, #6928, #3658, .T. ) ;
#8337 = EDGE_CURVE ( 'NONE', #1468, #4447, #4155, .T. ) ;
#8338 = DATE_AND_TIME ( #2422, #2279 ) ;
#8339 = ADVANCED_FACE ( 'NONE', ( #7530, #5587, #6766, #3618, #3575 ), #6171, .T. ) ;
#8340 = EDGE_LOOP ( 'NONE', ( #169, #958, #4706, #1826 ) ) ;
#8341 = CARTESIAN_POINT ( 'NONE',  ( -13.07711383815617090, 5.964315922429955563, 4.412335158583386985 ) ) ;
#8342 = DIRECTION ( 'NONE',  ( 0.000000000000000000, 0.000000000000000000, 1.000000000000000000 ) ) ;
#8343 = DIRECTION ( 'NONE',  ( 0.000000000000000000, 1.000000000000000000, 0.000000000000000000 ) ) ;
#8344 = AXIS2_PLACEMENT_3D ( 'NONE', #4267, #3552, #7383 ) ;
#8345 = LINE ( 'NONE', #2596, #895 ) ;
#8346 = CARTESIAN_POINT ( 'NONE',  ( 0.000000000000000000, 2.000000000000000000, 6.750000000000007105 ) ) ;
#8347 = ORIENTED_EDGE ( 'NONE', *, *, #5024, .F. ) ;
#8348 = DIRECTION ( 'NONE',  ( 0.000000000000000000, 0.000000000000000000, 1.000000000000000000 ) ) ;
#8349 = ORIENTED_EDGE ( 'NONE', *, *, #6318, .T. ) ;
#8350 = CARTESIAN_POINT ( 'NONE',  ( 0.000000000000000000, 8.000000000000000000, -5.000000000000000000 ) ) ;
#8351 = DIRECTION ( 'NONE',  ( 0.9396926207859056523, 0.000000000000000000, 0.3420201433256760959 ) ) ;
#8352 = CARTESIAN_POINT ( 'NONE',  ( -3.213938048432717132, 8.000000000000000000, 3.830222215594873081 ) ) ;
#8353 = LINE ( 'NONE', #2010, #1973 ) ;
#8354 = ORIENTED_EDGE ( 'NONE', *, *, #5389, .F. ) ;
#8355 = EDGE_CURVE ( 'NONE', #1551, #2954, #6163, .T. ) ;
#8356 = LINE ( 'NONE', #2566, #2111 ) ;
#8357 = CARTESIAN_POINT ( 'NONE',  ( -3.176014741925436091, 6.000000000000013323, -11.57406424202310014 ) ) ;
#8358 = NEXT_ASSEMBLY_USAGE_OCCURRENCE ( 'NAUO1', ' ', ' ', #5307, #4018, $ ) ;
#8359 = NEXT_ASSEMBLY_USAGE_OCCURRENCE ( 'NAUO2', ' ', ' ', #5307, #3969, $ ) ;
ENDSEC;
END-ISO-10303-21;
